Name,Start,End,Size
crt0_start,0x0010008C,0x00100218,396
thunk_FUN_00120f98,0x00100218,0x00100220,8
FUN_00100220,0x00100220,0x00100230,16
FUN_00100230,0x00100230,0x00100254,36
FUN_00100260,0x00100260,0x00100280,32
FUN_00100280,0x00100280,0x001002A4,36
FUN_001002b0,0x001002B0,0x001002D0,32
FUN_001002d0,0x001002D0,0x001002F0,32
FUN_001002f0,0x001002F0,0x00100314,36
FUN_00100320,0x00100320,0x00100328,8
FUN_00100330,0x00100330,0x00100440,272
thunk_FUN_00100d50,0x00100440,0x00100448,8
FUN_00100450,0x00100450,0x00100474,36
FUN_00100480,0x00100480,0x001004F4,116
FUN_00100500,0x00100500,0x00100624,292
FUN_00100630,0x00100630,0x00100774,324
FUN_00100780,0x00100780,0x0010079C,28
FUN_001007a0,0x001007A0,0x001007BC,28
FUN_001007bc,0x001007BC,0x001007E0,36
FUN_001007e0,0x001007E0,0x001007F4,20
FUN_00100800,0x00100800,0x0010084C,76
FUN_00100850,0x00100850,0x0010085C,12
FUN_00100860,0x00100860,0x0010087C,28
FUN_00100880,0x00100880,0x001008BC,60
FUN_001008bc,0x001008BC,0x001008E0,36
FUN_001008e0,0x001008E0,0x001008F4,20
FUN_00100900,0x00100900,0x00100960,96
FUN_00100960,0x00100960,0x0010096C,12
FUN_00100970,0x00100970,0x00100A28,184
gap_00100a28,0x00100A28,0x00100A34,12
FUN_00100a40,0x00100A40,0x00100CA0,608
FUN_00100ca0,0x00100CA0,0x00100CC4,36
FUN_00100cd0,0x00100CD0,0x00100CF4,36
FUN_00100d00,0x00100D00,0x00100D24,36
FUN_00100d30,0x00100D30,0x00100D4C,28
FUN_00100d50,0x00100D50,0x00100DA4,84
FUN_00100db0,0x00100DB0,0x00100DD4,36
FUN_00100de0,0x00100DE0,0x00100E58,120
FUN_00100e60,0x00100E60,0x00100E94,52
FUN_00100ea0,0x00100EA0,0x00100ED4,52
FUN_00100ee0,0x00100EE0,0x00100F7C,156
FUN_00100f80,0x00100F80,0x0010101C,156
FUN_00101020,0x00101020,0x00101058,56
FUN_00101060,0x00101060,0x001011F4,404
FUN_00101200,0x00101200,0x00101504,772
FUN_00101510,0x00101510,0x0010154C,60
FUN_0010154c,0x0010154C,0x001016E0,404
FUN_001016e0,0x001016E0,0x00101700,32
FUN_00101700,0x00101700,0x00101760,96
FUN_00101760,0x00101760,0x001018C8,360
FUN_001018d0,0x001018D0,0x00102104,2100
FUN_00102110,0x00102110,0x00102420,784
FUN_00102420,0x00102420,0x001025D8,440
gap_001025d8,0x001025D8,0x001025E8,16
FUN_001025f0,0x001025F0,0x001025FC,12
FUN_00102600,0x00102600,0x00102664,100
FUN_00102670,0x00102670,0x001026F0,128
FUN_001026f0,0x001026F0,0x00102748,88
FUN_00102750,0x00102750,0x00102770,32
FUN_00102770,0x00102770,0x00102778,8
FUN_00102780,0x00102780,0x00102834,180
FUN_00102840,0x00102840,0x001029C0,384
FUN_001029c0,0x001029C0,0x00102A48,136
FUN_00102a50,0x00102A50,0x00102B04,180
gap_00102b10,0x00102B10,0x00102B18,8
gap_00102b20,0x00102B20,0x00102B28,8
FUN_00102b30,0x00102B30,0x00102B7C,76
FUN_00102b80,0x00102B80,0x00102B88,8
FUN_00102b90,0x00102B90,0x00102C08,120
FUN_00102c10,0x00102C10,0x00102C60,80
FUN_00102c60,0x00102C60,0x00102CA0,64
FUN_00102ca0,0x00102CA0,0x00102DF4,340
FUN_00102df4,0x00102DF4,0x00102E30,60
FUN_00102e30,0x00102E30,0x00102E6C,60
FUN_00102e6c,0x00102E6C,0x00102EA8,60
FUN_00102ea8,0x00102EA8,0x00102F50,168
FUN_00102f50,0x00102F50,0x00102FB0,96
FUN_00102fb0,0x00102FB0,0x001030A4,244
FUN_001030b0,0x001030B0,0x00103148,152
FUN_00103150,0x00103150,0x001031E8,152
FUN_001031f0,0x001031F0,0x00103344,340
FUN_00103344,0x00103344,0x00103380,60
FUN_00103380,0x00103380,0x001033BC,60
FUN_001033bc,0x001033BC,0x001033F8,60
FUN_001033f8,0x001033F8,0x001034A0,168
FUN_001034a0,0x001034A0,0x00103500,96
FUN_00103500,0x00103500,0x001035F4,244
FUN_00103600,0x00103600,0x00103698,152
FUN_001036a0,0x001036A0,0x00103738,152
FUN_00103740,0x00103740,0x001037A0,96
FUN_001037a0,0x001037A0,0x001037EC,76
FUN_001037f0,0x001037F0,0x00103850,96
FUN_00103850,0x00103850,0x0010389C,76
gap_001038a0,0x001038A0,0x001038B0,16
gap_001038b0,0x001038B0,0x001038C0,16
gap_001038c0,0x001038C0,0x001038C8,8
gap_001038d0,0x001038D0,0x001038D8,8
gap_001038e0,0x001038E0,0x001038E8,8
gap_001038f0,0x001038F0,0x001038F8,8
gap_00103900,0x00103900,0x00103908,8
FUN_00103910,0x00103910,0x00103960,80
gap_00103960,0x00103960,0x00103968,8
gap_00103970,0x00103970,0x00103978,8
FUN_00103980,0x00103980,0x00103AA0,288
gap_00103aa0,0x00103AA0,0x00103AB0,16
FUN_00103ab0,0x00103AB0,0x00103BC8,280
gap_00103bc8,0x00103BC8,0x00103BD8,16
gap_00103be0,0x00103BE0,0x00103BF0,16
gap_00103bf0,0x00103BF0,0x00103C00,16
gap_00103c00,0x00103C00,0x00103C08,8
FUN_00103c10,0x00103C10,0x00103DF0,480
gap_00103df0,0x00103DF0,0x00103DF8,8
FUN_00103e00,0x00103E00,0x00103E50,80
gap_00103e50,0x00103E50,0x00103E58,8
FUN_00103e60,0x00103E60,0x00104030,464
gap_00104030,0x00104030,0x00104040,16
gap_00104040,0x00104040,0x00104050,16
gap_00104050,0x00104050,0x00104060,16
FUN_00104060,0x00104060,0x0010410C,172
FUN_00104110,0x00104110,0x001041BC,172
FUN_001041c0,0x001041C0,0x00104318,344
FUN_00104318,0x00104318,0x0010436C,84
FUN_0010436c,0x0010436C,0x00104390,36
FUN_00104390,0x00104390,0x00104438,168
FUN_00104440,0x00104440,0x00104598,344
FUN_00104598,0x00104598,0x001045EC,84
FUN_001045ec,0x001045EC,0x00104610,36
FUN_00104610,0x00104610,0x001046B8,168
FUN_001046c0,0x001046C0,0x00104778,184
FUN_00104780,0x00104780,0x00104890,272
FUN_00104890,0x00104890,0x00104A00,368
FUN_00104a00,0x00104A00,0x00104DF0,1008
FUN_00104df0,0x00104DF0,0x00104EB0,192
FUN_00104eb0,0x00104EB0,0x00104FD4,292
FUN_00104fe0,0x00104FE0,0x00105160,384
gap_00105160,0x00105160,0x00105178,24
FUN_00105180,0x00105180,0x001051D0,80
FUN_001051d0,0x001051D0,0x00105288,184
FUN_00105290,0x00105290,0x001053A0,272
FUN_001053a0,0x001053A0,0x00105520,384
FUN_00105520,0x00105520,0x00105980,1120
FUN_00105980,0x00105980,0x00105A40,192
FUN_00105a40,0x00105A40,0x00105B64,292
FUN_00105b70,0x00105B70,0x00105D00,400
gap_00105d00,0x00105D00,0x00105D28,40
FUN_00105d30,0x00105D30,0x00105D80,80
FUN_00105d80,0x00105D80,0x00105E28,168
FUN_00105e30,0x00105E30,0x00105F44,276
FUN_00105f50,0x00105F50,0x0010607C,300
FUN_00106080,0x00106080,0x00106128,168
FUN_00106130,0x00106130,0x00106244,276
FUN_00106250,0x00106250,0x0010637C,300
FUN_00106380,0x00106380,0x001063E0,96
FUN_001063e0,0x001063E0,0x00106634,596
FUN_001064c4,0x001064C4,0x00106518,84
FUN_001065ac,0x001065AC,0x00106600,84
FUN_00106634,0x00106634,0x00106654,32
FUN_00106660,0x00106660,0x001066C0,96
FUN_001066c0,0x001066C0,0x00106914,596
FUN_001067a4,0x001067A4,0x001067F8,84
FUN_0010688c,0x0010688C,0x001068E0,84
FUN_00106914,0x00106914,0x00106934,32
FUN_00106940,0x00106940,0x00106950,16
FUN_00106950,0x00106950,0x00106960,16
FUN_00106960,0x00106960,0x00106970,16
FUN_00106970,0x00106970,0x00106980,16
FUN_00106980,0x00106980,0x00106BE8,616
gap_00106be8,0x00106BE8,0x00106BF4,12
FUN_00106c00,0x00106C00,0x00106C90,144
FUN_00106c90,0x00106C90,0x00106F74,740
FUN_00106f80,0x00106F80,0x00106FEC,108
FUN_00106ff0,0x00106FF0,0x00107038,72
FUN_00107040,0x00107040,0x00107084,68
FUN_00107090,0x00107090,0x001070F8,104
FUN_00107100,0x00107100,0x0010755C,1116
FUN_00107560,0x00107560,0x001075E8,136
FUN_001075f0,0x001075F0,0x00107688,152
FUN_00107690,0x00107690,0x00107728,152
FUN_00107730,0x00107730,0x001077B4,132
FUN_001077c0,0x001077C0,0x00107B90,976
FUN_00107b90,0x00107B90,0x00107C04,116
FUN_00107c10,0x00107C10,0x00107C84,116
FUN_00107c90,0x00107C90,0x00107D28,152
FUN_00107d30,0x00107D30,0x00107DA0,112
FUN_00107da0,0x00107DA0,0x00107E64,196
FUN_00107e70,0x00107E70,0x00107F04,148
FUN_00107f10,0x00107F10,0x00107F18,8
FUN_00107f20,0x00107F20,0x0010808C,364
FUN_00108090,0x00108090,0x001080DC,76
FUN_001080e0,0x001080E0,0x001082D4,500
FUN_001082d4,0x001082D4,0x00108344,112
FUN_00108344,0x00108344,0x0010836C,40
gap_0010836c,0x0010836C,0x00108394,40
FUN_00108398,0x00108398,0x00108528,400
FUN_00108528,0x00108528,0x00108534,12
FUN_00108538,0x00108538,0x001085A0,104
FUN_001085a0,0x001085A0,0x00108640,160
FUN_00108640,0x00108640,0x00108650,16
FUN_00108650,0x00108650,0x001089C4,884
FUN_001089c8,0x001089C8,0x00108A84,188
FUN_00108a88,0x00108A88,0x00108B50,200
FUN_00108b50,0x00108B50,0x00108D34,484
FUN_00108d38,0x00108D38,0x00108E3C,260
FUN_00108e40,0x00108E40,0x00108F28,232
FUN_00108f28,0x00108F28,0x001091C0,664
FUN_001091c0,0x001091C0,0x0010921C,92
FUN_00109220,0x00109220,0x001092B4,148
FUN_001092b8,0x001092B8,0x001095CC,788
FUN_001095d0,0x001095D0,0x00109710,320
FUN_00109710,0x00109710,0x00109D9C,1676
FUN_00109da0,0x00109DA0,0x00109E40,160
FUN_00109e40,0x00109E40,0x00109EB0,112
FUN_00109eb0,0x00109EB0,0x00109F34,132
FUN_00109f38,0x00109F38,0x00109F60,40
FUN_00109f60,0x00109F60,0x00109F94,52
FUN_00109f98,0x00109F98,0x00109FC0,40
FUN_00109fc0,0x00109FC0,0x0010A09C,220
FUN_0010a0a0,0x0010A0A0,0x0010A278,472
FUN_0010a278,0x0010A278,0x0010A2B0,56
FUN_0010a2b0,0x0010A2B0,0x0010A2C4,20
FUN_0010a2c8,0x0010A2C8,0x0010A330,104
FUN_0010a330,0x0010A330,0x0010A3A4,116
FUN_0010a3a8,0x0010A3A8,0x0010A41C,116
FUN_0010a420,0x0010A420,0x0010A468,72
FUN_0010a468,0x0010A468,0x0010A4E4,124
FUN_0010a4e8,0x0010A4E8,0x0010A568,128
FUN_0010a568,0x0010A568,0x0010A5A0,56
FUN_0010a5a0,0x0010A5A0,0x0010A5D4,52
FUN_0010a5d8,0x0010A5D8,0x0010A670,152
FUN_0010a670,0x0010A670,0x0010A684,20
FUN_0010a688,0x0010A688,0x0010A698,16
FUN_0010a698,0x0010A698,0x0010A6A8,16
FUN_0010a6a8,0x0010A6A8,0x0010A700,88
FUN_0010a700,0x0010A700,0x0010A774,116
FUN_0010a778,0x0010A778,0x0010A810,152
FUN_0010a810,0x0010A810,0x0010A884,116
FUN_0010a888,0x0010A888,0x0010A89C,20
FUN_0010a8a0,0x0010A8A0,0x0010A8B8,24
FUN_0010a8b8,0x0010A8B8,0x0010A95C,164
FUN_0010a960,0x0010A960,0x0010A984,36
FUN_0010a988,0x0010A988,0x0010AB48,448
FUN_0010ab48,0x0010AB48,0x0010AB74,44
FUN_0010ab78,0x0010AB78,0x0010ABBC,68
FUN_0010abc0,0x0010ABC0,0x0010ABDC,28
FUN_0010abe0,0x0010ABE0,0x0010AC04,36
FUN_0010ac08,0x0010AC08,0x0010AC44,60
FUN_0010ac48,0x0010AC48,0x0010AC8C,68
FUN_0010ac90,0x0010AC90,0x0010ACFC,108
FUN_0010ad00,0x0010AD00,0x0010AD20,32
FUN_0010ad20,0x0010AD20,0x0010AD40,32
FUN_0010ad40,0x0010AD40,0x0010AD68,40
FUN_0010ad68,0x0010AD68,0x0010AD7C,20
FUN_0010ad80,0x0010AD80,0x0010AD94,20
FUN_0010ad98,0x0010AD98,0x0010ADAC,20
FUN_0010adb0,0x0010ADB0,0x0010ADC8,24
FUN_0010adc8,0x0010ADC8,0x0010ADF4,44
FUN_0010adf8,0x0010ADF8,0x0010AE04,12
FUN_0010ae08,0x0010AE08,0x0010AE2C,36
FUN_0010ae30,0x0010AE30,0x0010AE40,16
FUN_0010ae40,0x0010AE40,0x0010AE50,16
FUN_0010ae50,0x0010AE50,0x0010AE60,16
FUN_0010ae60,0x0010AE60,0x0010AE70,16
FUN_0010ae70,0x0010AE70,0x0010AE98,40
FUN_0010ae98,0x0010AE98,0x0010AF0C,116
FUN_0010af10,0x0010AF10,0x0010AFB4,164
FUN_0010afb8,0x0010AFB8,0x0010B060,168
FUN_0010b060,0x0010B060,0x0010B108,168
FUN_0010b108,0x0010B108,0x0010B158,80
FUN_0010b158,0x0010B158,0x0010B17C,36
FUN_0010b180,0x0010B180,0x0010B230,176
FUN_0010b230,0x0010B230,0x0010B2F0,192
FUN_0010b2f0,0x0010B2F0,0x0010B358,104
FUN_0010b358,0x0010B358,0x0010B45C,260
FUN_0010b460,0x0010B460,0x0010B5F0,400
FUN_0010b5f0,0x0010B5F0,0x0010B648,88
FUN_0010b648,0x0010B648,0x0010B68C,68
FUN_0010b690,0x0010B690,0x0010B6AC,28
FUN_0010b6b0,0x0010B6B0,0x0010B6DC,44
FUN_0010b6e0,0x0010B6E0,0x0010B6F8,24
FUN_0010b6f8,0x0010B6F8,0x0010B740,72
FUN_0010b740,0x0010B740,0x0010B7A0,96
FUN_0010b7a0,0x0010B7A0,0x0010B82C,140
FUN_0010b830,0x0010B830,0x0010B88C,92
FUN_0010b890,0x0010B890,0x0010BA14,388
FUN_0010ba18,0x0010BA18,0x0010C11C,1796
FUN_0010c120,0x0010C120,0x0010C370,592
FUN_0010c370,0x0010C370,0x0010C7F8,1160
FUN_0010c7f8,0x0010C7F8,0x0010CA14,540
FUN_0010ca18,0x0010CA18,0x0010CC58,576
FUN_0010cc58,0x0010CC58,0x0010CF84,812
FUN_0010cf88,0x0010CF88,0x0010D3B0,1064
FUN_0010d3b0,0x0010D3B0,0x0010D54C,412
FUN_0010d550,0x0010D550,0x0010DAA8,1368
FUN_0010daa8,0x0010DAA8,0x0010DC20,376
FUN_0010dc20,0x0010DC20,0x0010DD88,360
FUN_0010dd88,0x0010DD88,0x0010DF08,384
FUN_0010df08,0x0010DF08,0x0010DFF0,232
FUN_0010dff0,0x0010DFF0,0x0010E07C,140
FUN_0010e080,0x0010E080,0x0010E114,148
FUN_0010e118,0x0010E118,0x0010E14C,52
thunk_FUN_0010e080,0x0010E150,0x0010E158,8
FUN_0010e158,0x0010E158,0x0010E214,188
FUN_0010e218,0x0010E218,0x0010E304,236
FUN_0010e308,0x0010E308,0x0010E3C8,192
FUN_0010e3c8,0x0010E3C8,0x0010E544,380
gap_0010e548,0x0010E548,0x0010E5BC,116
gap_0010e5c0,0x0010E5C0,0x0010E654,148
gap_0010e658,0x0010E658,0x0010E70C,180
gap_0010e710,0x0010E710,0x0010E7DC,204
gap_0010e7e0,0x0010E7E0,0x0010E88C,172
gap_0010e890,0x0010E890,0x0010E948,184
gap_0010e948,0x0010E948,0x0010EA40,248
gap_0010ea40,0x0010EA40,0x0010EB3C,252
gap_0010eb40,0x0010EB40,0x0010EBDC,156
gap_0010ebe0,0x0010EBE0,0x0010EC8C,172
gap_0010ec90,0x0010EC90,0x0010ED6C,220
gap_0010ed70,0x0010ED70,0x0010EE54,228
gap_0010ee58,0x0010EE58,0x0010EF2C,212
gap_0010ef30,0x0010EF30,0x0010F000,208
gap_0010f000,0x0010F000,0x0010F120,288
gap_0010f120,0x0010F120,0x0010F234,276
FUN_0010f238,0x0010F238,0x0010F2D8,160
FUN_0010f2d8,0x0010F2D8,0x0010F460,392
gap_0010f460,0x0010F460,0x0010F478,24
FUN_0010f478,0x0010F478,0x0010F78C,788
FUN_0010f790,0x0010F790,0x0010FA3C,684
FUN_0010fa40,0x0010FA40,0x0010FAE0,160
FUN_0010fae0,0x0010FAE0,0x0010FB94,180
gap_0010fb94,0x0010FB94,0x0010FC24,144
FUN_0010fc28,0x0010FC28,0x0010FD68,320
FUN_0010fd68,0x0010FD68,0x0010FE50,232
gap_0010fe50,0x0010FE50,0x0010FE5C,12
gap_0010fe60,0x0010FE60,0x0010FE6C,12
gap_0010fe70,0x0010FE70,0x00110054,484
gap_00110058,0x00110058,0x00110064,12
gap_00110068,0x00110068,0x00110074,12
FUN_00110078,0x00110078,0x00110214,412
gap_00110214,0x00110214,0x00110244,48
FUN_00110248,0x00110248,0x0011027C,52
thunk_FUN_0010e080_00110280,0x00110280,0x00110288,8
FUN_00110288,0x00110288,0x001103B8,304
gap_001103b8,0x001103B8,0x001103DC,36
FUN_001103e0,0x001103E0,0x001103E8,8
FUN_001103e8,0x001103E8,0x00110438,80
FUN_00110438,0x00110438,0x001104C4,140
FUN_001104c8,0x001104C8,0x0011055C,148
FUN_00110560,0x00110560,0x00110654,244
FUN_00110658,0x00110658,0x00110724,204
FUN_00110728,0x00110728,0x00110960,568
FUN_00110960,0x00110960,0x00110A60,256
FUN_00110a60,0x00110A60,0x00110B28,200
FUN_00110b28,0x00110B28,0x00110C10,232
FUN_00110c24,0x00110C24,0x00110C54,48
FUN_00110c54,0x00110C54,0x00110C78,36
FUN_00110c78,0x00110C78,0x00110CDC,100
FUN_00110ce0,0x00110CE0,0x00110F94,692
FUN_00110f98,0x00110F98,0x00111108,368
FUN_00111108,0x00111108,0x001112CC,452
FUN_001112d0,0x001112D0,0x00111380,176
FUN_00111380,0x00111380,0x00111388,8
FUN_00111388,0x00111388,0x001113C4,60
FUN_001113c8,0x001113C8,0x00111410,72
FUN_00111410,0x00111410,0x00111454,68
FUN_00111458,0x00111458,0x00111468,16
FUN_00111468,0x00111468,0x001114E4,124
FUN_001114e8,0x001114E8,0x001114F4,12
FUN_001114f8,0x001114F8,0x00111508,16
FUN_00111508,0x00111508,0x0011151C,20
FUN_00111520,0x00111520,0x00111540,32
FUN_00111540,0x00111540,0x00111574,52
FUN_00111578,0x00111578,0x001115AC,52
FUN_001115b0,0x001115B0,0x001115BC,12
FUN_001115c0,0x001115C0,0x00111638,120
FUN_00111638,0x00111638,0x001116AC,116
FUN_001116b0,0x001116B0,0x001116F4,68
FUN_001116f8,0x001116F8,0x0011174C,84
FUN_00111750,0x00111750,0x001117A0,80
FUN_001117a0,0x001117A0,0x001117B8,24
FUN_001117b8,0x001117B8,0x001117CC,20
FUN_001117d0,0x001117D0,0x001117E0,16
FUN_001117e0,0x001117E0,0x001117EC,12
FUN_001117f0,0x001117F0,0x001117FC,12
FUN_00111800,0x00111800,0x0011180C,12
FUN_00111810,0x00111810,0x0011181C,12
FUN_00111820,0x00111820,0x00111830,16
FUN_00111830,0x00111830,0x00111848,24
FUN_00111848,0x00111848,0x00111914,204
FUN_00111918,0x00111918,0x0011192C,20
FUN_00111930,0x00111930,0x0011193C,12
FUN_00111940,0x00111940,0x0011194C,12
FUN_00111950,0x00111950,0x001119BC,108
FUN_001119c0,0x001119C0,0x001119D8,24
FUN_001119d8,0x001119D8,0x001119FC,36
FUN_00111a00,0x00111A00,0x00111A24,36
FUN_00111a28,0x00111A28,0x00111CB8,656
FUN_00111cb8,0x00111CB8,0x00111F78,704
FUN_00111f78,0x00111F78,0x00112398,1056
FUN_00112398,0x00112398,0x00112458,192
FUN_00112458,0x00112458,0x001124E8,144
FUN_001124e8,0x001124E8,0x001126A8,448
FUN_001126a8,0x001126A8,0x00112B80,1240
gap_00112b80,0x00112B80,0x00112BE0,96
gap_00112be0,0x00112BE0,0x00112CC8,232
gap_00112cc8,0x00112CC8,0x00112CF8,48
gap_00112cf8,0x00112CF8,0x00112D9C,164
FUN_00112da0,0x00112DA0,0x00112F9C,508
FUN_00112fa0,0x00112FA0,0x00113170,464
FUN_00113170,0x00113170,0x00113818,1704
FUN_00113818,0x00113818,0x001155C0,7592
FUN_001155c0,0x001155C0,0x001159A0,992
FUN_001159a0,0x001159A0,0x001159C0,32
FUN_001159c0,0x001159C0,0x00115AF0,304
FUN_00115af0,0x00115AF0,0x00115B98,168
FUN_00115b98,0x00115B98,0x00115BA8,16
FUN_00115ba8,0x00115BA8,0x00115C48,160
FUN_00115c48,0x00115C48,0x00115D10,200
FUN_00115d10,0x00115D10,0x00115D64,84
FUN_00115d68,0x00115D68,0x00115DA8,64
FUN_00115da8,0x00115DA8,0x00115E1C,116
FUN_00115e20,0x00115E20,0x00115E94,116
FUN_00115e98,0x00115E98,0x00115F7C,228
FUN_00115f80,0x00115F80,0x001160D0,336
FUN_001160d0,0x001160D0,0x00116138,104
FUN_00116138,0x00116138,0x001161AC,116
FUN_001161b0,0x001161B0,0x001163E8,568
RFU000_FullReset,0x00116400,0x00116410,16
ResetEE,0x00116410,0x00116420,16
SetGsCrt,0x00116420,0x00116430,16
RFU003,0x00116430,0x00116440,16
_Exit,0x00116440,0x00116450,16
RFU005_ResumeIntrDispatch,0x00116450,0x00116460,16
_LoadExecPS2,0x00116460,0x00116470,16
_ExecPS2,0x00116470,0x00116480,16
RFU008_ResumeT3IntrDispatch,0x00116480,0x00116490,16
RFU009,0x00116490,0x001164A0,16
AddSbusIntcHandler,0x001164A0,0x001164B0,16
RemoveSbusIntcHandler,0x001164B0,0x001164C0,16
Interrupt2Iop,0x001164C0,0x001164D0,16
SetVTLBRefillHandler,0x001164D0,0x001164E0,16
SetVCommonHandler,0x001164E0,0x001164F0,16
SetVInterruptHandler,0x001164F0,0x00116500,16
AddIntcHandler,0x00116500,0x00116510,16
AddIntcHandler_00116510,0x00116510,0x00116520,16
RemoveIntcHandler,0x00116520,0x00116530,16
AddDmacHandler,0x00116530,0x00116540,16
AddDmacHandler_00116540,0x00116540,0x00116550,16
RemoveDmacHandler,0x00116550,0x00116560,16
_EnableIntc,0x00116560,0x00116570,16
_DisableIntc,0x00116570,0x00116580,16
_EnableDmac,0x00116580,0x00116590,16
_DisableDmac,0x00116590,0x001165A0,16
SetAlarm,0x001165A0,0x001165B0,16
ReleaseAlarm,0x001165B0,0x001165C0,16
_iEnableIntc,0x001165C0,0x001165D0,16
_iDisableIntc,0x001165D0,0x001165E0,16
_iEnableDmac,0x001165E0,0x001165F0,16
_iDisableDmac,0x001165F0,0x00116600,16
iSetAlarm,0x00116600,0x00116610,16
iReleaseAlarm,0x00116610,0x00116620,16
CreateThread,0x00116620,0x00116630,16
DeleteThread,0x00116630,0x00116640,16
_StartThread,0x00116640,0x00116650,16
ExitThread,0x00116650,0x00116660,16
ExitDeleteThread,0x00116660,0x00116670,16
TerminateThread,0x00116670,0x00116680,16
iTerminateThread,0x00116680,0x00116690,16
DisableDispatchThread,0x00116690,0x001166A0,16
EnableDispatchThread,0x001166A0,0x001166B0,16
ChangeThreadPriority,0x001166B0,0x001166C0,16
iChangeThreadPriority,0x001166C0,0x001166D0,16
RotateThreadReadyQueue,0x001166D0,0x001166E0,16
_iRotateThreadReadyQueue,0x001166E0,0x001166F0,16
ReleaseWaitThread,0x001166F0,0x00116700,16
iReleaseWaitThread,0x00116700,0x00116710,16
GetThreadId,0x00116710,0x00116720,16
ReferThreadStatus,0x00116720,0x00116730,16
iReferThreadStatus,0x00116730,0x00116740,16
SleepThread,0x00116740,0x00116750,16
WakeupThread,0x00116750,0x00116760,16
_iWakeupThread,0x00116760,0x00116770,16
CancelWakeupThread,0x00116770,0x00116780,16
iCancelWakeupThread,0x00116780,0x00116790,16
SuspendThread,0x00116790,0x001167A0,16
_iSuspendThread,0x001167A0,0x001167B0,16
ResumeThread,0x001167B0,0x001167C0,16
iResumeThread,0x001167C0,0x001167D0,16
JoinThread,0x001167D0,0x001167E0,16
RFU060_SetupThread,0x001167E0,0x001167F0,16
RFU061_SetupHeap,0x001167F0,0x00116800,16
EndOfHeap,0x00116800,0x00116810,16
RFU063,0x00116810,0x00116820,16
CreateSema,0x00116820,0x00116830,16
DeleteSema,0x00116830,0x00116840,16
SignalSema,0x00116840,0x00116850,16
iSignalSema,0x00116850,0x00116860,16
WaitSema,0x00116860,0x00116870,16
PollSema,0x00116870,0x00116880,16
iPollSema,0x00116880,0x00116890,16
ReferSemaStatus,0x00116890,0x001168A0,16
iReferSemaStatus,0x001168A0,0x001168B0,16
RFU073,0x001168B0,0x001168C0,16
SetOsdConfigParam,0x001168C0,0x001168D0,16
GetOsdConfigParam,0x001168D0,0x001168E0,16
GetGsHParam,0x001168E0,0x001168F0,16
GetGsVParam,0x001168F0,0x00116900,16
SetGsHParam,0x00116900,0x00116910,16
SetGsVParam,0x00116910,0x00116920,16
RFU080_CreateEventFlag,0x00116920,0x00116930,16
RFU081_DeleteEventFlag,0x00116930,0x00116940,16
RFU082_SetEventFlag,0x00116940,0x00116950,16
RFU083_iSetEventFlag,0x00116950,0x00116960,16
RFU084_ClearEventFlag,0x00116960,0x00116970,16
RFU085_iClearEventFlag,0x00116970,0x00116980,16
RFU086_WaitEvnetFlag,0x00116980,0x00116990,16
RFU087_PollEvnetFlag,0x00116990,0x001169A0,16
RFU088_iPollEvnetFlag,0x001169A0,0x001169B0,16
RFU089_ReferEventFlagStatus,0x001169B0,0x001169C0,16
RFU090_iReferEventFlagStatus,0x001169C0,0x001169D0,16
RFU091,0x001169D0,0x001169E0,16
EnableIntcHandler,0x001169E0,0x001169F0,16
iEnableIntcHandler,0x001169F0,0x00116A00,16
DisableIntcHandler,0x00116A00,0x00116A10,16
iDisableIntcHandler,0x00116A10,0x00116A20,16
EnableDmacHandler,0x00116A20,0x00116A30,16
iEnableDmacHandler,0x00116A30,0x00116A40,16
DisableDmacHandler,0x00116A40,0x00116A50,16
iDisableDmacHandler,0x00116A50,0x00116A60,16
KSeg0,0x00116A60,0x00116A70,16
EnableCache,0x00116A70,0x00116A80,16
DisableCache,0x00116A80,0x00116A90,16
GetCop0,0x00116A90,0x00116AA0,16
FlushCache,0x00116AA0,0x00116AB0,16
CpuConfig,0x00116AB0,0x00116AC0,16
iGetCop0,0x00116AC0,0x00116AD0,16
iFlushCache,0x00116AD0,0x00116AE0,16
iCpuConfig,0x00116AE0,0x00116AF0,16
sceSifStopDma,0x00116AF0,0x00116B00,16
SetCPUTimerHandler,0x00116B00,0x00116B10,16
SetCPUTimer,0x00116B10,0x00116B20,16
SetOsdConfigParam2,0x00116B20,0x00116B30,16
GetOsdConfigParam2,0x00116B30,0x00116B40,16
GsGetIMR,0x00116B40,0x00116B50,16
iGsGetIMR,0x00116B50,0x00116B60,16
GsPutIMR,0x00116B60,0x00116B70,16
iGsPutIMR,0x00116B70,0x00116B80,16
SetPgifHandler,0x00116B80,0x00116B90,16
SetVSyncFlag,0x00116B90,0x00116BA0,16
RFU116_SetSyscall,0x00116BA0,0x00116BB0,16
_print,0x00116BB0,0x00116BC0,16
sceSifDmaStat,0x00116BC0,0x00116BD0,16
isceSifDmaStat,0x00116BD0,0x00116BE0,16
sceSifSetDma,0x00116BE0,0x00116BF0,16
isceSifSetDma,0x00116BF0,0x00116C00,16
sceSifSetDChain,0x00116C00,0x00116C10,16
isceSifSetDChain,0x00116C10,0x00116C20,16
sceSifSetReg,0x00116C20,0x00116C30,16
sceSifGetReg,0x00116C30,0x00116C40,16
_ExecOSD,0x00116C40,0x00116C50,16
Deci2Call,0x00116C50,0x00116C60,16
PSMode,0x00116C60,0x00116C70,16
MachineType,0x00116C70,0x00116C80,16
GetMemorySize,0x00116C80,0x00116C90,16
_InitTLB,0x00116C90,0x00116CA0,16
FUN_00116ca0,0x00116CA0,0x00116CAC,12
FUN_00116cb0,0x00116CB0,0x00116D40,144
FUN_00116d40,0x00116D40,0x00116DE4,164
FUN_00116de8,0x00116DE8,0x00116E64,124
FUN_00116e68,0x00116E68,0x00116EDC,116
FUN_00116ee0,0x00116EE0,0x00116F08,40
FUN_00116f08,0x00116F08,0x00116F10,8
FUN_00116f10,0x00116F10,0x00116F18,8
FUN_00116f18,0x00116F18,0x00116F20,8
FUN_00116f20,0x00116F20,0x00116FCC,172
FUN_00116fd0,0x00116FD0,0x00116FD8,8
FUN_00116fd8,0x00116FD8,0x00116FEC,20
gap_00116ff0,0x00116FF0,0x00116FF8,8
FUN_00116ff8,0x00116FF8,0x00117020,40
FUN_00117020,0x00117020,0x00117048,40
FUN_00117048,0x00117048,0x00117070,40
FUN_00117070,0x00117070,0x00117114,164
FUN_00117118,0x00117118,0x00117194,124
FUN_00117198,0x00117198,0x001171AC,20
FUN_001171b0,0x001171B0,0x00117254,164
FUN_00117258,0x00117258,0x001172D4,124
FUN_001172d8,0x001172D8,0x001172EC,20
FUN_001172f0,0x001172F0,0x00117300,16
FUN_00117300,0x00117300,0x00117368,104
FUN_00117368,0x00117368,0x001173D0,104
FUN_001173d0,0x001173D0,0x00117438,104
FUN_00117438,0x00117438,0x001174A0,104
FUN_001174a0,0x001174A0,0x001174C0,32
FUN_001174c0,0x001174C0,0x001174E0,32
FUN_001174e0,0x001174E0,0x00117500,32
FUN_00117500,0x00117500,0x00117520,32
FUN_00117520,0x00117520,0x001175F8,216
FUN_001175f8,0x001175F8,0x001176E4,236
FUN_001176e8,0x001176E8,0x0011777C,148
FUN_00117780,0x00117780,0x001177FC,124
FUN_00117800,0x00117800,0x00117898,152
FUN_00117898,0x00117898,0x00117960,200
FUN_00117960,0x00117960,0x00117AD8,376
FUN_00117ad8,0x00117AD8,0x00117B00,40
FUN_00117b00,0x00117B00,0x00117B44,68
FUN_00117b48,0x00117B48,0x00117B6C,36
FUN_00117b70,0x00117B70,0x00117BA0,48
FUN_00117ba0,0x00117BA0,0x00117BC4,36
FUN_00117bc8,0x00117BC8,0x00117BF8,48
FUN_00117bf8,0x00117BF8,0x00117C1C,36
FUN_00117c20,0x00117C20,0x00117C54,52
FUN_00117c58,0x00117C58,0x00117C8C,52
FUN_00117c90,0x00117C90,0x00117CC0,48
FUN_00117cc0,0x00117CC0,0x00117CE4,36
FUN_00117ce8,0x00117CE8,0x00117D0C,36
FUN_00117d10,0x00117D10,0x00117D34,36
FUN_00117d38,0x00117D38,0x00117D5C,36
FUN_00117d60,0x00117D60,0x00117D9C,60
FUN_00117da0,0x00117DA0,0x00117DDC,60
FUN_00117de0,0x00117DE0,0x00117F6C,396
gap_00117f6c,0x00117F6C,0x00117F74,8
FUN_00117f78,0x00117F78,0x001180EC,372
FUN_001180f0,0x001180F0,0x001181C0,208
FUN_001181c0,0x001181C0,0x0011827C,188
FUN_00118280,0x00118280,0x001182B8,56
FUN_001182b8,0x001182B8,0x00118368,176
FUN_00118368,0x00118368,0x0011839C,52
FUN_001183a0,0x001183A0,0x00118430,144
FUN_00118430,0x00118430,0x001185E8,440
gap_001185e8,0x001185E8,0x00118608,32
FUN_00118608,0x00118608,0x0011931C,3348
gap_00119320,0x00119320,0x00119334,20
gap_00119334,0x00119334,0x0011936C,56
gap_0011936c,0x0011936C,0x00119378,12
FUN_00119378,0x00119378,0x001193A0,40
FUN_001193a0,0x001193A0,0x001193C8,40
FUN_001193c8,0x001193C8,0x00119414,76
FUN_00119418,0x00119418,0x00119450,56
FUN_00119450,0x00119450,0x00119498,72
FUN_00119498,0x00119498,0x00119508,112
FUN_00119508,0x00119508,0x00119588,128
FUN_00119588,0x00119588,0x00119608,128
gap_00119608,0x00119608,0x00119624,28
gap_00119628,0x00119628,0x00119634,12
FUN_00119638,0x00119638,0x00119650,24
FUN_00119650,0x00119650,0x0011966C,28
FUN_00119670,0x00119670,0x0011967C,12
FUN_00119680,0x00119680,0x00119900,640
FUN_00119900,0x00119900,0x00119934,52
FUN_00119938,0x00119938,0x00119950,24
FUN_00119950,0x00119950,0x00119968,24
FUN_00119968,0x00119968,0x001199E0,120
FUN_001199e0,0x001199E0,0x00119A2C,76
FUN_00119a30,0x00119A30,0x00119B64,308
FUN_00119b68,0x00119B68,0x00119BA4,60
FUN_00119ba8,0x00119BA8,0x00119BE4,60
FUN_00119be8,0x00119BE8,0x00119D30,328
FUN_00119d30,0x00119D30,0x00119DDC,172
FUN_00119de0,0x00119DE0,0x00119F7C,412
FUN_00119f80,0x00119F80,0x00119FA4,36
FUN_00119fa8,0x00119FA8,0x0011A050,168
FUN_0011a050,0x0011A050,0x0011A06C,28
FUN_0011a070,0x0011A070,0x0011A0A0,48
FUN_0011a0a0,0x0011A0A0,0x0011A0E0,64
FUN_0011a0e0,0x0011A0E0,0x0011A1AC,204
FUN_0011a1b0,0x0011A1B0,0x0011A1F0,64
FUN_0011a1f0,0x0011A1F0,0x0011A2C0,208
FUN_0011a2c0,0x0011A2C0,0x0011A424,356
FUN_0011a428,0x0011A428,0x0011A474,76
FUN_0011a478,0x0011A478,0x0011A4B8,64
FUN_0011a4b8,0x0011A4B8,0x0011A584,204
FUN_0011a588,0x0011A588,0x0011A6D4,332
gap_0011a6d8,0x0011A6D8,0x0011A75C,132
gap_0011a75c,0x0011A75C,0x0011A764,8
FUN_0011a768,0x0011A768,0x0011A968,512
FUN_0011a968,0x0011A968,0x0011A9A4,60
FUN_0011a9a8,0x0011A9A8,0x0011AA3C,148
FUN_0011aa40,0x0011AA40,0x0011AB10,208
FUN_0011ab10,0x0011AB10,0x0011ABA4,148
FUN_0011aba8,0x0011ABA8,0x0011AC38,144
FUN_0011ac38,0x0011AC38,0x0011AC90,88
FUN_0011ac90,0x0011AC90,0x0011AE54,452
FUN_0011ae58,0x0011AE58,0x0011AE98,64
FUN_0011ae98,0x0011AE98,0x0011AF08,112
FUN_0011af08,0x0011AF08,0x0011AF84,124
FUN_0011af88,0x0011AF88,0x0011B010,136
FUN_0011b010,0x0011B010,0x0011B0FC,236
FUN_0011b100,0x0011B100,0x0011B16C,108
FUN_0011b170,0x0011B170,0x0011B524,948
FUN_0011b528,0x0011B528,0x0011B57C,84
FUN_0011b580,0x0011B580,0x0011B5AC,44
FUN_0011b5b0,0x0011B5B0,0x0011B5BC,12
FUN_0011b5c0,0x0011B5C0,0x0011B660,160
FUN_0011b660,0x0011B660,0x0011B6A4,68
FUN_0011b6a8,0x0011B6A8,0x0011B8B0,520
FUN_0011b8b0,0x0011B8B0,0x0011B93C,140
FUN_0011b940,0x0011B940,0x0011B974,52
FUN_0011b978,0x0011B978,0x0011BAB8,320
FUN_0011bab8,0x0011BAB8,0x0011BBA8,240
FUN_0011bba8,0x0011BBA8,0x0011BE38,656
FUN_0011be38,0x0011BE38,0x0011BFB0,376
FUN_0011bfb0,0x0011BFB0,0x0011C1EC,572
FUN_0011c1f0,0x0011C1F0,0x0011C434,580
gap_0011c434,0x0011C434,0x0011C45C,40
FUN_0011c460,0x0011C460,0x0011C6F8,664
gap_0011c6f8,0x0011C6F8,0x0011C720,40
FUN_0011c720,0x0011C720,0x0011CAA8,904
FUN_0011caa8,0x0011CAA8,0x0011CC90,488
FUN_0011cc90,0x0011CC90,0x0011CE40,432
FUN_0011ce40,0x0011CE40,0x0011CE5C,28
FUN_0011ce60,0x0011CE60,0x0011D018,440
FUN_0011d018,0x0011D018,0x0011D034,28
FUN_0011d038,0x0011D038,0x0011D2B8,640
FUN_0011d2b8,0x0011D2B8,0x0011D3E4,300
FUN_0011d3e8,0x0011D3E8,0x0011D404,28
FUN_0011d408,0x0011D408,0x0011D4D0,200
FUN_0011d4d0,0x0011D4D0,0x0011D634,356
FUN_0011d638,0x0011D638,0x0011D78C,340
FUN_0011d790,0x0011D790,0x0011D944,436
FUN_0011d948,0x0011D948,0x0011DB94,588
FUN_0011db98,0x0011DB98,0x0011DDA0,520
FUN_0011dda0,0x0011DDA0,0x0011DDBC,28
FUN_0011ddc0,0x0011DDC0,0x0011DF6C,428
FUN_0011df70,0x0011DF70,0x0011E1F0,640
FUN_0011e1f0,0x0011E1F0,0x0011E20C,28
FUN_0011e210,0x0011E210,0x0011E44C,572
FUN_0011e450,0x0011E450,0x0011E6F8,680
FUN_0011e6f8,0x0011E6F8,0x0011E8F0,504
FUN_0011e8f0,0x0011E8F0,0x0011EAD0,480
FUN_0011ead0,0x0011EAD0,0x0011EB58,136
FUN_0011eb58,0x0011EB58,0x0011EBC8,112
FUN_0011ebc8,0x0011EBC8,0x0011EC48,128
FUN_0011ec48,0x0011EC48,0x0011ECC0,120
FUN_0011ecc0,0x0011ECC0,0x0011ECDC,28
FUN_0011ece0,0x0011ECE0,0x0011EDD0,240
FUN_0011edd0,0x0011EDD0,0x0011EE40,112
FUN_0011ee40,0x0011EE40,0x0011EEB0,112
FUN_0011eeb0,0x0011EEB0,0x0011EF20,112
FUN_0011ef20,0x0011EF20,0x0011EF9C,124
FUN_0011efa0,0x0011EFA0,0x0011F01C,124
FUN_0011f020,0x0011F020,0x0011F120,256
FUN_0011f120,0x0011F120,0x0011F1AC,140
FUN_0011f1b0,0x0011F1B0,0x0011F1E8,56
FUN_0011f1e8,0x0011F1E8,0x0011F3F0,520
FUN_0011f3f0,0x0011F3F0,0x0011F5F8,520
FUN_0011f5f8,0x0011F5F8,0x0011F688,144
FUN_0011f688,0x0011F688,0x0011F728,160
FUN_0011f728,0x0011F728,0x0011F7B8,144
FUN_0011f7b8,0x0011F7B8,0x0011F7D4,28
FUN_0011f7d8,0x0011F7D8,0x0011F7F4,28
FUN_0011f7f8,0x0011F7F8,0x0011FA1C,548
FUN_0011fa20,0x0011FA20,0x0011FA40,32
FUN_0011fa40,0x0011FA40,0x0011FA5C,28
FUN_0011fa60,0x0011FA60,0x0011FB64,260
FUN_0011fb68,0x0011FB68,0x0011FB84,28
FUN_0011fb88,0x0011FB88,0x0011FBB0,40
FUN_0011fbb0,0x0011FBB0,0x0011FC9C,236
FUN_0011fca0,0x0011FCA0,0x0011FD7C,220
FUN_0011fd80,0x0011FD80,0x0011FED4,340
FUN_0011fed8,0x0011FED8,0x0011FF00,40
FUN_0011ff00,0x0011FF00,0x0011FF50,80
FUN_0011ff50,0x0011FF50,0x00120060,272
FUN_00120060,0x00120060,0x001200C0,96
FUN_001200c0,0x001200C0,0x00120144,132
FUN_00120148,0x00120148,0x00120158,16
gap_00120158,0x00120158,0x00120190,56
RFU091_00120190,0x00120190,0x001201A0,16
RFU116_SetSyscall_001201a0,0x001201A0,0x001201B0,16
FUN_001201b0,0x001201B0,0x00120274,196
FUN_00120278,0x00120278,0x00120288,16
RFU085_iClearEventFlag_00120288,0x00120288,0x00120298,16
RFU086_WaitEvnetFlag_00120298,0x00120298,0x001202A8,16
FUN_001202a8,0x001202A8,0x001202D8,48
FUN_001202d8,0x001202D8,0x001202E8,16
RFU087_PollEvnetFlag_001202e8,0x001202E8,0x001202F8,16
FUN_001202f8,0x001202F8,0x00120308,16
FUN_00120308,0x00120308,0x00120318,16
RFU088_iPollEvnetFlag_00120318,0x00120318,0x00120328,16
RFU089_ReferEventFlagStatus_00120328,0x00120328,0x00120338,16
FUN_00120338,0x00120338,0x00120378,64
FUN_00120378,0x00120378,0x0012056C,500
FUN_00120680,0x00120680,0x001207B4,308
FUN_001207c0,0x001207C0,0x001208BC,252
FUN_001208e0,0x001208E0,0x00120930,80
FUN_00120930,0x00120930,0x00120948,24
FUN_00120948,0x00120948,0x001209A8,96
FUN_001209a8,0x001209A8,0x001209B4,12
FUN_001209b8,0x001209B8,0x001209C8,16
gap_001209c8,0x001209C8,0x00120A00,56
gap_00120a00,0x00120A00,0x00120A40,64
FUN_00120a40,0x00120A40,0x00120A50,16
FUN_00120a50,0x00120A50,0x00120A84,52
FUN_00120a88,0x00120A88,0x00120B84,252
RFU116_SetSyscall_00120b88,0x00120B88,0x00120B98,16
FUN_00120b98,0x00120B98,0x00120BEC,84
RFU116_SetSyscall_00120bf0,0x00120BF0,0x00120C00,16
FUN_00120c00,0x00120C00,0x00120C10,16
gap_00120c10,0x00120C10,0x00120C48,56
RFU091_00120c48,0x00120C48,0x00120C58,16
FUN_00120c58,0x00120C58,0x00120CC0,104
FUN_00120cc0,0x00120CC0,0x00120D6C,172
FUN_00120d70,0x00120D70,0x00120D80,16
gap_00120d80,0x00120D80,0x00120DB0,48
RFU116_SetSyscall_00120db0,0x00120DB0,0x00120DC0,16
FUN_00120dc0,0x00120DC0,0x00120ED8,280
thunk_FUN_00120338,0x00120ED8,0x00120EE0,8
FUN_00120ee0,0x00120EE0,0x00120F50,112
FUN_00120f50,0x00120F50,0x00120F98,72
FUN_00120f98,0x00120F98,0x00120FC0,40
FUN_00120fc0,0x00120FC0,0x0012100C,76
RFU116_SetSyscall_00121010,0x00121010,0x00121020,16
FUN_00121020,0x00121020,0x00121030,16
gap_00121030,0x00121030,0x00121068,56
RFU091_00121068,0x00121068,0x00121078,16
FUN_00121078,0x00121078,0x0012114C,212
FUN_00121150,0x00121150,0x001211B8,104
FUN_001211b8,0x001211B8,0x001211C0,8
FUN_001211c0,0x001211C0,0x001211D0,16
FUN_001211d0,0x001211D0,0x001211E0,16
FUN_001211e0,0x001211E0,0x001211F0,16
FUN_001211f0,0x001211F0,0x00121344,340
FUN_00121348,0x00121348,0x00121400,184
FUN_00121400,0x00121400,0x0012142C,44
FUN_00121430,0x00121430,0x001214C0,144
FUN_001214c0,0x001214C0,0x0012153C,124
FUN_00121540,0x00121540,0x001216D0,400
FUN_001216d0,0x001216D0,0x00121754,132
FUN_00121758,0x00121758,0x00121790,56
FUN_00121790,0x00121790,0x00121A34,676
FUN_00121a38,0x00121A38,0x00121A84,76
FUN_00121a88,0x00121A88,0x00121B04,124
FUN_00121b08,0x00121B08,0x00121B78,112
FUN_00121b78,0x00121B78,0x00121BC0,72
FUN_00121bc0,0x00121BC0,0x00121C60,160
FUN_00121c60,0x00121C60,0x00121CAC,76
FUN_00121cb0,0x00121CB0,0x00121D00,80
FUN_00121d00,0x00121D00,0x00121D5C,92
FUN_00121d60,0x00121D60,0x00121E0C,172
FUN_00121e10,0x00121E10,0x00121E5C,76
FUN_00121e60,0x00121E60,0x00121F24,196
FUN_00121f28,0x00121F28,0x00121F74,76
FUN_00121f78,0x00121F78,0x00122044,204
FUN_00122048,0x00122048,0x00122090,72
FUN_00122090,0x00122090,0x001220DC,76
FUN_001220e0,0x001220E0,0x0012214C,108
FUN_00122150,0x00122150,0x0012219C,76
FUN_001221a0,0x001221A0,0x00122294,244
FUN_00122298,0x00122298,0x00122314,124
FUN_00122318,0x00122318,0x001223C0,168
FUN_001223c0,0x001223C0,0x00122430,112
FUN_00122430,0x00122430,0x00122484,84
FUN_00122488,0x00122488,0x001224BC,52
FUN_001224c0,0x001224C0,0x0012250C,76
FUN_00122510,0x00122510,0x0012256C,92
FUN_00122570,0x00122570,0x0012269C,300
FUN_001226a0,0x001226A0,0x00122790,240
FUN_00122790,0x00122790,0x00122838,168
FUN_00122838,0x00122838,0x001228B0,120
FUN_001228b0,0x001228B0,0x001228D4,36
FUN_001228d8,0x001228D8,0x00122954,124
FUN_00122958,0x00122958,0x00122A10,184
FUN_00122a10,0x00122A10,0x00122A64,84
FUN_00122a68,0x00122A68,0x00122B10,168
FUN_00122b10,0x00122B10,0x00122BC0,176
FUN_00122bc0,0x00122BC0,0x00122C44,132
FUN_00122c48,0x00122C48,0x00122C64,28
FUN_00122c68,0x00122C68,0x00122FF0,904
FUN_00122ff0,0x00122FF0,0x001230EC,252
FUN_001230f0,0x001230F0,0x00123228,312
FUN_00123228,0x00123228,0x00123298,112
FUN_00123298,0x00123298,0x00123390,248
FUN_00123390,0x00123390,0x00123AA0,1808
gap_00123aa0,0x00123AA0,0x00123AB4,20
FUN_00123ab8,0x00123AB8,0x001249E0,3880
gap_001249e0,0x001249E0,0x00124A04,36
FUN_00124a08,0x00124A08,0x00124F98,1424
gap_00124f98,0x00124F98,0x00124FC0,40
FUN_00124fc0,0x00124FC0,0x001252DC,796
FUN_001252e0,0x001252E0,0x001256FC,1052
gap_001256fc,0x001256FC,0x00125704,8
FUN_00125708,0x00125708,0x00125A90,904
gap_00125a90,0x00125A90,0x00125AA8,24
FUN_00125aa8,0x00125AA8,0x00125C88,480
FUN_00125c88,0x00125C88,0x0012644C,1988
gap_0012644c,0x0012644C,0x00126468,28
FUN_00126468,0x00126468,0x00126808,928
gap_00126808,0x00126808,0x00126818,16
FUN_00126818,0x00126818,0x001268E4,204
FUN_001268e8,0x001268E8,0x00126BA4,700
gap_00126ba4,0x00126BA4,0x00126BBC,24
FUN_00126bc0,0x00126BC0,0x00126D4C,396
gap_00126d4c,0x00126D4C,0x0012770C,2496
FUN_00127710,0x00127710,0x00127930,544
gap_00127930,0x00127930,0x00127948,24
FUN_00127948,0x00127948,0x00127E8C,1348
gap_00127e8c,0x00127E8C,0x00127EB0,36
FUN_00127eb0,0x00127EB0,0x00128000,336
FUN_00128000,0x00128000,0x00128328,808
gap_00128328,0x00128328,0x00128864,1340
FUN_00128868,0x00128868,0x0012896C,260
FUN_00128970,0x00128970,0x00128BF4,644
FUN_00128bf8,0x00128BF8,0x001290A8,1200
gap_001290a8,0x001290A8,0x001290C0,24
FUN_001290c0,0x001290C0,0x00129104,68
FUN_00129108,0x00129108,0x0012922C,292
FUN_00129230,0x00129230,0x00129264,52
FUN_00129268,0x00129268,0x00129288,32
FUN_00129288,0x00129288,0x00129488,512
gap_00129488,0x00129488,0x0012949C,20
FUN_001294a0,0x001294A0,0x001294E8,72
FUN_001294e8,0x001294E8,0x00129524,60
FUN_00129528,0x00129528,0x00129704,476
gap_00129704,0x00129704,0x0012970C,8
FUN_00129710,0x00129710,0x00129844,308
FUN_00129848,0x00129848,0x001298F0,168
FUN_001298f0,0x001298F0,0x00129B70,640
gap_00129b70,0x00129B70,0x00129B7C,12
FUN_00129b80,0x00129B80,0x00129BBC,60
FUN_00129bc0,0x00129BC0,0x00129C94,212
FUN_00129c98,0x00129C98,0x00129CC0,40
FUN_00129cc0,0x00129CC0,0x00129D98,216
FUN_00129d98,0x00129D98,0x00129E60,200
FUN_00129e60,0x00129E60,0x00129F48,232
FUN_00129f48,0x00129F48,0x00129FC0,120
FUN_00129fc0,0x00129FC0,0x00129FD4,20
FUN_00129fd8,0x00129FD8,0x00129FEC,20
FUN_00129ff0,0x00129FF0,0x0012A004,20
FUN_0012a008,0x0012A008,0x0012A01C,20
FUN_0012a020,0x0012A020,0x0012A034,20
FUN_0012a038,0x0012A038,0x0012A04C,20
FUN_0012a050,0x0012A050,0x0012A064,20
FUN_0012a068,0x0012A068,0x0012A0D0,104
FUN_0012a0d0,0x0012A0D0,0x0012A170,160
FUN_0012a170,0x0012A170,0x0012A240,208
FUN_0012a240,0x0012A240,0x0012A2DC,156
gap_0012a2e0,0x0012A2E0,0x0012A398,184
FUN_0012a398,0x0012A398,0x0012A47C,228
FUN_0012a480,0x0012A480,0x0012A520,160
FUN_0012a520,0x0012A520,0x0012A5A0,128
FUN_0012a5a0,0x0012A5A0,0x0012A5F4,84
FUN_0012a5f8,0x0012A5F8,0x0012A670,120
FUN_0012a670,0x0012A670,0x0012A96C,764
FUN_0012a970,0x0012A970,0x0012A98C,28
FUN_0012a990,0x0012A990,0x0012AAE8,344
FUN_0012aae8,0x0012AAE8,0x0012AB80,152
FUN_0012ab80,0x0012AB80,0x0012AC20,160
FUN_0012ac20,0x0012AC20,0x0012AC8C,108
FUN_0012ac90,0x0012AC90,0x0012ADE8,344
FUN_0012ade8,0x0012ADE8,0x0012AE98,176
FUN_0012ae98,0x0012AE98,0x0012B180,744
FUN_0012b180,0x0012B180,0x0012B374,500
gap_0012b374,0x0012B374,0x0012B398,36
FUN_0012b398,0x0012B398,0x0012B5B8,544
FUN_0012b5b8,0x0012B5B8,0x0012B798,480
FUN_0012b798,0x0012B798,0x0012B864,204
FUN_0012b868,0x0012B868,0x0012B900,152
FUN_0012b900,0x0012B900,0x0012B924,36
FUN_0012b928,0x0012B928,0x0012B9C0,152
FUN_0012b9c0,0x0012B9C0,0x0012BA84,196
FUN_0012ba88,0x0012BA88,0x0012BB58,208
FUN_0012bb58,0x0012BB58,0x0012BB7C,36
FUN_0012bb80,0x0012BB80,0x0012BC6C,236
FUN_0012bc70,0x0012BC70,0x0012BCCC,92
gap_0012bccc,0x0012BCCC,0x0012BDB0,228
FUN_0012bdb0,0x0012BDB0,0x0012BDF8,72
FUN_0012bdf8,0x0012BDF8,0x0012BEEC,244
FUN_0012bef0,0x0012BEF0,0x0012BF80,144
FUN_0012bf80,0x0012BF80,0x0012C094,276
FUN_0012c098,0x0012C098,0x0012C27C,484
FUN_0012c280,0x0012C280,0x0012C338,184
FUN_0012c338,0x0012C338,0x0012C490,344
FUN_0012c490,0x0012C490,0x0012C4E8,88
FUN_0012c4e8,0x0012C4E8,0x0012C55C,116
FUN_0012c560,0x0012C560,0x0012C5D8,120
FUN_0012c5d8,0x0012C5D8,0x0012C60C,52
FUN_0012c610,0x0012C610,0x0012C6C4,180
FUN_0012c6c8,0x0012C6C8,0x0012C720,88
FUN_0012c720,0x0012C720,0x0012C754,52
FUN_0012c758,0x0012C758,0x0012C870,280
FUN_0012c870,0x0012C870,0x0012C984,276
FUN_0012c988,0x0012C988,0x0012CABC,308
FUN_0012cac0,0x0012CAC0,0x0012CB74,180
FUN_0012cb78,0x0012CB78,0x0012CC40,200
FUN_0012cc40,0x0012CC40,0x0012CD18,216
FUN_0012cd18,0x0012CD18,0x0012CDC8,176
FUN_0012cdc8,0x0012CDC8,0x0012CE78,176
FUN_0012ce78,0x0012CE78,0x0012CED4,92
FUN_0012ced8,0x0012CED8,0x0012CF2C,84
FUN_0012cf30,0x0012CF30,0x0012CF84,84
FUN_0012cf88,0x0012CF88,0x0012D054,204
FUN_0012d058,0x0012D058,0x0012D0BC,100
FUN_0012d0c0,0x0012D0C0,0x0012D128,104
FUN_0012d128,0x0012D128,0x0012D18C,100
FUN_0012d190,0x0012D190,0x0012D1F8,104
FUN_0012d1f8,0x0012D1F8,0x0012D31C,292
FUN_0012d320,0x0012D320,0x0012D330,16
FUN_0012d330,0x0012D330,0x0012D53C,524
gap_0012d53c,0x0012D53C,0x0012D558,28
FUN_0012d558,0x0012D558,0x0012D5B0,88
gap_0012d5b0,0x0012D5B0,0x0012D5BC,12
FUN_0012d5c0,0x0012D5C0,0x0012D67C,188
FUN_0012d680,0x0012D680,0x0012D740,192
FUN_0012d740,0x0012D740,0x0012D868,296
FUN_0012d868,0x0012D868,0x0012D89C,52
FUN_0012d8a0,0x0012D8A0,0x0012D95C,188
FUN_0012d960,0x0012D960,0x0012DA40,224
gap_0012da40,0x0012DA40,0x0012DAF0,176
FUN_0012daf0,0x0012DAF0,0x0012DC04,276
FUN_0012dc08,0x0012DC08,0x0012DD80,376
FUN_0012dd80,0x0012DD80,0x0012DE44,196
gap_0012de48,0x0012DE48,0x0012DEA0,88
FUN_0012dea0,0x0012DEA0,0x0012E01C,380
FUN_0012e020,0x0012E020,0x0012E090,112
FUN_0012e090,0x0012E090,0x0012E1DC,332
FUN_0012e1e0,0x0012E1E0,0x0012E26C,140
FUN_0012e270,0x0012E270,0x0012E3B0,320
FUN_0012e3b0,0x0012E3B0,0x0012E47C,204
FUN_0012e480,0x0012E480,0x0012E59C,284
FUN_0012e5a0,0x0012E5A0,0x0012E65C,188
FUN_0012e660,0x0012E660,0x0012E82C,460
FUN_0012e830,0x0012E830,0x0012E988,344
FUN_0012e988,0x0012E988,0x0012EA54,204
FUN_0012ea58,0x0012EA58,0x0012EB64,268
FUN_0012eb68,0x0012EB68,0x0012EB80,24
FUN_0012eb80,0x0012EB80,0x0012EB94,20
FUN_0012eb98,0x0012EB98,0x0012EBCC,52
FUN_0012ebd0,0x0012EBD0,0x0012EBE8,24
FUN_0012ebe8,0x0012EBE8,0x0012EC10,40
FUN_0012ec10,0x0012EC10,0x0012ECBC,172
gap_0012ecbc,0x0012ECBC,0x0012ECC4,8
FUN_0012ecc8,0x0012ECC8,0x0012ED20,88
FUN_0012ed20,0x0012ED20,0x0012EF2C,524
gap_0012ef2c,0x0012EF2C,0x0012EF4C,32
FUN_0012ef50,0x0012EF50,0x0013018C,4668
gap_0013018c,0x0013018C,0x001301B4,40
FUN_001301b8,0x001301B8,0x001301C4,12
FUN_001301c8,0x001301C8,0x00130274,172
FUN_00130278,0x00130278,0x0013037C,260
gap_0013037c,0x0013037C,0x0013038C,16
FUN_00130390,0x00130390,0x001303EC,92
FUN_001303f0,0x001303F0,0x00130468,120
FUN_00130468,0x00130468,0x00130560,248
FUN_00130560,0x00130560,0x0013057C,28
FUN_00130580,0x00130580,0x0013059C,28
FUN_001305a0,0x001305A0,0x0013062C,140
FUN_00130630,0x00130630,0x00130684,84
FUN_00130688,0x00130688,0x001306DC,84
FUN_001306e0,0x001306E0,0x001309C8,744
gap_001309c8,0x001309C8,0x001309D4,12
FUN_001309d8,0x001309D8,0x00130B44,364
FUN_00130b48,0x00130B48,0x00130FD0,1160
gap_00130fd0,0x00130FD0,0x00130FF4,36
FUN_00130ff8,0x00130FF8,0x00131054,92
FUN_00131058,0x00131058,0x00131154,252
gap_00131154,0x00131154,0x0013115C,8
FUN_00131160,0x00131160,0x0013151C,956
gap_0013151c,0x0013151C,0x00131540,36
FUN_00131540,0x00131540,0x001315D4,148
FUN_001315d8,0x001315D8,0x001315EC,20
FUN_001315f0,0x001315F0,0x00131668,120
gap_00131668,0x00131668,0x0013167C,20
FUN_00131680,0x00131680,0x0013168C,12
FUN_00131690,0x00131690,0x001316B4,36
FUN_001316b8,0x001316B8,0x001316D4,28
FUN_001316d8,0x001316D8,0x00131738,96
FUN_00131738,0x00131738,0x0013187C,324
gap_0013187c,0x0013187C,0x0013188C,16
FUN_00131890,0x00131890,0x001318F4,100
FUN_001318f8,0x001318F8,0x0013197C,132
gap_0013197c,0x0013197C,0x00131AC0,324
FUN_00131ac0,0x00131AC0,0x00131B14,84
FUN_00131b18,0x00131B18,0x00131B60,72
FUN_00131b60,0x00131B60,0x00131D94,564
gap_00131d94,0x00131D94,0x00131DB8,36
FUN_00131db8,0x00131DB8,0x001324C8,1808
gap_001324c8,0x001324C8,0x001324E0,24
FUN_001324e0,0x001324E0,0x00132514,52
FUN_00132518,0x00132518,0x001325F8,224
FUN_001325f8,0x001325F8,0x0013268C,148
FUN_00132690,0x00132690,0x00132740,176
FUN_00132740,0x00132740,0x00132844,260
FUN_00132848,0x00132848,0x00132908,192
FUN_00132908,0x00132908,0x00132984,124
FUN_00132988,0x00132988,0x001329D4,76
FUN_001329d8,0x001329D8,0x00132A7C,164
FUN_00132a80,0x00132A80,0x00132AAC,44
FUN_00132ab0,0x00132AB0,0x00132BB8,264
FUN_00132bb8,0x00132BB8,0x00132CE8,304
FUN_00132ce8,0x00132CE8,0x00132D68,128
FUN_00132d68,0x00132D68,0x00132E24,188
FUN_00132e28,0x00132E28,0x00132E60,56
FUN_00132e60,0x00132E60,0x0013306C,524
FUN_00133070,0x00133070,0x00133158,232
gap_00133158,0x00133158,0x0013316C,20
FUN_00133170,0x00133170,0x001332C8,344
FUN_001332c8,0x001332C8,0x00133330,104
FUN_00133330,0x00133330,0x001334C0,400
FUN_001334c0,0x001334C0,0x00133590,208
FUN_00133590,0x00133590,0x00133728,408
FUN_00133728,0x00133728,0x00133888,352
gap_00133888,0x00133888,0x001338AC,36
FUN_001338b0,0x001338B0,0x0013395C,172
gap_0013395c,0x0013395C,0x0013397C,32
FUN_00133980,0x00133980,0x001339F0,112
FUN_001339f0,0x001339F0,0x001343B8,2504
gap_001343b8,0x001343B8,0x001343DC,36
FUN_001343e0,0x001343E0,0x001343F8,24
FUN_001343f8,0x001343F8,0x0013445C,100
FUN_00134460,0x00134460,0x001344C0,96
FUN_001344c0,0x001344C0,0x00134A38,1400
gap_00134a38,0x00134A38,0x00134A60,40
FUN_00134a60,0x00134A60,0x00134A94,52
FUN_00134a98,0x00134A98,0x00134C0C,372
gap_00134c0c,0x00134C0C,0x00134C14,8
FUN_00134c18,0x00134C18,0x00134C60,72
FUN_00134c60,0x00134C60,0x00134CB8,88
FUN_00134cb8,0x00134CB8,0x00134D28,112
FUN_00134d28,0x00134D28,0x00134DA8,128
FUN_00134da8,0x00134DA8,0x00134E74,204
gap_00134e74,0x00134E74,0x00134E80,12
FUN_00134e80,0x00134E80,0x00134F18,152
FUN_00134f18,0x00134F18,0x00134F38,32
FUN_00134f38,0x00134F38,0x00134F5C,36
FUN_00134f60,0x00134F60,0x00134F7C,28
FUN_00134f80,0x00134F80,0x00134FA0,32
FUN_00134fa0,0x00134FA0,0x00134FFC,92
FUN_00135000,0x00135000,0x00135008,8
gap_00135008,0x00135008,0x00135014,12
FUN_00135018,0x00135018,0x001350A0,136
FUN_001350a0,0x001350A0,0x00135130,144
FUN_00135130,0x00135130,0x0013518C,92
gap_0013518c,0x0013518C,0x00135194,8
FUN_00135198,0x00135198,0x00135218,128
FUN_00135218,0x00135218,0x00135270,88
gap_00135270,0x00135270,0x0013527C,12
FUN_00135280,0x00135280,0x0013529C,28
FUN_001352a0,0x001352A0,0x00135378,216
FUN_00135378,0x00135378,0x001354A4,300
FUN_001354a8,0x001354A8,0x00135638,400
FUN_00135638,0x00135638,0x0013577C,324
FUN_00135780,0x00135780,0x00135894,276
FUN_00135898,0x00135898,0x001359D0,312
FUN_001359d0,0x001359D0,0x00135AA8,216
FUN_00135aa8,0x00135AA8,0x00135C54,428
FUN_00135c58,0x00135C58,0x00135E08,432
gap_00135e08,0x00135E08,0x00135E10,8
FUN_00135e10,0x00135E10,0x00135FCC,444
FUN_00135fd0,0x00135FD0,0x00136020,80
FUN_00136020,0x00136020,0x001360A4,132
FUN_001360a8,0x001360A8,0x00136F74,3788
gap_00136f74,0x00136F74,0x00136FBC,72
FUN_00136fc0,0x00136FC0,0x00136FE4,36
FUN_00136fe8,0x00136FE8,0x00137010,40
FUN_00137010,0x00137010,0x001370F8,232
FUN_001370f8,0x001370F8,0x00137304,524
gap_00137304,0x00137304,0x00137330,44
FUN_00137330,0x00137330,0x0013735C,44
FUN_00137360,0x00137360,0x001373AC,76
FUN_001373b0,0x001373B0,0x001373D0,32
FUN_001373d0,0x001373D0,0x001374B8,232
FUN_001374b8,0x001374B8,0x00137634,380
gap_00137634,0x00137634,0x00137640,12
FUN_00137640,0x00137640,0x00137680,64
gap_00137680,0x00137680,0x00137688,8
FUN_00137688,0x00137688,0x0013773C,180
FUN_00137740,0x00137740,0x001377B4,116
gap_001377b8,0x001377B8,0x001383B0,3064
FUN_001383b0,0x001383B0,0x001383F0,64
gap_001383f0,0x001383F0,0x001383F8,8
FUN_001383f8,0x001383F8,0x001384AC,180
FUN_001384b0,0x001384B0,0x00138524,116
gap_00138528,0x00138528,0x00139B98,5744
FUN_00139b98,0x00139B98,0x00139D28,400
gap_00139d28,0x00139D28,0x00139D58,48
FUN_00139d58,0x00139D58,0x00139D84,44
gap_00139d84,0x00139D84,0x00139E34,176
FUN_00139e38,0x00139E38,0x00139E8C,84
FUN_00139e90,0x00139E90,0x00139EE4,84
FUN_00139ee8,0x00139EE8,0x00139FF8,272
FUN_00139ff8,0x00139FF8,0x0013A058,96
FUN_0013a058,0x0013A058,0x0013A15C,260
gap_0013a15c,0x0013A15C,0x0013A164,8
FUN_0013a168,0x0013A168,0x0013A1DC,116
FUN_0013a1e0,0x0013A1E0,0x0013A804,1572
gap_0013a804,0x0013A804,0x0013A874,112
FUN_0013a878,0x0013A878,0x0013AF00,1672
gap_0013af00,0x0013AF00,0x0013AF08,8
FUN_0013af08,0x0013AF08,0x0013B458,1360
gap_0013b458,0x0013B458,0x0013B484,44
FUN_0013b488,0x0013B488,0x0013B9F0,1384
FUN_0013b9f0,0x0013B9F0,0x0013BA98,168
FUN_0013ba98,0x0013BA98,0x0013BB80,232
FUN_0013bb80,0x0013BB80,0x0013BC98,280
FUN_0013bc98,0x0013BC98,0x0013BD08,112
gap_0013bd08,0x0013BD08,0x0013BD10,8
FUN_0013bd10,0x0013BD10,0x0013BE28,280
gap_0013be28,0x0013BE28,0x0013BE38,16
FUN_0013be38,0x0013BE38,0x0013BE74,60
FUN_0013be78,0x0013BE78,0x0013BEE8,112
gap_0013bee8,0x0013BEE8,0x0013BF2C,68
FUN_0013bf30,0x0013BF30,0x0013BF78,72
gap_0013bf78,0x0013BF78,0x0013BF8C,20
FUN_0013bf90,0x0013BF90,0x0013BFBC,44
FUN_0013bfc0,0x0013BFC0,0x0013BFFC,60
FUN_0013c000,0x0013C000,0x0013C084,132
gap_0013c084,0x0013C084,0x0013C0D8,84
FUN_0013c0d8,0x0013C0D8,0x0013C178,160
gap_0013c178,0x0013C178,0x0013C194,28
FUN_0013c198,0x0013C198,0x0013C3F4,604
FUN_0013c3f8,0x0013C3F8,0x0013C450,88
FUN_0013c450,0x0013C450,0x0013C4B4,100
FUN_0013c4b8,0x0013C4B8,0x0013C714,604
gap_0013c714,0x0013C714,0x0013C73C,40
FUN_0013c740,0x0013C740,0x0013C870,304
gap_0013c870,0x0013C870,0x0013C880,16
FUN_0013c880,0x0013C880,0x0013C9A0,288
FUN_0013c9a0,0x0013C9A0,0x0013C9EC,76
FUN_0013c9f0,0x0013C9F0,0x0013CAA8,184
FUN_0013caa8,0x0013CAA8,0x0013CB44,156
FUN_0013cb48,0x0013CB48,0x0013CB74,44
FUN_0013cb78,0x0013CB78,0x0013CBCC,84
FUN_0013cbd0,0x0013CBD0,0x0013CC70,160
FUN_0013cc70,0x0013CC70,0x0013CCDC,108
FUN_0013cce0,0x0013CCE0,0x0013CD08,40
FUN_0013cd10,0x0013CD10,0x0013CD70,96
FUN_0013cd70,0x0013CD70,0x0013CD84,20
FUN_0013cd90,0x0013CD90,0x0013CDA4,20
FUN_0013cdb0,0x0013CDB0,0x0013CDD4,36
FUN_0013cde0,0x0013CDE0,0x0013CE1C,60
FUN_0013ce20,0x0013CE20,0x0013CE44,36
FUN_0013ce50,0x0013CE50,0x0013CE6C,28
FUN_0013ce70,0x0013CE70,0x0013CE84,20
FUN_0013ce90,0x0013CE90,0x0013CEA4,20
FUN_0013ceb0,0x0013CEB0,0x0013CFB4,260
FUN_0013cfc0,0x0013CFC0,0x0013D024,100
FUN_0013d030,0x0013D030,0x0013D080,80
FUN_0013d080,0x0013D080,0x0013D320,672
FUN_0013d320,0x0013D320,0x0013D35C,60
FUN_0013d360,0x0013D360,0x0013D3DC,124
FUN_0013d3e0,0x0013D3E0,0x0013D458,120
FUN_0013d460,0x0013D460,0x0013D590,304
FUN_0013d590,0x0013D590,0x0013D6A8,280
FUN_0013d6b0,0x0013D6B0,0x0013D87C,460
FUN_0013d880,0x0013D880,0x0013D900,128
FUN_0013d900,0x0013D900,0x0013D928,40
FUN_0013d930,0x0013D930,0x0013DB4C,540
FUN_0013db50,0x0013DB50,0x0013DBB4,100
FUN_0013dbc0,0x0013DBC0,0x0013DC44,132
FUN_0013dc50,0x0013DC50,0x0013DC9C,76
FUN_0013dca0,0x0013DCA0,0x0013DCC4,36
FUN_0013dcd0,0x0013DCD0,0x0013DCFC,44
FUN_0013dd00,0x0013DD00,0x0013DD38,56
FUN_0013dd40,0x0013DD40,0x0013DD6C,44
FUN_0013dd70,0x0013DD70,0x0013DF84,532
FUN_0013df90,0x0013DF90,0x0013E0C0,304
FUN_0013e0c0,0x0013E0C0,0x0013E234,372
FUN_0013e240,0x0013E240,0x0013E368,296
FUN_0013e370,0x0013E370,0x0013E3D8,104
FUN_0013e3e0,0x0013E3E0,0x0013E448,104
FUN_0013e450,0x0013E450,0x0013E4B8,104
FUN_0013e4c0,0x0013E4C0,0x0013E4F4,52
FUN_0013e500,0x0013E500,0x0013E5A4,164
FUN_0013e5b0,0x0013E5B0,0x0013E6C4,276
FUN_0013e6d0,0x0013E6D0,0x0013E738,104
FUN_0013e740,0x0013E740,0x0013E78C,76
FUN_0013e790,0x0013E790,0x0013E7F8,104
FUN_0013e800,0x0013E800,0x0013E874,116
FUN_0013e880,0x0013E880,0x0013E944,196
FUN_0013e950,0x0013E950,0x0013E968,24
FUN_0013e970,0x0013E970,0x0013E990,32
FUN_0013e990,0x0013E990,0x0013E9BC,44
FUN_0013e9c0,0x0013E9C0,0x0013E9F4,52
FUN_0013ea00,0x0013EA00,0x0013EA38,56
FUN_0013ea40,0x0013EA40,0x0013EA68,40
FUN_0013ea70,0x0013EA70,0x0013EA9C,44
FUN_0013eaa0,0x0013EAA0,0x0013EAD0,48
FUN_0013ead0,0x0013EAD0,0x0013ECC0,496
FUN_0013ecc0,0x0013ECC0,0x0013ECE4,36
FUN_0013ecf0,0x0013ECF0,0x0013EE84,404
FUN_0013ee90,0x0013EE90,0x0013EF9C,268
FUN_0013efa0,0x0013EFA0,0x0013F02C,140
FUN_0013f030,0x0013F030,0x0013F1F4,452
FUN_0013f200,0x0013F200,0x0013F28C,140
FUN_0013f290,0x0013F290,0x0013F440,432
FUN_0013f440,0x0013F440,0x0013F464,36
FUN_0013f470,0x0013F470,0x0013F4A4,52
FUN_0013f4b0,0x0013F4B0,0x0013F4D0,32
FUN_0013f4d0,0x0013F4D0,0x0013F504,52
FUN_0013f510,0x0013F510,0x0013F538,40
FUN_0013f540,0x0013F540,0x0013F55C,28
FUN_0013f560,0x0013F560,0x0013F574,20
FUN_0013f580,0x0013F580,0x0013F5A4,36
FUN_0013f5b0,0x0013F5B0,0x0013F5C4,20
FUN_0013f5d0,0x0013F5D0,0x0013F620,80
FUN_0013f620,0x0013F620,0x0013F634,20
FUN_0013f640,0x0013F640,0x0013F654,20
FUN_0013f660,0x0013F660,0x0013F6A4,68
FUN_0013f6b0,0x0013F6B0,0x0013F6F4,68
FUN_0013f700,0x0013F700,0x0013F740,64
FUN_0013f740,0x0013F740,0x0013F74C,12
FUN_0013f750,0x0013F750,0x0013F760,16
FUN_0013f760,0x0013F760,0x0013F7BC,92
FUN_0013f7c0,0x0013F7C0,0x0013F838,120
FUN_0013f840,0x0013F840,0x0013F8A4,100
FUN_0013f8b0,0x0013F8B0,0x0013F8C0,16
FUN_0013f8c0,0x0013F8C0,0x0013F8C8,8
FUN_0013f8d0,0x0013F8D0,0x0013F8F0,32
FUN_0013f8f0,0x0013F8F0,0x0013F910,32
FUN_0013f910,0x0013F910,0x0013F930,32
FUN_0013f930,0x0013F930,0x0013F938,8
FUN_0013f940,0x0013F940,0x0013F95C,28
FUN_0013f960,0x0013F960,0x0013F980,32
FUN_0013f980,0x0013F980,0x0013F988,8
FUN_0013f990,0x0013F990,0x0013F998,8
FUN_0013f9a0,0x0013F9A0,0x0013F9B4,20
FUN_0013f9c0,0x0013F9C0,0x0013F9C8,8
FUN_0013f9d0,0x0013F9D0,0x0013FA08,56
FUN_0013fa10,0x0013FA10,0x0013FA18,8
FUN_0013fa20,0x0013FA20,0x0013FA28,8
FUN_0013fa30,0x0013FA30,0x0013FA38,8
FUN_0013fa40,0x0013FA40,0x0013FA48,8
FUN_0013fa50,0x0013FA50,0x0013FA58,8
FUN_0013fa60,0x0013FA60,0x0013FA80,32
FUN_0013fa80,0x0013FA80,0x0013FF88,1288
FUN_0013ff90,0x0013FF90,0x00140164,468
FUN_00140170,0x00140170,0x001402C4,340
FUN_001402d0,0x001402D0,0x001402EC,28
FUN_001402f0,0x001402F0,0x00140310,32
FUN_00140310,0x00140310,0x00140340,48
FUN_00140340,0x00140340,0x00140378,56
FUN_00140380,0x00140380,0x001403EC,108
FUN_001403f0,0x001403F0,0x00140454,100
FUN_00140460,0x00140460,0x00140528,200
FUN_00140530,0x00140530,0x001405F8,200
FUN_00140600,0x00140600,0x001406BC,188
FUN_001406c0,0x001406C0,0x0014079C,220
FUN_001407a0,0x001407A0,0x001408B4,276
FUN_001408c0,0x001408C0,0x00140984,196
FUN_00140990,0x00140990,0x001409A8,24
FUN_001409b0,0x001409B0,0x001409F4,68
FUN_00140a00,0x00140A00,0x00140A08,8
FUN_00140a10,0x00140A10,0x00140A44,52
FUN_00140a50,0x00140A50,0x00140A64,20
FUN_00140a70,0x00140A70,0x00140A78,8
FUN_00140a80,0x00140A80,0x00140BDC,348
FUN_00140be0,0x00140BE0,0x00140C98,184
FUN_00140ca0,0x00140CA0,0x00140CC8,40
FUN_00140cd0,0x00140CD0,0x00140DF0,288
FUN_00140df0,0x00140DF0,0x00140F04,276
FUN_00140f10,0x00140F10,0x00140FC8,184
FUN_00140fd0,0x00140FD0,0x00141058,136
FUN_00141060,0x00141060,0x001410C0,96
FUN_001410c0,0x001410C0,0x00141108,72
FUN_00141110,0x00141110,0x00141120,16
FUN_00141120,0x00141120,0x0014129C,380
FUN_001412a0,0x001412A0,0x0014133C,156
FUN_00141340,0x00141340,0x00141444,260
FUN_00141450,0x00141450,0x001414A4,84
FUN_001414b0,0x001414B0,0x0014154C,156
FUN_00141550,0x00141550,0x00141580,48
FUN_00141580,0x00141580,0x001415B0,48
FUN_001415b0,0x001415B0,0x001415CC,28
FUN_001415d0,0x001415D0,0x00141604,52
FUN_00141610,0x00141610,0x00141638,40
FUN_00141640,0x00141640,0x0014188C,588
FUN_00141890,0x00141890,0x00141898,8
FUN_001418a0,0x001418A0,0x001418A8,8
FUN_001418b0,0x001418B0,0x00141D28,1144
FUN_00141d30,0x00141D30,0x00141DA4,116
FUN_00141db0,0x00141DB0,0x00141E5C,172
FUN_00141e60,0x00141E60,0x00141EA0,64
FUN_00141ea0,0x00141EA0,0x0014214C,684
FUN_00142150,0x00142150,0x001421B0,96
FUN_001421b0,0x001421B0,0x001422D8,296
FUN_001422e0,0x001422E0,0x00142348,104
FUN_00142350,0x00142350,0x00142420,208
FUN_00142420,0x00142420,0x001426E4,708
FUN_001426f0,0x001426F0,0x00142858,360
FUN_00142860,0x00142860,0x00142934,212
FUN_00142940,0x00142940,0x00142DE8,1192
FUN_00142df0,0x00142DF0,0x00143068,632
FUN_00143070,0x00143070,0x001430E8,120
FUN_001430f0,0x001430F0,0x001431D4,228
FUN_001431e0,0x001431E0,0x00143340,352
FUN_00143340,0x00143340,0x00143428,232
FUN_00143430,0x00143430,0x00143488,88
FUN_00143490,0x00143490,0x001434AC,28
FUN_001434b0,0x001434B0,0x001434E0,48
FUN_001434e0,0x001434E0,0x00143520,64
FUN_00143520,0x00143520,0x00143548,40
FUN_00143550,0x00143550,0x00143B2C,1500
FUN_00143b30,0x00143B30,0x00143BE0,176
FUN_00143be0,0x00143BE0,0x00143D28,328
FUN_00143d30,0x00143D30,0x00143F3C,524
FUN_00143f40,0x00143F40,0x00144104,452
FUN_00144110,0x00144110,0x00144134,36
FUN_00144140,0x00144140,0x00144250,272
FUN_00144250,0x00144250,0x001443A0,336
FUN_001443a0,0x001443A0,0x001443C4,36
FUN_001443d0,0x001443D0,0x001443FC,44
FUN_00144400,0x00144400,0x00144498,152
FUN_001444a0,0x001444A0,0x00144620,384
FUN_00144620,0x00144620,0x00144838,536
FUN_00144840,0x00144840,0x00144870,48
FUN_00144870,0x00144870,0x001448DC,108
gap_001448e0,0x001448E0,0x001448F4,20
FUN_00144900,0x00144900,0x00144928,40
FUN_00144930,0x00144930,0x0014499C,108
FUN_001449a0,0x001449A0,0x001449D0,48
FUN_001449d0,0x001449D0,0x001449F0,32
FUN_001449f0,0x001449F0,0x00144A20,48
FUN_00144a20,0x00144A20,0x00144B98,376
FUN_00144ba0,0x00144BA0,0x00144BC8,40
FUN_00144bd0,0x00144BD0,0x00145078,1192
FUN_00145080,0x00145080,0x00145658,1496
FUN_00145660,0x00145660,0x00145668,8
FUN_00145670,0x00145670,0x0014567C,12
FUN_00145680,0x00145680,0x00145690,16
FUN_00145690,0x00145690,0x00145930,672
FUN_00145930,0x00145930,0x00145944,20
FUN_00145950,0x00145950,0x00145998,72
FUN_001459a0,0x001459A0,0x00145D6C,972
FUN_00145d70,0x00145D70,0x00145D94,36
FUN_00145da0,0x00145DA0,0x00145F48,424
FUN_00145f50,0x00145F50,0x00145F60,16
FUN_00145f60,0x00145F60,0x0014621C,700
FUN_00146220,0x00146220,0x001464C4,676
FUN_001464d0,0x001464D0,0x00146524,84
FUN_00146530,0x00146530,0x00146538,8
FUN_00146540,0x00146540,0x00146598,88
FUN_001465a0,0x001465A0,0x001465C0,32
FUN_001465c0,0x001465C0,0x00146620,96
FUN_00146620,0x00146620,0x00146644,36
FUN_00146650,0x00146650,0x00146674,36
FUN_00146680,0x00146680,0x0014668C,12
FUN_00146690,0x00146690,0x0014669C,12
FUN_001466a0,0x001466A0,0x00146728,136
FUN_00146730,0x00146730,0x0014673C,12
FUN_00146740,0x00146740,0x0014674C,12
FUN_00146750,0x00146750,0x00146E14,1732
FUN_00146e20,0x00146E20,0x00146E4C,44
FUN_00146e50,0x00146E50,0x00146EA0,80
FUN_00146ea0,0x00146EA0,0x00146ED4,52
FUN_00146ee0,0x00146EE0,0x00146FEC,268
FUN_00146ff0,0x00146FF0,0x001470D0,224
FUN_001470d0,0x001470D0,0x0014718C,188
FUN_00147190,0x00147190,0x001471D4,68
FUN_001471e0,0x001471E0,0x00147E28,3144
FUN_00147e30,0x00147E30,0x0014836C,1340
FUN_00148370,0x00148370,0x001483F4,132
FUN_00148400,0x00148400,0x0014852C,300
FUN_00148530,0x00148530,0x00149464,3892
FUN_00149470,0x00149470,0x00149494,36
FUN_001494a0,0x001494A0,0x00149540,160
FUN_00149540,0x00149540,0x00149858,792
FUN_00149860,0x00149860,0x001498E0,128
FUN_001498e0,0x001498E0,0x00149A5C,380
FUN_00149a60,0x00149A60,0x00149A68,8
FUN_00149a70,0x00149A70,0x00149B44,212
FUN_00149b50,0x00149B50,0x00149BDC,140
FUN_00149be0,0x00149BE0,0x00149C6C,140
FUN_00149c70,0x00149C70,0x00149CF4,132
FUN_00149d00,0x00149D00,0x00149DCC,204
FUN_00149dd0,0x00149DD0,0x00149E2C,92
FUN_00149e30,0x00149E30,0x0014A040,528
FUN_0014a040,0x0014A040,0x0014A0B4,116
FUN_0014a0c0,0x0014A0C0,0x0014A2B4,500
FUN_0014a2c0,0x0014A2C0,0x0014A330,112
FUN_0014a330,0x0014A330,0x0014A364,52
FUN_0014a370,0x0014A370,0x0014A378,8
FUN_0014a380,0x0014A380,0x0014A38C,12
FUN_0014a390,0x0014A390,0x0014A398,8
FUN_0014a3a0,0x0014A3A0,0x0014A3AC,12
FUN_0014a3b0,0x0014A3B0,0x0014A4F0,320
FUN_0014a4f0,0x0014A4F0,0x0014A548,88
FUN_0014a550,0x0014A550,0x0014A580,48
FUN_0014a580,0x0014A580,0x0014A5C4,68
FUN_0014a5d0,0x0014A5D0,0x0014A604,52
FUN_0014a610,0x0014A610,0x0014A9BC,940
FUN_0014a9c0,0x0014A9C0,0x0014AA00,64
FUN_0014aa00,0x0014AA00,0x0014AB34,308
FUN_0014ab40,0x0014AB40,0x0014AB60,32
FUN_0014ab60,0x0014AB60,0x0014AC98,312
FUN_0014aca0,0x0014ACA0,0x0014B140,1184
FUN_0014b140,0x0014B140,0x0014B194,84
FUN_0014b1a0,0x0014B1A0,0x0014B314,372
FUN_0014b320,0x0014B320,0x0014B374,84
FUN_0014b380,0x0014B380,0x0014B3B4,52
FUN_0014b3c0,0x0014B3C0,0x0014B3C8,8
FUN_0014b3d0,0x0014B3D0,0x0014B3D8,8
FUN_0014b3e0,0x0014B3E0,0x0014B454,116
FUN_0014b460,0x0014B460,0x0014B4B4,84
FUN_0014b4c0,0x0014B4C0,0x0014B5B8,248
FUN_0014b5c0,0x0014B5C0,0x0014B5F4,52
FUN_0014b600,0x0014B600,0x0014B794,404
FUN_0014b7a0,0x0014B7A0,0x0014B874,212
FUN_0014b880,0x0014B880,0x0014B8B0,48
FUN_0014b8b0,0x0014B8B0,0x0014B8D4,36
FUN_0014b8e0,0x0014B8E0,0x0014B90C,44
FUN_0014b910,0x0014B910,0x0014B948,56
FUN_0014b950,0x0014B950,0x0014B978,40
FUN_0014b980,0x0014B980,0x0014B9AC,44
FUN_0014b9b0,0x0014B9B0,0x0014BA28,120
FUN_0014ba30,0x0014BA30,0x0014BB14,228
FUN_0014bb20,0x0014BB20,0x0014BBE8,200
FUN_0014bbf0,0x0014BBF0,0x0014BC8C,156
FUN_0014bc90,0x0014BC90,0x0014BD08,120
FUN_0014bd10,0x0014BD10,0x0014BD24,20
FUN_0014bd30,0x0014BD30,0x0014BD68,56
FUN_0014bd70,0x0014BD70,0x0014BD84,20
FUN_0014bd90,0x0014BD90,0x0014BE18,136
FUN_0014be20,0x0014BE20,0x0014BE2C,12
FUN_0014be30,0x0014BE30,0x0014BF44,276
FUN_0014bf50,0x0014BF50,0x0014BF84,52
FUN_0014bf90,0x0014BF90,0x0014BFC4,52
FUN_0014bfd0,0x0014BFD0,0x0014BFFC,44
FUN_0014c000,0x0014C000,0x0014C134,308
FUN_0014c140,0x0014C140,0x0014C194,84
FUN_0014c1a0,0x0014C1A0,0x0014C1F4,84
FUN_0014c200,0x0014C200,0x0014C3A0,416
FUN_0014c3a0,0x0014C3A0,0x0014C3D8,56
FUN_0014c3e0,0x0014C3E0,0x0014C418,56
FUN_0014c420,0x0014C420,0x0014C514,244
FUN_0014c520,0x0014C520,0x0014CACC,1452
FUN_0014cad0,0x0014CAD0,0x0014CB00,48
FUN_0014cb00,0x0014CB00,0x0014CB94,148
FUN_0014cba0,0x0014CBA0,0x0014CC34,148
FUN_0014cc40,0x0014CC40,0x0014CCAC,108
FUN_0014ccb0,0x0014CCB0,0x0014CD1C,108
FUN_0014cd20,0x0014CD20,0x0014CD34,20
FUN_0014cd40,0x0014CD40,0x0014CD5C,28
FUN_0014cd60,0x0014CD60,0x0014CE5C,252
FUN_0014ce60,0x0014CE60,0x0014CFBC,348
FUN_0014cfc0,0x0014CFC0,0x0014D030,112
FUN_0014d030,0x0014D030,0x0014D140,272
FUN_0014d140,0x0014D140,0x0014D360,544
FUN_0014d360,0x0014D360,0x0014D3D4,116
FUN_0014d3e0,0x0014D3E0,0x0014D460,128
FUN_0014d460,0x0014D460,0x0014D5E8,392
FUN_0014d5f0,0x0014D5F0,0x0014D790,416
FUN_0014d790,0x0014D790,0x0014D7AC,28
FUN_0014d7b0,0x0014D7B0,0x0014D7CC,28
FUN_0014d7d0,0x0014D7D0,0x0014D860,144
FUN_0014d860,0x0014D860,0x0014DCB8,1112
FUN_0014dcc0,0x0014DCC0,0x0014DE3C,380
FUN_0014de40,0x0014DE40,0x0014DE58,24
FUN_0014de60,0x0014DE60,0x0014DEB0,80
FUN_0014deb0,0x0014DEB0,0x0014DEC8,24
FUN_0014ded0,0x0014DED0,0x0014DF70,160
FUN_0014df70,0x0014DF70,0x0014E044,212
FUN_0014e050,0x0014E050,0x0014E0A0,80
FUN_0014e0a0,0x0014E0A0,0x0014E0B8,24
FUN_0014e0c0,0x0014E0C0,0x0014E22C,364
FUN_0014e230,0x0014E230,0x0014E3B0,384
FUN_0014e3b0,0x0014E3B0,0x0014E3F0,64
FUN_0014e3f0,0x0014E3F0,0x0014E45C,108
FUN_0014e460,0x0014E460,0x0014E4CC,108
FUN_0014e4d0,0x0014E4D0,0x0014E4EC,28
FUN_0014e4f0,0x0014E4F0,0x0014E55C,108
FUN_0014e560,0x0014E560,0x0014E578,24
FUN_0014e580,0x0014E580,0x0014E598,24
FUN_0014e5a0,0x0014E5A0,0x0014E5B8,24
FUN_0014e5c0,0x0014E5C0,0x0014E5D8,24
FUN_0014e5e0,0x0014E5E0,0x0014E5FC,28
FUN_0014e600,0x0014E600,0x0014E65C,92
FUN_0014e660,0x0014E660,0x0014E678,24
FUN_0014e680,0x0014E680,0x0014E698,24
FUN_0014e6a0,0x0014E6A0,0x0014E6B8,24
FUN_0014e6c0,0x0014E6C0,0x0014E6DC,28
FUN_0014e6e0,0x0014E6E0,0x0014E6FC,28
FUN_0014e700,0x0014E700,0x0014E71C,28
FUN_0014e720,0x0014E720,0x0014E74C,44
FUN_0014e750,0x0014E750,0x0014E850,256
FUN_0014e850,0x0014E850,0x0014E958,264
FUN_0014e960,0x0014E960,0x0014EB38,472
FUN_0014eb40,0x0014EB40,0x0014EB48,8
FUN_0014eb50,0x0014EB50,0x0014EB68,24
FUN_0014eb70,0x0014EB70,0x0014EB7C,12
FUN_0014eb80,0x0014EB80,0x0014EB88,8
FUN_0014eb90,0x0014EB90,0x0014EBA0,16
FUN_0014eba0,0x0014EBA0,0x0014ED70,464
FUN_0014ed70,0x0014ED70,0x0014EDCC,92
FUN_0014edd0,0x0014EDD0,0x0014EE44,116
FUN_0014ee50,0x0014EE50,0x0014EEA4,84
FUN_0014eeb0,0x0014EEB0,0x0014EFA8,248
FUN_0014efb0,0x0014EFB0,0x0014F008,88
FUN_0014f010,0x0014F010,0x0014F02C,28
FUN_0014f030,0x0014F030,0x0014F040,16
FUN_0014f040,0x0014F040,0x0014F05C,28
FUN_0014f060,0x0014F060,0x0014F080,32
FUN_0014f080,0x0014F080,0x0014F0C4,68
FUN_0014f0d0,0x0014F0D0,0x0014F150,128
FUN_0014f150,0x0014F150,0x0014F178,40
FUN_0014f180,0x0014F180,0x0014F1FC,124
FUN_0014f200,0x0014F200,0x0014F27C,124
FUN_0014f280,0x0014F280,0x0014F324,164
FUN_0014f330,0x0014F330,0x0014F390,96
FUN_0014f390,0x0014F390,0x0014F468,216
FUN_0014f470,0x0014F470,0x0014F4A4,52
FUN_0014f4b0,0x0014F4B0,0x0014F64C,412
FUN_0014f650,0x0014F650,0x0014F684,52
FUN_0014f690,0x0014F690,0x0014F698,8
FUN_0014f6a0,0x0014F6A0,0x0014F6A8,8
FUN_0014f6b0,0x0014F6B0,0x0014F6B8,8
FUN_0014f6c0,0x0014F6C0,0x0014F784,196
FUN_0014f790,0x0014F790,0x0014F844,180
FUN_0014f850,0x0014F850,0x0014F898,72
FUN_0014f8a0,0x0014F8A0,0x0014F9B0,272
FUN_0014f9b0,0x0014F9B0,0x0014F9F0,64
FUN_0014f9f0,0x0014F9F0,0x0014FA6C,124
FUN_0014fa70,0x0014FA70,0x0014FB14,164
FUN_0014fb20,0x0014FB20,0x0014FBC4,164
FUN_0014fbd0,0x0014FBD0,0x0014FC74,164
FUN_0014fc80,0x0014FC80,0x0014FD24,164
FUN_0014fd30,0x0014FD30,0x0014FDE4,180
FUN_0014fdf0,0x0014FDF0,0x0014FE84,148
FUN_0014fe90,0x0014FE90,0x0014FEAC,28
FUN_0014feb0,0x0014FEB0,0x0014FF38,136
FUN_0014ff40,0x0014FF40,0x00150108,456
thunk_FUN_0021c450,0x00150110,0x00150118,8
thunk_FUN_0015d2d0,0x00150120,0x00150128,8
thunk_FUN_0015eb40,0x00150130,0x00150138,8
FUN_00150140,0x00150140,0x001501B0,112
FUN_001501b0,0x001501B0,0x00150648,1176
FUN_00150650,0x00150650,0x00150AFC,1196
FUN_00150b00,0x00150B00,0x00150FEC,1260
FUN_00150ff0,0x00150FF0,0x00151070,128
FUN_00151070,0x00151070,0x001510F0,128
FUN_001510f0,0x001510F0,0x00151180,144
FUN_00151180,0x00151180,0x001518E4,1892
FUN_001518f0,0x001518F0,0x00151954,100
FUN_00151960,0x00151960,0x001519B0,80
FUN_001519b0,0x001519B0,0x00151BA0,496
FUN_00151ba0,0x00151BA0,0x00151CD8,312
FUN_00151ce0,0x00151CE0,0x00151DB8,216
FUN_00151dc0,0x00151DC0,0x00151FC0,512
FUN_00151fc0,0x00151FC0,0x00152070,176
FUN_00152070,0x00152070,0x001520D4,100
FUN_001520e0,0x001520E0,0x001524B8,984
FUN_001524c0,0x001524C0,0x001524FC,60
FUN_00152500,0x00152500,0x00152934,1076
FUN_00152940,0x00152940,0x001529CC,140
FUN_001529d0,0x001529D0,0x00152A3C,108
FUN_00152a40,0x00152A40,0x00152AD0,144
FUN_00152ad0,0x00152AD0,0x00152B60,144
FUN_00152b60,0x00152B60,0x00152BF0,144
FUN_00152bf0,0x00152BF0,0x00152C34,68
FUN_00152c40,0x00152C40,0x00152C68,40
FUN_00152c70,0x00152C70,0x00152D24,180
FUN_00152d30,0x00152D30,0x00152EB0,384
FUN_00152eb0,0x00152EB0,0x00152F38,136
FUN_00152f40,0x00152F40,0x00153040,256
FUN_00153040,0x00153040,0x00153050,16
FUN_00153050,0x00153050,0x00153138,232
FUN_00153140,0x00153140,0x001531F0,176
FUN_001531f0,0x001531F0,0x00153594,932
FUN_001535a0,0x001535A0,0x001536A8,264
FUN_001536b0,0x001536B0,0x00153774,196
FUN_00153780,0x00153780,0x001538B0,304
FUN_001538b0,0x001538B0,0x00153950,160
FUN_00153950,0x00153950,0x001539C0,112
FUN_001539c0,0x001539C0,0x00153B38,376
FUN_00153b40,0x00153B40,0x00153CAC,364
FUN_00153cb0,0x00153CB0,0x00153CC4,20
FUN_00153cd0,0x00153CD0,0x00154010,832
gap_00154010,0x00154010,0x00154024,20
FUN_00154030,0x00154030,0x00154060,48
FUN_00154060,0x00154060,0x00154130,208
FUN_00154130,0x00154130,0x0015414C,28
FUN_00154150,0x00154150,0x00154178,40
FUN_00154180,0x00154180,0x001541A0,32
FUN_001541a0,0x001541A0,0x001545FC,1116
FUN_00154600,0x00154600,0x00154608,8
FUN_00154610,0x00154610,0x00154630,32
FUN_00154630,0x00154630,0x00154638,8
FUN_00154640,0x00154640,0x00154660,32
FUN_00154660,0x00154660,0x00154748,232
FUN_00154750,0x00154750,0x00154780,48
FUN_00154780,0x00154780,0x001547B8,56
FUN_001547c0,0x001547C0,0x001547D4,20
FUN_001547e0,0x001547E0,0x001548C8,232
FUN_001548d0,0x001548D0,0x00154900,48
FUN_00154900,0x00154900,0x00154938,56
FUN_00154940,0x00154940,0x00154954,20
FUN_00154960,0x00154960,0x00154A48,232
FUN_00154a50,0x00154A50,0x00154A80,48
FUN_00154a80,0x00154A80,0x00154AB8,56
FUN_00154ac0,0x00154AC0,0x00154AD4,20
FUN_00154ae0,0x00154AE0,0x00154CC4,484
FUN_00154cd0,0x00154CD0,0x00154D50,128
FUN_00154d50,0x00154D50,0x00154E5C,268
FUN_00154e60,0x00154E60,0x0015532C,1228
FUN_00155330,0x00155330,0x00155AEC,1980
FUN_00155af0,0x00155AF0,0x00155B8C,156
FUN_00155b90,0x00155B90,0x00155C58,200
FUN_00155c60,0x00155C60,0x00155D98,312
FUN_00155da0,0x00155DA0,0x00155EB0,272
FUN_00155eb0,0x00155EB0,0x00155EB8,8
gap_00155ec0,0x00155EC0,0x00155ED4,20
FUN_00155ee0,0x00155EE0,0x00155F20,64
FUN_00155f20,0x00155F20,0x00155FF8,216
FUN_00156000,0x00156000,0x001560A8,168
FUN_001560b0,0x001560B0,0x001560BC,12
FUN_001560c0,0x001560C0,0x00156190,208
FUN_00156190,0x00156190,0x001563DC,588
FUN_001563e0,0x001563E0,0x00156684,676
FUN_00156690,0x00156690,0x00156770,224
FUN_00156770,0x00156770,0x00156B8C,1052
FUN_00156b90,0x00156B90,0x00156FA8,1048
FUN_00156fb0,0x00156FB0,0x00157220,624
FUN_00157220,0x00157220,0x001573E0,448
FUN_001573e0,0x001573E0,0x001574E4,260
FUN_001574f0,0x001574F0,0x001575EC,252
FUN_001575f0,0x001575F0,0x00157810,544
FUN_00157810,0x00157810,0x001579F4,484
FUN_00157a00,0x00157A00,0x00157C1C,540
FUN_00157c20,0x00157C20,0x00157CD4,180
FUN_00157ce0,0x00157CE0,0x00157E74,404
FUN_00157e80,0x00157E80,0x00158328,1192
FUN_00158330,0x00158330,0x001583D4,164
thunk_FUN_0013e970,0x001583E0,0x001583E8,8
FUN_001583f0,0x001583F0,0x00158408,24
FUN_00158410,0x00158410,0x00158460,80
FUN_00158460,0x00158460,0x001584D8,120
FUN_001584e0,0x001584E0,0x00158518,56
FUN_00158520,0x00158520,0x00158578,88
FUN_00158580,0x00158580,0x00158624,164
FUN_00158630,0x00158630,0x00158664,52
FUN_00158670,0x00158670,0x001586E4,116
FUN_001586f0,0x001586F0,0x00158804,276
FUN_00158810,0x00158810,0x00158874,100
FUN_00158880,0x00158880,0x0015889C,28
FUN_001588a0,0x001588A0,0x001588DC,60
FUN_001588e0,0x001588E0,0x00158934,84
FUN_00158940,0x00158940,0x001589E4,164
FUN_001589f0,0x001589F0,0x00158A10,32
FUN_00158a10,0x00158A10,0x00158AA0,144
FUN_00158aa0,0x00158AA0,0x00158ADC,60
FUN_00158ae0,0x00158AE0,0x00158B20,64
FUN_00158b20,0x00158B20,0x00158B2C,12
FUN_00158b30,0x00158B30,0x00158B64,52
FUN_00158b70,0x00158B70,0x00158BA8,56
FUN_00158bb0,0x00158BB0,0x00158CAC,252
FUN_00158cb0,0x00158CB0,0x00158D8C,220
FUN_00158d90,0x00158D90,0x00158E34,164
FUN_00158e40,0x00158E40,0x00158EF8,184
FUN_00158f00,0x00158F00,0x00158F38,56
FUN_00158f40,0x00158F40,0x00158F54,20
FUN_00158f60,0x00158F60,0x001590E0,384
FUN_001590e0,0x001590E0,0x001590E8,8
FUN_001590f0,0x001590F0,0x001590FC,12
FUN_00159100,0x00159100,0x00159184,132
FUN_00159190,0x00159190,0x001591F4,100
FUN_00159200,0x00159200,0x001592A4,164
FUN_001592b0,0x001592B0,0x00159354,164
FUN_00159360,0x00159360,0x00159484,292
FUN_00159490,0x00159490,0x00159770,736
FUN_00159770,0x00159770,0x00159960,496
FUN_00159960,0x00159960,0x00159C28,712
FUN_00159c30,0x00159C30,0x0015A15C,1324
FUN_0015a160,0x0015A160,0x0015A170,16
FUN_0015a170,0x0015A170,0x0015A194,36
FUN_0015a1a0,0x0015A1A0,0x0015A39C,508
FUN_0015a3a0,0x0015A3A0,0x0015A604,612
FUN_0015a610,0x0015A610,0x0015A794,388
FUN_0015a7a0,0x0015A7A0,0x0015A7B4,20
FUN_0015a7c0,0x0015A7C0,0x0015AB44,900
FUN_0015ab50,0x0015AB50,0x0015AC98,328
FUN_0015aca0,0x0015ACA0,0x0015AD7C,220
FUN_0015ad80,0x0015AD80,0x0015AF0C,396
FUN_0015af10,0x0015AF10,0x0015B0FC,492
FUN_0015b100,0x0015B100,0x0015B2E4,484
FUN_0015b2f0,0x0015B2F0,0x0015B318,40
FUN_0015b320,0x0015B320,0x0015B8DC,1468
FUN_0015b8e0,0x0015B8E0,0x0015B930,80
FUN_0015b930,0x0015B930,0x0015BB04,468
FUN_0015bb10,0x0015BB10,0x0015BEE8,984
FUN_0015bef0,0x0015BEF0,0x0015BF40,80
FUN_0015bf40,0x0015BF40,0x0015C070,304
FUN_0015c070,0x0015C070,0x0015C16C,252
FUN_0015c170,0x0015C170,0x0015C268,248
FUN_0015c270,0x0015C270,0x0015C430,448
FUN_0015c430,0x0015C430,0x0015C640,528
FUN_0015c640,0x0015C640,0x0015C66C,44
gap_0015c670,0x0015C670,0x0015C68C,28
FUN_0015c690,0x0015C690,0x0015C6A0,16
FUN_0015c6a0,0x0015C6A0,0x0015C730,144
FUN_0015c730,0x0015C730,0x0015CDEC,1724
FUN_0015cdf0,0x0015CDF0,0x0015CF74,388
FUN_0015cf80,0x0015CF80,0x0015D030,176
FUN_0015d030,0x0015D030,0x0015D060,48
gap_0015d060,0x0015D060,0x0015D068,8
gap_0015d070,0x0015D070,0x0015D078,8
gap_0015d080,0x0015D080,0x0015D088,8
gap_0015d090,0x0015D090,0x0015D0C8,56
gap_0015d0d0,0x0015D0D0,0x0015D0D8,8
FUN_0015d0e0,0x0015D0E0,0x0015D2D0,496
FUN_0015d2d0,0x0015D2D0,0x0015D2F8,40
gap_0015d300,0x0015D300,0x0015D32C,44
FUN_0015d330,0x0015D330,0x0015D3A4,116
gap_0015d3b0,0x0015D3B0,0x0015D47C,204
FUN_0015d480,0x0015D480,0x0015D9B4,1332
FUN_0015d9c0,0x0015D9C0,0x0015E3A4,2532
FUN_0015e3a4,0x0015E3A4,0x0015E448,164
FUN_0015e448,0x0015E448,0x0015E4EC,164
FUN_0015e4ec,0x0015E4EC,0x0015E89C,944
FUN_0015e89c,0x0015E89C,0x0015E8CC,48
FUN_0015e8d0,0x0015E8D0,0x0015E8D8,8
FUN_0015e8e0,0x0015E8E0,0x0015E9F8,280
FUN_0015ea00,0x0015EA00,0x0015EB40,320
FUN_0015eb40,0x0015EB40,0x0015EBCC,140
gap_0015ebd0,0x0015EBD0,0x0015EBF0,32
FUN_0015ebf0,0x0015EBF0,0x0015EC2C,60
FUN_0015ec30,0x0015EC30,0x0015EC54,36
gap_0015ec60,0x0015EC60,0x0015EC68,8
FUN_0015ec70,0x0015EC70,0x0015EC7C,12
FUN_0015ec80,0x0015EC80,0x0015ECD8,88
FUN_0015ece0,0x0015ECE0,0x0015ECEC,12
FUN_0015ecf0,0x0015ECF0,0x0015ED80,144
FUN_0015ed80,0x0015ED80,0x0015EDA0,32
FUN_0015eda0,0x0015EDA0,0x0015EDC0,32
FUN_0015edc0,0x0015EDC0,0x0015EE18,88
FUN_0015ee20,0x0015EE20,0x0015EE68,72
FUN_0015ee70,0x0015EE70,0x0015EEC8,88
FUN_0015eed0,0x0015EED0,0x0015EF04,52
FUN_0015ef10,0x0015EF10,0x0015EF2C,28
FUN_0015ef30,0x0015EF30,0x0015EF4C,28
FUN_0015ef50,0x0015EF50,0x0015EF6C,28
FUN_0015ef70,0x0015EF70,0x0015EF78,8
FUN_0015ef80,0x0015EF80,0x0015EF88,8
FUN_0015ef90,0x0015EF90,0x0015EFF4,100
FUN_0015f000,0x0015F000,0x0015F020,32
FUN_0015f020,0x0015F020,0x0015F04C,44
FUN_0015f050,0x0015F050,0x0015F4C8,1144
FUN_0015f4d0,0x0015F4D0,0x0015F7B0,736
FUN_0015f7b0,0x0015F7B0,0x0015F860,176
FUN_0015f860,0x0015F860,0x0015F898,56
FUN_0015f8a0,0x0015F8A0,0x0015FA90,496
FUN_0015fa90,0x0015FA90,0x0015FC00,368
FUN_0015fc00,0x0015FC00,0x0015FC44,68
FUN_0015fc50,0x0015FC50,0x0015FC58,8
gap_0015fc60,0x0015FC60,0x00160224,1476
FUN_00160230,0x00160230,0x00160238,8
FUN_00160240,0x00160240,0x0016024C,12
FUN_00160250,0x00160250,0x00160330,224
FUN_00160330,0x00160330,0x00160444,276
FUN_00160450,0x00160450,0x00160468,24
FUN_00160470,0x00160470,0x00160488,24
FUN_00160490,0x00160490,0x00160498,8
FUN_001604a0,0x001604A0,0x00160508,104
FUN_00160510,0x00160510,0x00160518,8
FUN_00160520,0x00160520,0x00160528,8
FUN_00160530,0x00160530,0x001605C0,144
FUN_001605c0,0x001605C0,0x0016067C,188
FUN_00160680,0x00160680,0x0016077C,252
FUN_00160780,0x00160780,0x001607E0,96
FUN_001607e0,0x001607E0,0x001609B8,472
FUN_001609c0,0x001609C0,0x00160AF8,312
FUN_00160b00,0x00160B00,0x00160DC4,708
FUN_00160dd0,0x00160DD0,0x00160E9C,204
FUN_00160ea0,0x00160EA0,0x00160EAC,12
FUN_00160eb0,0x00160EB0,0x00160F28,120
FUN_00160f30,0x00160F30,0x00160F38,8
FUN_00160f40,0x00160F40,0x00160FB4,116
FUN_00160fc0,0x00160FC0,0x00161098,216
gap_001610a0,0x001610A0,0x001610AC,12
FUN_001610b0,0x001610B0,0x001611A0,240
FUN_001611a0,0x001611A0,0x001612BC,284
thunk_FUN_00161b50,0x001612C0,0x001612C8,8
thunk_FUN_00161ce0,0x001612D0,0x001612D8,8
FUN_001612e0,0x001612E0,0x001614CC,492
FUN_001614d0,0x001614D0,0x0016187C,940
FUN_00161880,0x00161880,0x00161ABC,572
FUN_00161abc,0x00161ABC,0x00161B38,124
gap_00161b38,0x00161B38,0x00161B50,24
FUN_00161b50,0x00161B50,0x00161CE0,400
FUN_00161ce0,0x00161CE0,0x00161EC4,484
FUN_00161ed0,0x00161ED0,0x00162308,1080
FUN_00162310,0x00162310,0x001623DC,204
FUN_001623e0,0x001623E0,0x00162508,296
FUN_00162510,0x00162510,0x00162518,8
FUN_00162520,0x00162520,0x00162770,592
FUN_00162770,0x00162770,0x001627C8,88
FUN_001627d0,0x001627D0,0x00162880,176
FUN_00162880,0x00162880,0x00162974,244
FUN_00162980,0x00162980,0x00162AB4,308
FUN_00162ac0,0x00162AC0,0x00162B30,112
FUN_00162b30,0x00162B30,0x00162BF4,196
FUN_00162c00,0x00162C00,0x00162C2C,44
FUN_00162c30,0x00162C30,0x00162D8C,348
FUN_00162d90,0x00162D90,0x00162E0C,124
FUN_00162e10,0x00162E10,0x00162E54,68
FUN_00162e60,0x00162E60,0x00162F00,160
FUN_00162f00,0x00162F00,0x00162FBC,188
FUN_00162fc0,0x00162FC0,0x00163294,724
FUN_001632a0,0x001632A0,0x00163574,724
FUN_00163580,0x00163580,0x001635FC,124
FUN_00163600,0x00163600,0x00163694,148
FUN_001636a0,0x001636A0,0x0016376C,204
thunk_FUN_001612e0,0x00163770,0x00163778,8
FUN_00163780,0x00163780,0x0016381C,156
FUN_00163820,0x00163820,0x0016397C,348
FUN_00163980,0x00163980,0x00163B48,456
FUN_00163b50,0x00163B50,0x00163C2C,220
FUN_00163c30,0x00163C30,0x00163CB8,136
FUN_00163cc0,0x00163CC0,0x00163CFC,60
FUN_00163d00,0x00163D00,0x00163D50,80
FUN_00163d50,0x00163D50,0x00163DCC,124
FUN_00163dd0,0x00163DD0,0x00163E78,168
FUN_00163e80,0x00163E80,0x001640F8,632
FUN_00164100,0x00164100,0x0016410C,12
FUN_00164110,0x00164110,0x0016411C,12
FUN_00164120,0x00164120,0x00164164,68
FUN_00164170,0x00164170,0x001641B4,68
FUN_001641c0,0x001641C0,0x00164268,168
FUN_00164270,0x00164270,0x0016439C,300
FUN_001643a0,0x001643A0,0x00164518,376
FUN_00164520,0x00164520,0x00164568,72
FUN_00164570,0x00164570,0x0016470C,412
FUN_00164710,0x00164710,0x001649D0,704
gap_001649d0,0x001649D0,0x001649F8,40
FUN_00164a00,0x00164A00,0x00164A5C,92
FUN_00164a60,0x00164A60,0x00164C08,424
FUN_00164c10,0x00164C10,0x00164C70,96
FUN_00164c70,0x00164C70,0x00164CCC,92
FUN_00164cd0,0x00164CD0,0x00164D3C,108
gap_00164d40,0x00164D40,0x00164D68,40
gap_00164d70,0x00164D70,0x00164D8C,28
gap_00164d90,0x00164D90,0x00164DE4,84
gap_00164df0,0x00164DF0,0x00164E00,16
FUN_00164e00,0x00164E00,0x00164E0C,12
FUN_00164e10,0x00164E10,0x00164E38,40
FUN_00164e40,0x00164E40,0x00164E48,8
FUN_00164e50,0x00164E50,0x00164E58,8
FUN_00164e60,0x00164E60,0x00164ECC,108
FUN_00164ed0,0x00164ED0,0x00164F00,48
FUN_00164f00,0x00164F00,0x00164F30,48
FUN_00164f30,0x00164F30,0x00164F54,36
FUN_00164f60,0x00164F60,0x00164FF4,148
FUN_00165000,0x00165000,0x00165094,148
FUN_001650a0,0x001650A0,0x00165134,148
FUN_00165140,0x00165140,0x001651D4,148
FUN_001651e0,0x001651E0,0x00165208,40
FUN_00165210,0x00165210,0x00165238,40
FUN_00165240,0x00165240,0x00165258,24
FUN_00165260,0x00165260,0x00165268,8
FUN_00165270,0x00165270,0x001652F8,136
FUN_00165300,0x00165300,0x00165350,80
FUN_00165350,0x00165350,0x001653C0,112
FUN_001653c0,0x001653C0,0x0016556C,428
FUN_00165570,0x00165570,0x00165B14,1444
FUN_00165b20,0x00165B20,0x00165B90,112
FUN_00165b90,0x00165B90,0x00165BFC,108
FUN_00165c00,0x00165C00,0x00165F9C,924
FUN_00165fa0,0x00165FA0,0x0016607C,220
FUN_00166080,0x00166080,0x0016615C,220
FUN_00166160,0x00166160,0x00166204,164
FUN_00166210,0x00166210,0x00166244,52
FUN_00166250,0x00166250,0x001662A0,80
FUN_001662a0,0x001662A0,0x001662A8,8
FUN_001662b0,0x001662B0,0x001662B8,8
FUN_001662c0,0x001662C0,0x001662C8,8
FUN_001662d0,0x001662D0,0x001662D8,8
FUN_001662e0,0x001662E0,0x001664B8,472
FUN_001664c0,0x001664C0,0x00166760,672
FUN_00166760,0x00166760,0x00166858,248
FUN_00166860,0x00166860,0x001668B8,88
FUN_001668c0,0x001668C0,0x00166920,96
FUN_00166920,0x00166920,0x00166AF4,468
FUN_00166b00,0x00166B00,0x00166B1C,28
FUN_00166b20,0x00166B20,0x00166B54,52
FUN_00166b60,0x00166B60,0x00166F44,996
FUN_00166f50,0x00166F50,0x00167124,468
FUN_00167130,0x00167130,0x00167174,68
FUN_00167180,0x00167180,0x00167194,20
FUN_001671a0,0x001671A0,0x00167218,120
FUN_00167220,0x00167220,0x00167228,8
FUN_00167230,0x00167230,0x0016726C,60
FUN_00167270,0x00167270,0x001673A4,308
FUN_001673a4,0x001673A4,0x001673B8,20
gap_001673b8,0x001673B8,0x001673D8,32
FUN_001673e0,0x001673E0,0x00167418,56
FUN_00167420,0x00167420,0x0016745C,60
FUN_00167460,0x00167460,0x00167630,464
FUN_00167630,0x00167630,0x00167640,16
FUN_00167640,0x00167640,0x00167650,16
FUN_00167650,0x00167650,0x00167664,20
FUN_00167670,0x00167670,0x001676D8,104
FUN_001676e0,0x001676E0,0x001676F8,24
FUN_00167700,0x00167700,0x00167758,88
FUN_00167760,0x00167760,0x00167778,24
FUN_00167780,0x00167780,0x001677B8,56
FUN_001677c0,0x001677C0,0x001677F4,52
gap_00167800,0x00167800,0x00167808,8
gap_00167810,0x00167810,0x0016781C,12
gap_00167820,0x00167820,0x00167828,8
gap_00167830,0x00167830,0x0016783C,12
FUN_00167840,0x00167840,0x00167904,196
FUN_00167910,0x00167910,0x001679D4,196
FUN_001679e0,0x001679E0,0x00167AA4,196
gap_00167ab0,0x00167AB0,0x00167AC0,16
FUN_00167ac0,0x00167AC0,0x00167AD4,20
FUN_00167ae0,0x00167AE0,0x00167B3C,92
FUN_00167b40,0x00167B40,0x00167C94,340
gap_00167ca0,0x00167CA0,0x00167CD4,52
gap_00167ce0,0x00167CE0,0x00167D00,32
FUN_00167d00,0x00167D00,0x00167D4C,76
gap_00167d50,0x00167D50,0x00167D58,8
gap_00167d60,0x00167D60,0x00167D80,32
FUN_00167d80,0x00167D80,0x00167D88,8
FUN_00167d90,0x00167D90,0x00167E14,132
gap_00167e20,0x00167E20,0x00167E28,8
FUN_00167e30,0x00167E30,0x00167EB4,132
FUN_00167ec0,0x00167EC0,0x00167F0C,76
gap_00167f10,0x00167F10,0x00167F18,8
gap_00167f20,0x00167F20,0x00167F2C,12
gap_00167f30,0x00167F30,0x00167F38,8
FUN_00167f40,0x00167F40,0x00167F7C,60
gap_00167f80,0x00167F80,0x00167F8C,12
gap_00167f90,0x00167F90,0x00167F9C,12
gap_00167fa0,0x00167FA0,0x00167FAC,12
gap_00167fb0,0x00167FB0,0x00167FBC,12
gap_00167fc0,0x00167FC0,0x00167FCC,12
gap_00167fd0,0x00167FD0,0x00167FDC,12
gap_00167fe0,0x00167FE0,0x00168014,52
gap_00168020,0x00168020,0x00168034,20
gap_00168040,0x00168040,0x00168054,20
gap_00168060,0x00168060,0x00168124,196
FUN_00168130,0x00168130,0x00168180,80
FUN_00168180,0x00168180,0x001681EC,108
FUN_001681f0,0x001681F0,0x001682D0,224
FUN_001682d0,0x001682D0,0x00168378,168
FUN_00168380,0x00168380,0x001683B0,48
FUN_001683b0,0x001683B0,0x00168550,416
FUN_00168550,0x00168550,0x00168584,52
FUN_00168590,0x00168590,0x0016868C,252
gap_00168690,0x00168690,0x001686A4,20
FUN_001686b0,0x001686B0,0x001686C4,20
FUN_001686d0,0x001686D0,0x00168718,72
FUN_00168720,0x00168720,0x001687D8,184
FUN_001687e0,0x001687E0,0x00168814,52
gap_00168820,0x00168820,0x0016882C,12
gap_00168830,0x00168830,0x0016884C,28
FUN_00168850,0x00168850,0x00168958,264
FUN_00168960,0x00168960,0x001689A4,68
FUN_001689b0,0x001689B0,0x001689D4,36
FUN_001689e0,0x001689E0,0x001689EC,12
FUN_001689f0,0x001689F0,0x001689FC,12
FUN_00168a00,0x00168A00,0x00168A0C,12
FUN_00168a10,0x00168A10,0x00168A6C,92
FUN_00168a70,0x00168A70,0x00168A78,8
FUN_00168a80,0x00168A80,0x00168A88,8
FUN_00168a90,0x00168A90,0x00168E00,880
FUN_00168e00,0x00168E00,0x00168E3C,60
FUN_00168e40,0x00168E40,0x00168EA0,96
FUN_00168ea0,0x00168EA0,0x00168EA8,8
FUN_00168eb0,0x00168EB0,0x00168EB8,8
FUN_00168ec0,0x00168EC0,0x00168EC8,8
FUN_00168ed0,0x00168ED0,0x00168EF4,36
FUN_00168f00,0x00168F00,0x00168F08,8
FUN_00168f10,0x00168F10,0x00168F18,8
FUN_00168f20,0x00168F20,0x00168F28,8
FUN_00168f30,0x00168F30,0x00168F88,88
FUN_00168f90,0x00168F90,0x00168FE0,80
FUN_00168fe0,0x00168FE0,0x00168FE8,8
FUN_00168ff0,0x00168FF0,0x00168FF8,8
FUN_00169000,0x00169000,0x00169008,8
FUN_00169010,0x00169010,0x0016901C,12
FUN_00169020,0x00169020,0x0016908C,108
FUN_00169090,0x00169090,0x0016909C,12
FUN_001690a0,0x001690A0,0x001690AC,12
FUN_001690b0,0x001690B0,0x001690BC,12
FUN_001690c0,0x001690C0,0x001690CC,12
FUN_001690d0,0x001690D0,0x001690DC,12
FUN_001690e0,0x001690E0,0x001693B0,720
FUN_001693b0,0x001693B0,0x00169744,916
FUN_00169750,0x00169750,0x0016978C,60
FUN_00169790,0x00169790,0x00169808,120
FUN_00169810,0x00169810,0x0016981C,12
FUN_00169820,0x00169820,0x00169860,64
FUN_00169860,0x00169860,0x001698F4,148
FUN_00169900,0x00169900,0x00169A14,276
FUN_00169a20,0x00169A20,0x00169AE8,200
FUN_00169af0,0x00169AF0,0x00169B58,104
FUN_00169b60,0x00169B60,0x00169C28,200
FUN_00169c30,0x00169C30,0x00169C98,104
FUN_00169ca0,0x00169CA0,0x00169D68,200
FUN_00169d70,0x00169D70,0x00169DD8,104
FUN_00169de0,0x00169DE0,0x00169EA8,200
FUN_00169eb0,0x00169EB0,0x00169F18,104
FUN_00169f20,0x00169F20,0x00169FF8,216
FUN_0016a000,0x0016A000,0x0016A030,48
FUN_0016a030,0x0016A030,0x0016A058,40
FUN_0016a060,0x0016A060,0x0016A088,40
FUN_0016a090,0x0016A090,0x0016A0D4,68
FUN_0016a0e0,0x0016A0E0,0x0016A108,40
FUN_0016a110,0x0016A110,0x0016A138,40
FUN_0016a140,0x0016A140,0x0016A16C,44
FUN_0016a170,0x0016A170,0x0016A198,40
FUN_0016a1a0,0x0016A1A0,0x0016A1D0,48
FUN_0016a1d0,0x0016A1D0,0x0016A228,88
FUN_0016a230,0x0016A230,0x0016A294,100
FUN_0016a2a0,0x0016A2A0,0x0016A448,424
FUN_0016a450,0x0016A450,0x0016A4B8,104
FUN_0016a4c0,0x0016A4C0,0x0016A6F4,564
FUN_0016a700,0x0016A700,0x0016A754,84
FUN_0016a760,0x0016A760,0x0016A768,8
FUN_0016a770,0x0016A770,0x0016A778,8
FUN_0016a780,0x0016A780,0x0016A7A4,36
FUN_0016a7b0,0x0016A7B0,0x0016A7B8,8
FUN_0016a7c0,0x0016A7C0,0x0016A9F4,564
FUN_0016aa00,0x0016AA00,0x0016AA54,84
FUN_0016aa60,0x0016AA60,0x0016AA68,8
FUN_0016aa70,0x0016AA70,0x0016AA78,8
FUN_0016aa80,0x0016AA80,0x0016AAA4,36
FUN_0016aab0,0x0016AAB0,0x0016AAB8,8
FUN_0016aac0,0x0016AAC0,0x0016ACF4,564
FUN_0016ad00,0x0016AD00,0x0016AD54,84
FUN_0016ad60,0x0016AD60,0x0016AD68,8
FUN_0016ad70,0x0016AD70,0x0016AD78,8
FUN_0016ad80,0x0016AD80,0x0016ADA4,36
FUN_0016adb0,0x0016ADB0,0x0016ADB8,8
FUN_0016adc0,0x0016ADC0,0x0016AFF4,564
FUN_0016b000,0x0016B000,0x0016B054,84
FUN_0016b060,0x0016B060,0x0016B068,8
FUN_0016b070,0x0016B070,0x0016B078,8
FUN_0016b080,0x0016B080,0x0016B0A4,36
FUN_0016b0b0,0x0016B0B0,0x0016B0B8,8
FUN_0016b0c0,0x0016B0C0,0x0016B140,128
FUN_0016b140,0x0016B140,0x0016B330,496
FUN_0016b330,0x0016B330,0x0016B33C,12
FUN_0016b340,0x0016B340,0x0016B3B0,112
FUN_0016b3b0,0x0016B3B0,0x0016B4FC,332
FUN_0016b500,0x0016B500,0x0016B64C,332
FUN_0016b650,0x0016B650,0x0016B66C,28
FUN_0016b670,0x0016B670,0x0016B6BC,76
FUN_0016b6c0,0x0016B6C0,0x0016B6D4,20
FUN_0016b6e0,0x0016B6E0,0x0016B740,96
gap_0016b740,0x0016B740,0x0016B748,8
gap_0016b750,0x0016B750,0x0016B758,8
thunk_FUN_002805a0,0x0016B760,0x0016B768,8
thunk_FUN_00280520,0x0016B770,0x0016B778,8
thunk_FUN_002804d0,0x0016B780,0x0016B788,8
thunk_FUN_00280480,0x0016B790,0x0016B798,8
thunk_FUN_00280900,0x0016B7A0,0x0016B7A8,8
thunk_FUN_00280890,0x0016B7B0,0x0016B7B8,8
gap_0016b7c0,0x0016B7C0,0x0016B7C8,8
FUN_0016b7d0,0x0016B7D0,0x0016B7D8,8
thunk_FUN_00280960,0x0016B7E0,0x0016B7E8,8
FUN_0016b7f0,0x0016B7F0,0x0016B7F8,8
FUN_0016b800,0x0016B800,0x0016B808,8
FUN_0016b810,0x0016B810,0x0016B818,8
FUN_0016b820,0x0016B820,0x0016B828,8
thunk_FUN_00280a10,0x0016B830,0x0016B838,8
FUN_0016b840,0x0016B840,0x0016B848,8
FUN_0016b850,0x0016B850,0x0016B8B4,100
FUN_0016b8c0,0x0016B8C0,0x0016B9D0,272
FUN_0016b9d0,0x0016B9D0,0x0016BA34,100
FUN_0016ba40,0x0016BA40,0x0016BB48,264
FUN_0016bb50,0x0016BB50,0x0016BB8C,60
FUN_0016bb90,0x0016BB90,0x0016BC60,208
FUN_0016bc60,0x0016BC60,0x0016BD30,208
FUN_0016bd30,0x0016BD30,0x0016BE40,272
FUN_0016be40,0x0016BE40,0x0016BEA4,100
FUN_0016beb0,0x0016BEB0,0x0016C00C,348
FUN_0016c010,0x0016C010,0x0016C0FC,236
FUN_0016c100,0x0016C100,0x0016C1C0,192
FUN_0016c1c0,0x0016C1C0,0x0016C1F8,56
FUN_0016c200,0x0016C200,0x0016C2EC,236
FUN_0016c2f0,0x0016C2F0,0x0016C3B0,192
FUN_0016c3b0,0x0016C3B0,0x0016C3F4,68
FUN_0016c400,0x0016C400,0x0016C4C0,192
FUN_0016c4c0,0x0016C4C0,0x0016C500,64
FUN_0016c500,0x0016C500,0x0016C5F4,244
FUN_0016c600,0x0016C600,0x0016C6F0,240
FUN_0016c6f0,0x0016C6F0,0x0016C7E8,248
FUN_0016c7f0,0x0016C7F0,0x0016C82C,60
FUN_0016c830,0x0016C830,0x0016C864,52
FUN_0016c870,0x0016C870,0x0016C92C,188
FUN_0016c930,0x0016C930,0x0016CA9C,364
FUN_0016caa0,0x0016CAA0,0x0016CB3C,156
FUN_0016cb40,0x0016CB40,0x0016CBB0,112
FUN_0016cbb0,0x0016CBB0,0x0016CD1C,364
FUN_0016cd20,0x0016CD20,0x0016CDF4,212
FUN_0016ce00,0x0016CE00,0x0016CE40,64
FUN_0016ce40,0x0016CE40,0x0016CE90,80
FUN_0016ce90,0x0016CE90,0x0016CEC4,52
FUN_0016ced0,0x0016CED0,0x0016D09C,460
FUN_0016d0a0,0x0016D0A0,0x0016D0B0,16
FUN_0016d0b0,0x0016D0B0,0x0016D0D4,36
FUN_0016d0e0,0x0016D0E0,0x0016D160,128
FUN_0016d160,0x0016D160,0x0016D184,36
FUN_0016d190,0x0016D190,0x0016D1B8,40
FUN_0016d1c0,0x0016D1C0,0x0016D218,88
FUN_0016d220,0x0016D220,0x0016D240,32
FUN_0016d240,0x0016D240,0x0016D2C8,136
FUN_0016d2d0,0x0016D2D0,0x0016D348,120
FUN_0016d350,0x0016D350,0x0016D374,36
FUN_0016d380,0x0016D380,0x0016D4EC,364
FUN_0016d4f0,0x0016D4F0,0x0016D560,112
FUN_0016d560,0x0016D560,0x0016D5B4,84
FUN_0016d5c0,0x0016D5C0,0x0016D5E8,40
FUN_0016d5f0,0x0016D5F0,0x0016D6D8,232
FUN_0016d6e0,0x0016D6E0,0x0016D838,344
FUN_0016d840,0x0016D840,0x0016D9C0,384
FUN_0016d9c0,0x0016D9C0,0x0016DDE0,1056
FUN_0016dde0,0x0016DDE0,0x0016DE9C,188
FUN_0016dea0,0x0016DEA0,0x0016E020,384
FUN_0016e020,0x0016E020,0x0016E030,16
FUN_0016e030,0x0016E030,0x0016E1A8,376
FUN_0016e1b0,0x0016E1B0,0x0016E220,112
FUN_0016e220,0x0016E220,0x0016E304,228
FUN_0016e310,0x0016E310,0x0016E374,100
FUN_0016e380,0x0016E380,0x0016E450,208
FUN_0016e450,0x0016E450,0x0016E488,56
FUN_0016e490,0x0016E490,0x0016E4B8,40
FUN_0016e4c0,0x0016E4C0,0x0016E4FC,60
FUN_0016e500,0x0016E500,0x0016E530,48
FUN_0016e530,0x0016E530,0x0016E5F4,196
FUN_0016e600,0x0016E600,0x0016E670,112
FUN_0016e670,0x0016E670,0x0016E7E8,376
FUN_0016e7f0,0x0016E7F0,0x0016E920,304
FUN_0016e920,0x0016E920,0x0016EA98,376
FUN_0016eaa0,0x0016EAA0,0x0016EC2C,396
FUN_0016ec30,0x0016EC30,0x0016ED60,304
FUN_0016ed60,0x0016ED60,0x0016EE2C,204
FUN_0016ee30,0x0016EE30,0x0016EE6C,60
FUN_0016ee70,0x0016EE70,0x0016EE98,40
FUN_0016eea0,0x0016EEA0,0x0016EF90,240
FUN_0016ef90,0x0016EF90,0x0016F040,176
FUN_0016f040,0x0016F040,0x0016F1B4,372
FUN_0016f1c0,0x0016F1C0,0x0016F1F0,48
FUN_0016f1f0,0x0016F1F0,0x0016F220,48
FUN_0016f220,0x0016F220,0x0016F268,72
gap_0016f270,0x0016F270,0x0016F278,8
gap_0016f280,0x0016F280,0x0016F2AC,44
gap_0016f2b0,0x0016F2B0,0x0016F2B8,8
gap_0016f2c0,0x0016F2C0,0x0016F318,88
FUN_0016f320,0x0016F320,0x0016F438,280
FUN_0016f440,0x0016F440,0x0016F48C,76
FUN_0016f490,0x0016F490,0x0016F704,628
FUN_0016f710,0x0016F710,0x0016F718,8
FUN_0016f720,0x0016F720,0x0016F77C,92
FUN_0016f780,0x0016F780,0x0016F78C,12
FUN_0016f790,0x0016F790,0x0016F7FC,108
FUN_0016f800,0x0016F800,0x0016FA2C,556
FUN_0016fa30,0x0016FA30,0x0016FF94,1380
FUN_0016ffa0,0x0016FFA0,0x00170A7C,2780
FUN_00170a80,0x00170A80,0x00170A88,8
FUN_00170a90,0x00170A90,0x00170AB0,32
FUN_00170ab0,0x00170AB0,0x00170AE8,56
gap_00170af0,0x00170AF0,0x00170AF8,8
gap_00170b00,0x00170B00,0x00170B08,8
gap_00170b10,0x00170B10,0x00170B18,8
FUN_00170b20,0x00170B20,0x00170B5C,60
FUN_00170b60,0x00170B60,0x00171088,1320
FUN_00171090,0x00171090,0x0017121C,396
FUN_00171220,0x00171220,0x0017137C,348
gap_00171380,0x00171380,0x00171388,8
gap_00171390,0x00171390,0x00171398,8
gap_001713a0,0x001713A0,0x001713A8,8
FUN_001713b0,0x001713B0,0x00171410,96
FUN_00171410,0x00171410,0x00171418,8
FUN_00171420,0x00171420,0x00171428,8
FUN_00171430,0x00171430,0x0017150C,220
FUN_00171510,0x00171510,0x0017167C,364
FUN_00171680,0x00171680,0x00171748,200
FUN_00171750,0x00171750,0x00171768,24
FUN_00171770,0x00171770,0x0017184C,220
FUN_00171850,0x00171850,0x001718A4,84
FUN_001718b0,0x001718B0,0x001718BC,12
FUN_001718c0,0x001718C0,0x00171948,136
gap_00171950,0x00171950,0x0017196C,28
FUN_00171970,0x00171970,0x00171B84,532
FUN_00171b90,0x00171B90,0x00171E18,648
FUN_00171e20,0x00171E20,0x00171FA8,392
FUN_00171fb0,0x00171FB0,0x00172404,1108
FUN_00172410,0x00172410,0x001724F0,224
FUN_001724f0,0x001724F0,0x00172548,88
FUN_00172550,0x00172550,0x00172624,212
FUN_00172630,0x00172630,0x001729AC,892
FUN_001729b0,0x001729B0,0x001729C4,20
FUN_001729d0,0x001729D0,0x00172A28,88
FUN_00172a30,0x00172A30,0x00172D20,752
FUN_00172d20,0x00172D20,0x00173144,1060
gap_00173150,0x00173150,0x0017316C,28
FUN_00173170,0x00173170,0x00173314,420
FUN_00173320,0x00173320,0x0017346C,332
FUN_00173470,0x00173470,0x001735B8,328
FUN_001735c0,0x001735C0,0x00173678,184
FUN_00173680,0x00173680,0x00173858,472
FUN_00173860,0x00173860,0x0017387C,28
FUN_00173880,0x00173880,0x001738A4,36
FUN_001738b0,0x001738B0,0x001738D4,36
FUN_001738e0,0x001738E0,0x00173968,136
FUN_00173970,0x00173970,0x00173998,40
FUN_001739a0,0x001739A0,0x00173A7C,220
FUN_00173a80,0x00173A80,0x00173AA0,32
FUN_00173aa0,0x00173AA0,0x00173AC0,32
FUN_00173ac0,0x00173AC0,0x00173C50,400
FUN_00173c50,0x00173C50,0x00173E88,568
FUN_00173e90,0x00173E90,0x001740C8,568
FUN_001740d0,0x001740D0,0x001744F0,1056
FUN_001744f0,0x001744F0,0x001744F8,8
FUN_00174500,0x00174500,0x00174508,8
FUN_00174510,0x00174510,0x001748EC,988
FUN_001748f0,0x001748F0,0x00174CDC,1004
FUN_00174ce0,0x00174CE0,0x00174EA4,452
FUN_00174eb0,0x00174EB0,0x00175014,356
FUN_00175020,0x00175020,0x001751C4,420
FUN_001751d0,0x001751D0,0x00175328,344
FUN_00175330,0x00175330,0x00175424,244
FUN_00175430,0x00175430,0x0017548C,92
FUN_00175490,0x00175490,0x001754AC,28
FUN_001754b0,0x001754B0,0x001754CC,28
FUN_001754d0,0x001754D0,0x001754E8,24
FUN_001754f0,0x001754F0,0x001755F8,264
FUN_00175600,0x00175600,0x001758BC,700
FUN_001758c0,0x001758C0,0x00175900,64
FUN_00175900,0x00175900,0x0017592C,44
FUN_00175930,0x00175930,0x00175A94,356
FUN_00175aa0,0x00175AA0,0x0017610C,1644
FUN_00176110,0x00176110,0x00176138,40
FUN_00176140,0x00176140,0x001762B0,368
FUN_001762b0,0x001762B0,0x001765C0,784
FUN_001765c0,0x001765C0,0x00176690,208
FUN_00176690,0x00176690,0x001768F8,616
FUN_00176900,0x00176900,0x00176CC8,968
FUN_00176cd0,0x00176CD0,0x00176DEC,284
FUN_00176df0,0x00176DF0,0x00176E54,100
FUN_00176e60,0x00176E60,0x0017700C,428
FUN_00177010,0x00177010,0x00177050,64
FUN_00177050,0x00177050,0x00177188,312
FUN_00177190,0x00177190,0x001771A4,20
FUN_001771b0,0x001771B0,0x00177254,164
FUN_00177260,0x00177260,0x00177274,20
FUN_00177280,0x00177280,0x001772D4,84
FUN_001772e0,0x001772E0,0x0017730C,44
FUN_00177310,0x00177310,0x001777D4,1220
FUN_001777e0,0x001777E0,0x00177B3C,860
FUN_00177b40,0x00177B40,0x00177B48,8
FUN_00177b50,0x00177B50,0x00177B64,20
FUN_00177b70,0x00177B70,0x00177BA4,52
FUN_00177bb0,0x00177BB0,0x00177BE4,52
FUN_00177bf0,0x00177BF0,0x00177C18,40
FUN_00177c20,0x00177C20,0x00177C98,120
gap_00177ca0,0x00177CA0,0x00177CD0,48
FUN_00177cd0,0x00177CD0,0x00177D00,48
FUN_00177d00,0x00177D00,0x00177D14,20
FUN_00177d14,0x00177D14,0x00177D60,76
FUN_00177d60,0x00177D60,0x00177E50,240
FUN_00177e50,0x00177E50,0x00177E90,64
FUN_00177e90,0x00177E90,0x00178080,496
FUN_00178080,0x00178080,0x00178088,8
FUN_00178090,0x00178090,0x00178098,8
FUN_001780a0,0x001780A0,0x00178138,152
FUN_00178140,0x00178140,0x001784E0,928
FUN_001784e0,0x001784E0,0x00178588,168
FUN_00178588,0x00178588,0x001785F4,108
FUN_001785f4,0x001785F4,0x00178640,76
FUN_00178640,0x00178640,0x0017885C,540
FUN_00178860,0x00178860,0x001789B0,336
FUN_001789b0,0x001789B0,0x00178A64,180
FUN_00178a70,0x00178A70,0x00178B08,152
FUN_00178b10,0x00178B10,0x00178DA8,664
FUN_00178db0,0x00178DB0,0x0017900C,604
FUN_00179010,0x00179010,0x00179294,644
FUN_001792a0,0x001792A0,0x00179708,1128
FUN_00179710,0x00179710,0x00179958,584
FUN_00179960,0x00179960,0x00179DC0,1120
FUN_00179dc0,0x00179DC0,0x00179E04,68
FUN_00179e10,0x00179E10,0x0017A030,544
FUN_0017a030,0x0017A030,0x0017A2E0,688
FUN_0017a2e0,0x0017A2E0,0x0017A930,1616
FUN_0017a930,0x0017A930,0x0017B354,2596
FUN_0017b360,0x0017B360,0x0017B374,20
FUN_0017b380,0x0017B380,0x0017B3FC,124
FUN_0017b400,0x0017B400,0x0017B4C0,192
FUN_0017b4c0,0x0017B4C0,0x0017B590,208
FUN_0017b590,0x0017B590,0x0017B59C,12
FUN_0017b5a0,0x0017B5A0,0x0017B5A8,8
FUN_0017b5b0,0x0017B5B0,0x0017B5B8,8
FUN_0017b5c0,0x0017B5C0,0x0017B6A0,224
FUN_0017b6a0,0x0017B6A0,0x0017B808,360
FUN_0017b810,0x0017B810,0x0017B818,8
FUN_0017b820,0x0017B820,0x0017B8AC,140
FUN_0017b8b0,0x0017B8B0,0x0017B9B8,264
FUN_0017b9c0,0x0017B9C0,0x0017BAA0,224
FUN_0017baa0,0x0017BAA0,0x0017BAEC,76
FUN_0017baf0,0x0017BAF0,0x0017BB64,116
FUN_0017bb70,0x0017BB70,0x0017BB7C,12
FUN_0017bb80,0x0017BB80,0x0017BB88,8
FUN_0017bb90,0x0017BB90,0x0017BB98,8
FUN_0017bba0,0x0017BBA0,0x0017BBA8,8
FUN_0017bbb0,0x0017BBB0,0x0017BBB8,8
FUN_0017bbc0,0x0017BBC0,0x0017BBC8,8
FUN_0017bbd0,0x0017BBD0,0x0017BBD8,8
FUN_0017bbe0,0x0017BBE0,0x0017C11C,1340
FUN_0017c120,0x0017C120,0x0017C15C,60
FUN_0017c160,0x0017C160,0x0017C1A4,68
FUN_0017c1b0,0x0017C1B0,0x0017C3A0,496
FUN_0017c3a0,0x0017C3A0,0x0017C40C,108
FUN_0017c40c,0x0017C40C,0x0017C438,44
FUN_0017c438,0x0017C438,0x0017C450,24
gap_0017c450,0x0017C450,0x0017C464,20
FUN_0017c470,0x0017C470,0x0017C5D4,356
FUN_0017c5e0,0x0017C5E0,0x0017C720,320
FUN_0017c720,0x0017C720,0x0017C828,264
FUN_0017c830,0x0017C830,0x0017C8D0,160
FUN_0017c8d0,0x0017C8D0,0x0017CC24,852
FUN_0017cc30,0x0017CC30,0x0017CDC8,408
FUN_0017cdd0,0x0017CDD0,0x0017FFA8,12760
FUN_0017ffb0,0x0017FFB0,0x001819D4,6692
FUN_001819e0,0x001819E0,0x00181A80,160
FUN_00181a80,0x00181A80,0x00181AA4,36
FUN_00181ab0,0x00181AB0,0x00181AD4,36
FUN_00181ae0,0x00181AE0,0x00181B04,36
FUN_00181b10,0x00181B10,0x00181B34,36
FUN_00181b40,0x00181B40,0x00181B68,40
FUN_00181b70,0x00181B70,0x00181B78,8
FUN_00181b80,0x00181B80,0x00181B94,20
FUN_00181ba0,0x00181BA0,0x00181C04,100
FUN_00181c10,0x00181C10,0x00181D04,244
FUN_00181d10,0x00181D10,0x00181DB8,168
FUN_00181dc0,0x00181DC0,0x00181F0C,332
FUN_00181f10,0x00181F10,0x00181F18,8
FUN_00181f20,0x00181F20,0x00181F28,8
FUN_00181f30,0x00181F30,0x00181F6C,60
FUN_00181f70,0x00181F70,0x00181F7C,12
FUN_00181f80,0x00181F80,0x00181F88,8
FUN_00181f90,0x00181F90,0x00181F9C,12
FUN_00181fa0,0x00181FA0,0x00181FAC,12
FUN_00181fb0,0x00181FB0,0x00181FBC,12
FUN_00181fc0,0x00181FC0,0x00181FF8,56
FUN_00182000,0x00182000,0x00182038,56
FUN_00182040,0x00182040,0x00182080,64
FUN_00182080,0x00182080,0x001820B0,48
FUN_001820b0,0x001820B0,0x001820E4,52
FUN_001820f0,0x001820F0,0x001821F0,256
FUN_001821f0,0x001821F0,0x00182234,68
FUN_00182240,0x00182240,0x0018231C,220
FUN_00182320,0x00182320,0x00182328,8
FUN_00182330,0x00182330,0x00182358,40
FUN_00182360,0x00182360,0x00182760,1024
FUN_00182760,0x00182760,0x00182780,32
FUN_00182780,0x00182780,0x001827C0,64
FUN_001827c0,0x001827C0,0x0018281C,92
FUN_0018281c,0x0018281C,0x0018282C,16
gap_0018282c,0x0018282C,0x00182844,24
FUN_00182850,0x00182850,0x0018287C,44
FUN_00182880,0x00182880,0x001828B8,56
FUN_001828c0,0x001828C0,0x00182904,68
FUN_00182910,0x00182910,0x00182954,68
FUN_00182960,0x00182960,0x001829A8,72
FUN_001829b0,0x001829B0,0x00182AF4,324
FUN_00182b00,0x00182B00,0x00182B34,52
FUN_00182b40,0x00182B40,0x00182D08,456
FUN_00182d10,0x00182D10,0x00182D3C,44
FUN_00182d40,0x00182D40,0x00182D48,8
FUN_00182d50,0x00182D50,0x00182D58,8
FUN_00182d60,0x00182D60,0x00182D68,8
FUN_00182d70,0x00182D70,0x00182D84,20
FUN_00182d90,0x00182D90,0x00182DD4,68
FUN_00182de0,0x00182DE0,0x00182E3C,92
FUN_00182e40,0x00182E40,0x00182E98,88
FUN_00182ea0,0x00182EA0,0x00182EF8,88
FUN_00182f00,0x00182F00,0x00182F08,8
FUN_00182f10,0x00182F10,0x00182F34,36
FUN_00182f40,0x00182F40,0x0018303C,252
FUN_00183040,0x00183040,0x00183150,272
FUN_00183150,0x00183150,0x001831F8,168
gap_00183200,0x00183200,0x00183208,8
FUN_00183210,0x00183210,0x00183458,584
FUN_00183460,0x00183460,0x00183720,704
FUN_00183720,0x00183720,0x00183758,56
FUN_00183760,0x00183760,0x00183840,224
FUN_00183840,0x00183840,0x001838E0,160
FUN_001838e0,0x001838E0,0x001839D0,240
FUN_001839d0,0x001839D0,0x00183B2C,348
FUN_00183b30,0x00183B30,0x00183B40,16
FUN_00183b40,0x00183B40,0x00183C4C,268
FUN_00183c50,0x00183C50,0x00183CE0,144
FUN_00183ce0,0x00183CE0,0x00183D28,72
FUN_00183d30,0x00183D30,0x00183D44,20
FUN_00183d50,0x00183D50,0x00183D78,40
FUN_00183d80,0x00183D80,0x00183D8C,12
FUN_00183d90,0x00183D90,0x00184038,680
FUN_00184040,0x00184040,0x00184178,312
FUN_00184180,0x00184180,0x00184614,1172
FUN_00184620,0x00184620,0x0018475C,316
FUN_00184760,0x00184760,0x00185A64,4868
FUN_00185a70,0x00185A70,0x00185AEC,124
FUN_00185af0,0x00185AF0,0x00185C64,372
FUN_00185c70,0x00185C70,0x00186014,932
FUN_00186020,0x00186020,0x00186210,496
FUN_00186210,0x00186210,0x001863CC,444
FUN_001863d0,0x001863D0,0x001863D8,8
FUN_001863e0,0x001863E0,0x00186418,56
FUN_00186420,0x00186420,0x001865CC,428
FUN_001865d0,0x001865D0,0x00186AC4,1268
FUN_00186ad0,0x00186AD0,0x00186B10,64
gap_00186b10,0x00186B10,0x00186B44,52
FUN_00186b50,0x00186B50,0x00186C50,256
FUN_00186c50,0x00186C50,0x00186D08,184
FUN_00186d10,0x00186D10,0x00187CF8,4072
FUN_0018716c,0x0018716C,0x001879A0,2100
FUN_001879a0,0x001879A0,0x00187AA8,264
FUN_00187aa8,0x00187AA8,0x00187C9C,500
FUN_00187cf8,0x00187CF8,0x001886A8,2480
FUN_001886a8,0x001886A8,0x00188704,92
FUN_00188704,0x00188704,0x001889A8,676
FUN_001889a8,0x001889A8,0x00188BE0,568
FUN_00188be0,0x00188BE0,0x00188D50,368
FUN_00188d50,0x00188D50,0x00188D94,68
FUN_00188da0,0x00188DA0,0x00188DB4,20
FUN_00188dc0,0x00188DC0,0x00188DC8,8
FUN_00188dd0,0x00188DD0,0x00188DD8,8
FUN_00188de0,0x00188DE0,0x00188E08,40
FUN_00188e10,0x00188E10,0x00188EC4,180
FUN_00188ed0,0x00188ED0,0x00188F60,144
FUN_00188f60,0x00188F60,0x00188FE8,136
FUN_00188ff0,0x00188FF0,0x00188FF8,8
FUN_00189000,0x00189000,0x00189008,8
FUN_00189010,0x00189010,0x00189018,8
FUN_00189020,0x00189020,0x0018905C,60
FUN_00189060,0x00189060,0x00189070,16
FUN_00189070,0x00189070,0x00189080,16
thunk_FUN_00189090,0x00189080,0x00189088,8
FUN_00189090,0x00189090,0x00189098,8
FUN_001890a0,0x001890A0,0x001890B0,16
FUN_001890b0,0x001890B0,0x001890BC,12
FUN_001890c0,0x001890C0,0x001890EC,44
FUN_001890f0,0x001890F0,0x00189100,16
FUN_00189100,0x00189100,0x00189108,8
FUN_00189110,0x00189110,0x00189154,68
FUN_00189160,0x00189160,0x0018916C,12
FUN_00189170,0x00189170,0x00189180,16
FUN_00189180,0x00189180,0x00189204,132
FUN_00189210,0x00189210,0x00189284,116
FUN_00189290,0x00189290,0x001893A8,280
FUN_001893b0,0x001893B0,0x001893E8,56
FUN_001893f0,0x001893F0,0x00189610,544
FUN_00189610,0x00189610,0x00189940,816
FUN_00189940,0x00189940,0x00189AF8,440
FUN_00189b00,0x00189B00,0x00189B6C,108
FUN_00189b70,0x00189B70,0x00189D0C,412
FUN_00189d10,0x00189D10,0x0018A3BC,1708
FUN_0018a3c0,0x0018A3C0,0x0018A5AC,492
FUN_0018a5b0,0x0018A5B0,0x0018A6CC,284
FUN_0018a6d0,0x0018A6D0,0x0018A764,148
FUN_0018a770,0x0018A770,0x0018A88C,284
FUN_0018a890,0x0018A890,0x0018A8F8,104
FUN_0018a900,0x0018A900,0x0018A97C,124
FUN_0018a980,0x0018A980,0x0018A98C,12
FUN_0018a990,0x0018A990,0x0018A9E0,80
FUN_0018a9e0,0x0018A9E0,0x0018AA2C,76
FUN_0018aa30,0x0018AA30,0x0018AA40,16
FUN_0018aa40,0x0018AA40,0x0018AA68,40
FUN_0018aa70,0x0018AA70,0x0018AA98,40
FUN_0018aaa0,0x0018AAA0,0x0018AADC,60
FUN_0018aae0,0x0018AAE0,0x0018AB58,120
FUN_0018ab60,0x0018AB60,0x0018ABEC,140
FUN_0018abf0,0x0018ABF0,0x0018ABF8,8
FUN_0018ac00,0x0018AC00,0x0018AC0C,12
FUN_0018ac10,0x0018AC10,0x0018AC28,24
FUN_0018ac30,0x0018AC30,0x0018AC60,48
FUN_0018ac60,0x0018AC60,0x0018AC8C,44
FUN_0018ac90,0x0018AC90,0x0018ACBC,44
FUN_0018acc0,0x0018ACC0,0x0018AD30,112
FUN_0018ad30,0x0018AD30,0x0018AD5C,44
FUN_0018ad60,0x0018AD60,0x0018AD94,52
FUN_0018ada0,0x0018ADA0,0x0018AE4C,172
FUN_0018ae50,0x0018AE50,0x0018AEE8,152
FUN_0018aef0,0x0018AEF0,0x0018AF20,48
FUN_0018af20,0x0018AF20,0x0018AF34,20
FUN_0018af40,0x0018AF40,0x0018AF58,24
FUN_0018af60,0x0018AF60,0x0018B1C4,612
FUN_0018b1d0,0x0018B1D0,0x0018B220,80
FUN_0018b220,0x0018B220,0x0018B244,36
FUN_0018b250,0x0018B250,0x0018B290,64
FUN_0018b290,0x0018B290,0x0018B54C,700
FUN_0018b550,0x0018B550,0x0018B56C,28
FUN_0018b570,0x0018B570,0x0018B5D0,96
FUN_0018b5d0,0x0018B5D0,0x0018B5D8,8
FUN_0018b5e0,0x0018B5E0,0x0018B5E8,8
FUN_0018b5f0,0x0018B5F0,0x0018B650,96
FUN_0018b650,0x0018B650,0x0018B6B0,96
FUN_0018b6b0,0x0018B6B0,0x0018B700,80
FUN_0018b700,0x0018B700,0x0018B770,112
FUN_0018b770,0x0018B770,0x0018B7B0,64
FUN_0018b7b0,0x0018B7B0,0x0018B820,112
FUN_0018b820,0x0018B820,0x0018B84C,44
FUN_0018b850,0x0018B850,0x0018B87C,44
FUN_0018b880,0x0018B880,0x0018B8B0,48
FUN_0018b8b0,0x0018B8B0,0x0018B910,96
FUN_0018b910,0x0018B910,0x0018BAC8,440
FUN_0018bad0,0x0018BAD0,0x0018BB68,152
FUN_0018bb70,0x0018BB70,0x0018C24C,1756
FUN_0018c250,0x0018C250,0x0018C3A8,344
FUN_0018c3b0,0x0018C3B0,0x0018C4F8,328
FUN_0018c500,0x0018C500,0x0018C578,120
FUN_0018c580,0x0018C580,0x0018C634,180
FUN_0018c640,0x0018C640,0x0018CBF0,1456
FUN_0018cbf0,0x0018CBF0,0x0018CC6C,124
FUN_0018cc70,0x0018CC70,0x0018CF94,804
FUN_0018cfa0,0x0018CFA0,0x0018D180,480
FUN_0018d180,0x0018D180,0x0018D1C0,64
FUN_0018d1c0,0x0018D1C0,0x0018D21C,92
FUN_0018d220,0x0018D220,0x0018D34C,300
FUN_0018d350,0x0018D350,0x0018D568,536
FUN_0018d570,0x0018D570,0x0018D5A8,56
FUN_0018d5b0,0x0018D5B0,0x0018D5E0,48
FUN_0018d5e0,0x0018D5E0,0x0018D610,48
FUN_0018d610,0x0018D610,0x0018D63C,44
FUN_0018d640,0x0018D640,0x0018D674,52
FUN_0018d680,0x0018D680,0x0018D6B0,48
FUN_0018d6b0,0x0018D6B0,0x0018D6E4,52
FUN_0018d6f0,0x0018D6F0,0x0018D6F8,8
FUN_0018d700,0x0018D700,0x0018D72C,44
FUN_0018d730,0x0018D730,0x0018D78C,92
FUN_0018d790,0x0018D790,0x0018D8BC,300
FUN_0018d8c0,0x0018D8C0,0x0018D91C,92
FUN_0018d920,0x0018D920,0x0018D9A4,132
FUN_0018d9b0,0x0018D9B0,0x0018DDC0,1040
FUN_0018ddc0,0x0018DDC0,0x0018DE84,196
FUN_0018de90,0x0018DE90,0x0018DF20,144
FUN_0018df20,0x0018DF20,0x0018DF28,8
FUN_0018df30,0x0018DF30,0x0018DF38,8
FUN_0018df40,0x0018DF40,0x0018DF48,8
FUN_0018df50,0x0018DF50,0x0018E144,500
FUN_0018e150,0x0018E150,0x0018E1D0,128
FUN_0018e1d0,0x0018E1D0,0x0018E248,120
FUN_0018e250,0x0018E250,0x0018E2E4,148
FUN_0018e2f0,0x0018E2F0,0x0018E300,16
FUN_0018e300,0x0018E300,0x0018E308,8
FUN_0018e310,0x0018E310,0x0018E398,136
FUN_0018e3a0,0x0018E3A0,0x0018E404,100
FUN_0018e410,0x0018E410,0x0018E504,244
FUN_0018e510,0x0018E510,0x0018E518,8
FUN_0018e520,0x0018E520,0x0018E5AC,140
FUN_0018e5b0,0x0018E5B0,0x0018E5C0,16
FUN_0018e5c0,0x0018E5C0,0x0018E5C8,8
thunk_FUN_0016e530,0x0018E5D0,0x0018E5D8,8
FUN_0018e5e0,0x0018E5E0,0x0018E62C,76
FUN_0018e630,0x0018E630,0x0018E7E4,436
FUN_0018e7f0,0x0018E7F0,0x0018E7F8,8
FUN_0018e800,0x0018E800,0x0018E808,8
FUN_0018e810,0x0018E810,0x0018E824,20
FUN_0018e830,0x0018E830,0x0018E83C,12
FUN_0018e840,0x0018E840,0x0018E848,8
FUN_0018e850,0x0018E850,0x0018E858,8
FUN_0018e860,0x0018E860,0x0018E868,8
FUN_0018e870,0x0018E870,0x0018E878,8
thunk_FUN_0014f060,0x0018E880,0x0018E888,8
FUN_0018e890,0x0018E890,0x0018E90C,124
FUN_0018e910,0x0018E910,0x0018E940,48
FUN_0018e940,0x0018E940,0x0018E96C,44
FUN_0018e970,0x0018E970,0x0018E97C,12
FUN_0018e980,0x0018E980,0x0018E98C,12
FUN_0018e990,0x0018E990,0x0018EA68,216
FUN_0018ea70,0x0018EA70,0x0018EAB0,64
FUN_0018eab0,0x0018EAB0,0x0018EB58,168
FUN_0018eb60,0x0018EB60,0x0018EDEC,652
FUN_0018edf0,0x0018EDF0,0x0018EE1C,44
FUN_0018ee20,0x0018EE20,0x0018EE28,8
FUN_0018ee30,0x0018EE30,0x0018EE5C,44
FUN_0018ee60,0x0018EE60,0x0018EEE8,136
FUN_0018eef0,0x0018EEF0,0x0018EF00,16
FUN_0018ef00,0x0018EF00,0x0018F0F8,504
FUN_0018f100,0x0018F100,0x0018F17C,124
FUN_0018f180,0x0018F180,0x0018F208,136
FUN_0018f210,0x0018F210,0x0018F248,56
thunk_FUN_0018f260,0x0018F250,0x0018F258,8
FUN_0018f260,0x0018F260,0x0018F2AC,76
FUN_0018f2b0,0x0018F2B0,0x0018F30C,92
FUN_0018f310,0x0018F310,0x0018F338,40
FUN_0018f340,0x0018F340,0x0018F384,68
FUN_0018f390,0x0018F390,0x0018F50C,380
FUN_0018f510,0x0018F510,0x0018F534,36
FUN_0018f540,0x0018F540,0x0018F578,56
FUN_0018f580,0x0018F580,0x0018F5B8,56
FUN_0018f5c0,0x0018F5C0,0x0018F5E4,36
FUN_0018f5f0,0x0018F5F0,0x0018F614,36
FUN_0018f620,0x0018F620,0x0018F644,36
FUN_0018f650,0x0018F650,0x0018F674,36
FUN_0018f680,0x0018F680,0x0018F704,132
FUN_0018f710,0x0018F710,0x0018F738,40
FUN_0018f740,0x0018F740,0x0018F768,40
FUN_0018f770,0x0018F770,0x0018F798,40
FUN_0018f7a0,0x0018F7A0,0x0018F7D0,48
FUN_0018f7d0,0x0018F7D0,0x0018F7F8,40
FUN_0018f800,0x0018F800,0x0018F8A0,160
FUN_0018f8a0,0x0018F8A0,0x0018FAAC,524
FUN_0018fab0,0x0018FAB0,0x0018FB4C,156
FUN_0018fb50,0x0018FB50,0x0018FBD4,132
FUN_0018fbe0,0x0018FBE0,0x0018FC08,40
FUN_0018fc10,0x0018FC10,0x0018FC38,40
FUN_0018fc40,0x0018FC40,0x0018FC68,40
FUN_0018fc70,0x0018FC70,0x0018FC98,40
FUN_0018fca0,0x0018FCA0,0x0018FCC8,40
FUN_0018fcd0,0x0018FCD0,0x0018FCF8,40
FUN_0018fd00,0x0018FD00,0x0018FDF4,244
FUN_0018fe00,0x0018FE00,0x0018FE5C,92
FUN_0018fe60,0x0018FE60,0x0018FEA8,72
FUN_0018feb0,0x0018FEB0,0x0018FED8,40
FUN_0018fee0,0x0018FEE0,0x0018FF08,40
FUN_0018ff10,0x0018FF10,0x0018FF38,40
FUN_0018ff40,0x0018FF40,0x0018FFB4,116
FUN_0018ffc0,0x0018FFC0,0x0018FFFC,60
FUN_00190000,0x00190000,0x00190164,356
FUN_00190170,0x00190170,0x0019018C,28
FUN_00190190,0x00190190,0x00190230,160
FUN_00190230,0x00190230,0x00190238,8
FUN_00190240,0x00190240,0x0019031C,220
FUN_00190320,0x00190320,0x00190760,1088
FUN_00190760,0x00190760,0x00190804,164
FUN_00190810,0x00190810,0x00190824,20
FUN_00190830,0x00190830,0x00190838,8
FUN_00190840,0x00190840,0x00190974,308
FUN_00190980,0x00190980,0x00190988,8
FUN_00190990,0x00190990,0x00190998,8
FUN_001909a0,0x001909A0,0x001909A8,8
FUN_001909b0,0x001909B0,0x00190B78,456
FUN_00190b80,0x00190B80,0x00190C7C,252
FUN_00190c80,0x00190C80,0x00190C88,8
FUN_00190c90,0x00190C90,0x00190EF0,608
FUN_00190ef0,0x00190EF0,0x00190EF8,8
FUN_00190f00,0x00190F00,0x00190F08,8
FUN_00190f10,0x00190F10,0x00190F18,8
FUN_00190f20,0x00190F20,0x00190F68,72
FUN_00190f70,0x00190F70,0x00190FB0,64
FUN_00190fb0,0x00190FB0,0x00190FB8,8
FUN_00190fc0,0x00190FC0,0x00190FD0,16
FUN_00190fd0,0x00190FD0,0x00191194,452
FUN_001911a0,0x001911A0,0x001911A8,8
FUN_001911b0,0x001911B0,0x00191374,452
FUN_00191380,0x00191380,0x001913C8,72
FUN_001913d0,0x001913D0,0x0019153C,364
FUN_00191540,0x00191540,0x00191590,80
FUN_00191590,0x00191590,0x001915C4,52
FUN_001915d0,0x001915D0,0x001915D8,8
FUN_001915e0,0x001915E0,0x001916C0,224
FUN_001916c0,0x001916C0,0x001916E0,32
FUN_001916e0,0x001916E0,0x001916EC,12
FUN_001916f0,0x001916F0,0x001916FC,12
FUN_00191700,0x00191700,0x00191708,8
FUN_00191710,0x00191710,0x00191740,48
FUN_00191740,0x00191740,0x0019174C,12
FUN_00191750,0x00191750,0x00191864,276
thunk_FUN_0014f0d0,0x00191870,0x00191878,8
FUN_00191880,0x00191880,0x00191A30,432
FUN_00191a30,0x00191A30,0x00191C58,552
FUN_00191c60,0x00191C60,0x00191C78,24
FUN_00191c80,0x00191C80,0x00191C88,8
FUN_00191c90,0x00191C90,0x00191EC8,568
FUN_00191ed0,0x00191ED0,0x00192094,452
FUN_001920a0,0x001920A0,0x001925B8,1304
FUN_001925c0,0x001925C0,0x001925C8,8
FUN_001925d0,0x001925D0,0x001925D8,8
FUN_001925e0,0x001925E0,0x001925F8,24
FUN_00192600,0x00192600,0x00192608,8
FUN_00192610,0x00192610,0x00192800,496
FUN_00192800,0x00192800,0x00192808,8
FUN_00192810,0x00192810,0x001929DC,460
FUN_001929e0,0x001929E0,0x001929E8,8
FUN_001929f0,0x001929F0,0x00192AB8,200
FUN_00192ac0,0x00192AC0,0x00192B14,84
FUN_00192b20,0x00192B20,0x00192BA8,136
thunk_FUN_0014f390,0x00192BB0,0x00192BB8,8
FUN_00192bc0,0x00192BC0,0x00192BC8,8
FUN_00192bd0,0x00192BD0,0x00192BD8,8
FUN_00192be0,0x00192BE0,0x00192C18,56
FUN_00192c20,0x00192C20,0x00192C58,56
FUN_00192c60,0x00192C60,0x00192C70,16
FUN_00192c70,0x00192C70,0x00192CA0,48
FUN_00192ca0,0x00192CA0,0x00192CEC,76
FUN_00192cf0,0x00192CF0,0x00192CF8,8
FUN_00192d00,0x00192D00,0x00192D08,8
FUN_00192d10,0x00192D10,0x00192D18,8
FUN_00192d20,0x00192D20,0x00192D28,8
FUN_00192d30,0x00192D30,0x00192D58,40
FUN_00192d60,0x00192D60,0x00192DA0,64
FUN_00192da0,0x00192DA0,0x00192E48,168
FUN_00192e50,0x00192E50,0x00192E5C,12
FUN_00192e60,0x00192E60,0x00192E80,32
FUN_00192e80,0x00192E80,0x00192E90,16
FUN_00192e90,0x00192E90,0x00192EB0,32
FUN_00192eb0,0x00192EB0,0x00192EE0,48
FUN_00192ee0,0x00192EE0,0x00192F88,168
FUN_00192f90,0x00192F90,0x001930E0,336
FUN_001930e0,0x001930E0,0x00193314,564
FUN_00193320,0x00193320,0x00193574,596
FUN_00193580,0x00193580,0x00193594,20
FUN_001935a0,0x001935A0,0x001937EC,588
FUN_001937f0,0x001937F0,0x00193BCC,988
FUN_00193bd0,0x00193BD0,0x00193E48,632
FUN_00193e50,0x00193E50,0x00194028,472
FUN_00194030,0x00194030,0x00194048,24
FUN_00194050,0x00194050,0x0019408C,60
FUN_00194090,0x00194090,0x00194098,8
FUN_001940a0,0x001940A0,0x00194384,740
FUN_00194390,0x00194390,0x0019480C,1148
FUN_00194810,0x00194810,0x00194940,304
FUN_00194940,0x00194940,0x00194A0C,204
FUN_00194a10,0x00194A10,0x00194A2C,28
FUN_00194a30,0x00194A30,0x00194A38,8
FUN_00194a40,0x00194A40,0x00194D70,816
FUN_00194d70,0x00194D70,0x0019517C,1036
FUN_00195180,0x00195180,0x00195230,176
FUN_00195230,0x00195230,0x0019524C,28
FUN_00195250,0x00195250,0x001954A4,596
FUN_001954b0,0x001954B0,0x001954BC,12
FUN_001954c0,0x001954C0,0x00195504,68
FUN_00195510,0x00195510,0x001955C8,184
FUN_001955d0,0x001955D0,0x001956EC,284
FUN_001956f0,0x001956F0,0x00195BC8,1240
FUN_00195bd0,0x00195BD0,0x00195BDC,12
FUN_00195be0,0x00195BE0,0x00195CF4,276
FUN_00195d00,0x00195D00,0x001960F0,1008
FUN_001960f0,0x001960F0,0x00196550,1120
FUN_00196550,0x00196550,0x001967EC,668
FUN_001967f0,0x001967F0,0x00196CE0,1264
FUN_00196ce0,0x00196CE0,0x00196D48,104
FUN_00196d50,0x00196D50,0x001971EC,1180
FUN_001971f0,0x001971F0,0x00197480,656
FUN_00197480,0x00197480,0x00197530,176
FUN_00197530,0x00197530,0x00197E4C,2332
FUN_00197e50,0x00197E50,0x001981B0,864
FUN_001981b0,0x001981B0,0x001981E4,52
FUN_001981f0,0x001981F0,0x001983CC,476
FUN_001983d0,0x001983D0,0x001983DC,12
FUN_001983e0,0x001983E0,0x001983EC,12
FUN_001983f0,0x001983F0,0x00198520,304
FUN_00198520,0x00198520,0x001985A8,136
FUN_001985b0,0x001985B0,0x001985DC,44
FUN_001985e0,0x001985E0,0x00198640,96
FUN_00198640,0x00198640,0x00198864,548
FUN_00198750,0x00198750,0x001987FC,172
FUN_00198864,0x00198864,0x00198888,36
FUN_00198888,0x00198888,0x00198890,8
FUN_00198890,0x00198890,0x001988C0,48
FUN_001988c0,0x001988C0,0x001988E4,36
FUN_001988e4,0x001988E4,0x001988EC,8
FUN_001988ec,0x001988EC,0x001989F8,268
FUN_001989f8,0x001989F8,0x00198A28,48
FUN_00198a30,0x00198A30,0x00198C44,532
FUN_00198c50,0x00198C50,0x00198D10,192
FUN_00198d10,0x00198D10,0x00198D18,8
FUN_00198d20,0x00198D20,0x00198E60,320
FUN_00198e60,0x00198E60,0x00199798,2360
FUN_0019936c,0x0019936C,0x00199684,792
FUN_00199798,0x00199798,0x00199AA4,780
FUN_00199aa4,0x00199AA4,0x00199AD4,48
FUN_00199ae0,0x00199AE0,0x00199C4C,364
FUN_00199c50,0x00199C50,0x00199DE4,404
FUN_00199df0,0x00199DF0,0x00199F30,320
FUN_00199f30,0x00199F30,0x0019A528,1528
gap_0019a530,0x0019A530,0x0019A564,52
FUN_0019a570,0x0019A570,0x0019A5E8,120
FUN_0019a5f0,0x0019A5F0,0x0019A7F8,520
FUN_0019a800,0x0019A800,0x0019A9A4,420
FUN_0019a9b0,0x0019A9B0,0x0019AA60,176
FUN_0019aa60,0x0019AA60,0x0019ABF8,408
FUN_0019ac00,0x0019AC00,0x0019AC3C,60
FUN_0019ac40,0x0019AC40,0x0019AC7C,60
FUN_0019ac80,0x0019AC80,0x0019ACD0,80
FUN_0019acd0,0x0019ACD0,0x0019AD4C,124
FUN_0019ad50,0x0019AD50,0x0019AD78,40
FUN_0019ad80,0x0019AD80,0x0019AD88,8
FUN_0019ad90,0x0019AD90,0x0019ADC0,48
FUN_0019adc0,0x0019ADC0,0x0019ADC8,8
FUN_0019add0,0x0019ADD0,0x0019ADD8,8
FUN_0019ade0,0x0019ADE0,0x0019B348,1384
FUN_0019b350,0x0019B350,0x0019B5E4,660
FUN_0019b5f0,0x0019B5F0,0x0019B7F4,516
FUN_0019b800,0x0019B800,0x0019B870,112
FUN_0019b870,0x0019B870,0x0019B888,24
FUN_0019b890,0x0019B890,0x0019B8AC,28
FUN_0019b8b0,0x0019B8B0,0x0019B960,176
FUN_0019b960,0x0019B960,0x0019B968,8
FUN_0019b970,0x0019B970,0x0019B9F4,132
FUN_0019ba00,0x0019BA00,0x0019BA80,128
FUN_0019ba80,0x0019BA80,0x0019BB00,128
FUN_0019bb00,0x0019BB00,0x0019BB6C,108
FUN_0019bb70,0x0019BB70,0x0019BC50,224
FUN_0019bc50,0x0019BC50,0x0019BCC0,112
FUN_0019bcc0,0x0019BCC0,0x0019BCD0,16
FUN_0019bcd0,0x0019BCD0,0x0019BD14,68
FUN_0019bd20,0x0019BD20,0x0019BD80,96
FUN_0019bd80,0x0019BD80,0x0019C050,720
FUN_0019c050,0x0019C050,0x0019C158,264
FUN_0019c160,0x0019C160,0x0019C318,440
FUN_0019c320,0x0019C320,0x0019C348,40
gap_0019c350,0x0019C350,0x0019C360,16
FUN_0019c360,0x0019C360,0x0019C44C,236
FUN_0019c450,0x0019C450,0x0019C53C,236
FUN_0019c540,0x0019C540,0x0019C578,56
FUN_0019c580,0x0019C580,0x0019C63C,188
FUN_0019c640,0x0019C640,0x0019C6D0,144
FUN_0019c6d0,0x0019C6D0,0x0019C78C,188
FUN_0019c790,0x0019C790,0x0019C820,144
FUN_0019c820,0x0019C820,0x0019C894,116
FUN_0019c8a0,0x0019C8A0,0x0019CE18,1400
FUN_0019ce20,0x0019CE20,0x0019D4BC,1692
FUN_0019d4c0,0x0019D4C0,0x0019D5C4,260
FUN_0019d5d0,0x0019D5D0,0x0019D8DC,780
FUN_0019d8e0,0x0019D8E0,0x0019D9A4,196
FUN_0019d9b0,0x0019D9B0,0x0019DD28,888
FUN_0019dd30,0x0019DD30,0x0019DFDC,684
FUN_0019dfe0,0x0019DFE0,0x0019DFE8,8
FUN_0019dff0,0x0019DFF0,0x0019E0A4,180
FUN_0019e0b0,0x0019E0B0,0x0019E120,112
FUN_0019e120,0x0019E120,0x0019E34C,556
FUN_0019e350,0x0019E350,0x0019E418,200
FUN_0019e420,0x0019E420,0x0019E42C,12
FUN_0019e430,0x0019E430,0x0019E52C,252
FUN_0019e530,0x0019E530,0x0019E5E8,184
FUN_0019e5f0,0x0019E5F0,0x0019E83C,588
FUN_0019e840,0x0019E840,0x0019EA6C,556
FUN_0019ea70,0x0019EA70,0x0019EDE0,880
FUN_0019ede0,0x0019EDE0,0x0019EFD8,504
FUN_0019efe0,0x0019EFE0,0x0019F128,328
FUN_0019f130,0x0019F130,0x0019F2EC,444
FUN_0019f2f0,0x0019F2F0,0x0019F5A4,692
FUN_0019f5b0,0x0019F5B0,0x0019F770,448
FUN_0019f770,0x0019F770,0x0019F8B0,320
FUN_0019f8b0,0x0019F8B0,0x0019FC5C,940
FUN_0019fc60,0x0019FC60,0x0019FD7C,284
FUN_0019fd80,0x0019FD80,0x001A0044,708
FUN_001a0050,0x001A0050,0x001A0148,248
FUN_001a0150,0x001A0150,0x001A02AC,348
gap_001a02b0,0x001A02B0,0x001A02C0,16
FUN_001a02c0,0x001A02C0,0x001A0454,404
gap_001a0460,0x001A0460,0x001A0470,16
FUN_001a0470,0x001A0470,0x001A06C0,592
FUN_001a06c0,0x001A06C0,0x001A0A44,900
FUN_001a0a50,0x001A0A50,0x001A0A94,68
FUN_001a0aa0,0x001A0AA0,0x001A0AC4,36
FUN_001a0ad0,0x001A0AD0,0x001A0AF4,36
FUN_001a0b00,0x001A0B00,0x001A0B2C,44
gap_001a0b30,0x001A0B30,0x001A0B38,8
FUN_001a0b40,0x001A0B40,0x001A0FDC,1180
FUN_001a0fe0,0x001A0FE0,0x001A104C,108
FUN_001a1050,0x001A1050,0x001A1068,24
FUN_001a1070,0x001A1070,0x001A10F4,132
FUN_001a1100,0x001A1100,0x001A1164,100
FUN_001a1170,0x001A1170,0x001A1374,516
FUN_001a1380,0x001A1380,0x001A1388,8
FUN_001a1390,0x001A1390,0x001A13C8,56
FUN_001a13d0,0x001A13D0,0x001A16BC,748
FUN_001a16c0,0x001A16C0,0x001A1718,88
FUN_001a1720,0x001A1720,0x001A19F8,728
FUN_001a1a00,0x001A1A00,0x001A1C3C,572
FUN_001a1c40,0x001A1C40,0x001A1C5C,28
FUN_001a1c60,0x001A1C60,0x001A23E0,1920
FUN_001a23e0,0x001A23E0,0x001A2448,104
FUN_001a2450,0x001A2450,0x001A246C,28
FUN_001a2470,0x001A2470,0x001A2524,180
FUN_001a2530,0x001A2530,0x001A25A0,112
FUN_001a25a0,0x001A25A0,0x001A25CC,44
FUN_001a25d0,0x001A25D0,0x001A25F8,40
FUN_001a2600,0x001A2600,0x001A262C,44
FUN_001a2630,0x001A2630,0x001A2C80,1616
FUN_001a2c80,0x001A2C80,0x001A2CC4,68
FUN_001a2cd0,0x001A2CD0,0x001A2CF8,40
FUN_001a2d00,0x001A2D00,0x001A2DB0,176
FUN_001a2db0,0x001A2DB0,0x001A2DF0,64
FUN_001a2df0,0x001A2DF0,0x001A2DF8,8
FUN_001a2e00,0x001A2E00,0x001A2E84,132
FUN_001a2e90,0x001A2E90,0x001A2F0C,124
FUN_001a2f10,0x001A2F10,0x001A2F94,132
FUN_001a2fa0,0x001A2FA0,0x001A301C,124
FUN_001a3020,0x001A3020,0x001A30C4,164
FUN_001a30d0,0x001A30D0,0x001A314C,124
FUN_001a3150,0x001A3150,0x001A31F4,164
FUN_001a3200,0x001A3200,0x001A327C,124
FUN_001a3280,0x001A3280,0x001A335C,220
FUN_001a3360,0x001A3360,0x001A33DC,124
FUN_001a33e0,0x001A33E0,0x001A345C,124
FUN_001a3460,0x001A3460,0x001A34DC,124
FUN_001a34e0,0x001A34E0,0x001A3558,120
FUN_001a3560,0x001A3560,0x001A35DC,124
FUN_001a35e0,0x001A35E0,0x001A365C,124
FUN_001a3660,0x001A3660,0x001A36D8,120
FUN_001a36e0,0x001A36E0,0x001A3758,120
FUN_001a3760,0x001A3760,0x001A37D8,120
FUN_001a37e0,0x001A37E0,0x001A3898,184
FUN_001a38a0,0x001A38A0,0x001A3958,184
FUN_001a3960,0x001A3960,0x001A39DC,124
FUN_001a39e0,0x001A39E0,0x001A3A84,164
FUN_001a3a90,0x001A3A90,0x001A3B54,196
FUN_001a3b60,0x001A3B60,0x001A3C04,164
FUN_001a3c10,0x001A3C10,0x001A3C9C,140
FUN_001a3ca0,0x001A3CA0,0x001A3D1C,124
FUN_001a3d20,0x001A3D20,0x001A3DA0,128
FUN_001a3da0,0x001A3DA0,0x001A3E54,180
FUN_001a3e60,0x001A3E60,0x001A3F24,196
FUN_001a3f30,0x001A3F30,0x001A3FE4,180
FUN_001a3ff0,0x001A3FF0,0x001A406C,124
FUN_001a4070,0x001A4070,0x001A40FC,140
FUN_001a4100,0x001A4100,0x001A417C,124
FUN_001a4180,0x001A4180,0x001A41F8,120
FUN_001a4200,0x001A4200,0x001A42C4,196
FUN_001a42d0,0x001A42D0,0x001A4384,180
FUN_001a4390,0x001A4390,0x001A441C,140
FUN_001a4420,0x001A4420,0x001A449C,124
FUN_001a44a0,0x001A44A0,0x001A4760,704
FUN_001a4760,0x001A4760,0x001A47C8,104
FUN_001a47d0,0x001A47D0,0x001A47D8,8
FUN_001a47e0,0x001A47E0,0x001A4A88,680
FUN_001a4a90,0x001A4A90,0x001A4B3C,172
FUN_001a4b40,0x001A4B40,0x001A4BD0,144
FUN_001a4bd0,0x001A4BD0,0x001A4C04,52
gap_001a4c10,0x001A4C10,0x001A4C18,8
FUN_001a4c20,0x001A4C20,0x001A4C48,40
FUN_001a4c50,0x001A4C50,0x001A4C78,40
gap_001a4c80,0x001A4C80,0x001A4CB0,48
FUN_001a4cb0,0x001A4CB0,0x001A4D9C,236
gap_001a4da0,0x001A4DA0,0x001A4DD0,48
FUN_001a4dd0,0x001A4DD0,0x001A4EAC,220
gap_001a4eb0,0x001A4EB0,0x001A4EE0,48
FUN_001a4ee0,0x001A4EE0,0x001A4F54,116
gap_001a4f60,0x001A4F60,0x001A4F90,48
gap_001a4f90,0x001A4F90,0x001A4F98,8
gap_001a4fa0,0x001A4FA0,0x001A4FA8,8
FUN_001a4fb0,0x001A4FB0,0x001A4FD8,40
FUN_001a4fe0,0x001A4FE0,0x001A5008,40
FUN_001a5010,0x001A5010,0x001A5034,36
FUN_001a5040,0x001A5040,0x001A5068,40
FUN_001a5070,0x001A5070,0x001A5098,40
FUN_001a50a0,0x001A50A0,0x001A50C4,36
FUN_001a50d0,0x001A50D0,0x001A50FC,44
FUN_001a5100,0x001A5100,0x001A5198,152
FUN_001a51a0,0x001A51A0,0x001A5220,128
gap_001a5220,0x001A5220,0x001A5250,48
FUN_001a5250,0x001A5250,0x001A53F0,416
FUN_001a53f0,0x001A53F0,0x001A5704,788
FUN_001a5710,0x001A5710,0x001A58C8,440
FUN_001a58d0,0x001A58D0,0x001A58F8,40
gap_001a5900,0x001A5900,0x001A5930,48
FUN_001a5930,0x001A5930,0x001A5958,40
FUN_001a5960,0x001A5960,0x001A5A44,228
FUN_001a5a50,0x001A5A50,0x001A5BA8,344
FUN_001a5bb0,0x001A5BB0,0x001A5C4C,156
FUN_001a5c50,0x001A5C50,0x001A5D00,176
FUN_001a5d00,0x001A5D00,0x001A5E8C,396
FUN_001a5e90,0x001A5E90,0x001A5EE8,88
gap_001a5ef0,0x001A5EF0,0x001A5F00,16
gap_001a5f00,0x001A5F00,0x001A5FA4,164
FUN_001a5fb0,0x001A5FB0,0x001A61D0,544
FUN_001a61d0,0x001A61D0,0x001A649C,716
FUN_001a64a0,0x001A64A0,0x001A64C8,40
gap_001a64d0,0x001A64D0,0x001A6500,48
FUN_001a6500,0x001A6500,0x001A6584,132
FUN_001a6590,0x001A6590,0x001A660C,124
FUN_001a6610,0x001A6610,0x001A66C4,180
FUN_001a66d0,0x001A66D0,0x001A67BC,236
FUN_001a67c0,0x001A67C0,0x001A6864,164
FUN_001a6870,0x001A6870,0x001A68EC,124
FUN_001a68f0,0x001A68F0,0x001A6978,136
FUN_001a6980,0x001A6980,0x001A6A08,136
FUN_001a6a10,0x001A6A10,0x001A6A88,120
FUN_001a6a90,0x001A6A90,0x001A6B0C,124
FUN_001a6b10,0x001A6B10,0x001A6B88,120
FUN_001a6b90,0x001A6B90,0x001A6C08,120
FUN_001a6c10,0x001A6C10,0x001A6C90,128
FUN_001a6c90,0x001A6C90,0x001A6D08,120
FUN_001a6d10,0x001A6D10,0x001A6E4C,316
FUN_001a6e50,0x001A6E50,0x001A6EE0,144
FUN_001a6ee0,0x001A6EE0,0x001A6F68,136
FUN_001a6f70,0x001A6F70,0x001A6FF4,132
FUN_001a7000,0x001A7000,0x001A707C,124
FUN_001a7080,0x001A7080,0x001A70FC,124
FUN_001a7100,0x001A7100,0x001A717C,124
FUN_001a7180,0x001A7180,0x001A71FC,124
FUN_001a7200,0x001A7200,0x001A7278,120
FUN_001a7280,0x001A7280,0x001A72F8,120
FUN_001a7300,0x001A7300,0x001A7380,128
FUN_001a7380,0x001A7380,0x001A73F8,120
FUN_001a7400,0x001A7400,0x001A74AC,172
FUN_001a74b0,0x001A74B0,0x001A752C,124
FUN_001a7530,0x001A7530,0x001A75A8,120
FUN_001a75b0,0x001A75B0,0x001A7674,196
FUN_001a7680,0x001A7680,0x001A7724,164
FUN_001a7730,0x001A7730,0x001A77F4,196
FUN_001a7800,0x001A7800,0x001A78A4,164
FUN_001a78b0,0x001A78B0,0x001A798C,220
FUN_001a7990,0x001A7990,0x001A7A4C,188
FUN_001a7a50,0x001A7A50,0x001A7ADC,140
FUN_001a7ae0,0x001A7AE0,0x001A7B6C,140
FUN_001a7b70,0x001A7B70,0x001A7BEC,124
FUN_001a7bf0,0x001A7BF0,0x001A8200,1552
FUN_001a8200,0x001A8200,0x001A8214,20
FUN_001a8220,0x001A8220,0x001A8264,68
FUN_001a8270,0x001A8270,0x001A8420,432
FUN_001a8420,0x001A8420,0x001A8490,112
FUN_001a8490,0x001A8490,0x001A855C,204
FUN_001a8560,0x001A8560,0x001A8664,260
FUN_001a8670,0x001A8670,0x001A86A4,52
gap_001a86b0,0x001A86B0,0x001A86B8,8
FUN_001a86c0,0x001A86C0,0x001A8784,196
gap_001a8790,0x001A8790,0x001A87C0,48
FUN_001a87c0,0x001A87C0,0x001A883C,124
FUN_001a8840,0x001A8840,0x001A89EC,428
FUN_001a89f0,0x001A89F0,0x001A8BD8,488
gap_001a8be0,0x001A8BE0,0x001A8C10,48
gap_001a8c10,0x001A8C10,0x001A8C18,8
gap_001a8c20,0x001A8C20,0x001A8C28,8
gap_001a8c30,0x001A8C30,0x001A8C38,8
gap_001a8c40,0x001A8C40,0x001A8C70,48
gap_001a8c70,0x001A8C70,0x001A8C78,8
gap_001a8c80,0x001A8C80,0x001A8C8C,12
FUN_001a8c90,0x001A8C90,0x001A8D44,180
FUN_001a8d50,0x001A8D50,0x001A8E88,312
FUN_001a8e90,0x001A8E90,0x001A8F0C,124
gap_001a8f10,0x001A8F10,0x001A8F20,16
FUN_001a8f20,0x001A8F20,0x001A8F40,32
gap_001a8f40,0x001A8F40,0x001A8F48,8
gap_001a8f50,0x001A8F50,0x001A8F5C,12
FUN_001a8f60,0x001A8F60,0x001A9114,436
FUN_001a9120,0x001A9120,0x001A9164,68
FUN_001a9170,0x001A9170,0x001A9258,232
FUN_001a9260,0x001A9260,0x001A987C,1564
FUN_001a9880,0x001A9880,0x001A9B60,736
FUN_001a9b60,0x001A9B60,0x001A9D80,544
FUN_001a9d80,0x001A9D80,0x001A9E34,180
FUN_001a9e40,0x001A9E40,0x001AA060,544
FUN_001aa060,0x001AA060,0x001AA114,180
FUN_001aa120,0x001AA120,0x001AA40C,748
FUN_001aa410,0x001AA410,0x001AA530,288
FUN_001aa530,0x001AA530,0x001AA5F8,200
FUN_001aa600,0x001AA600,0x001AA680,128
gap_001aa680,0x001AA680,0x001AA6A0,32
FUN_001aa6a0,0x001AA6A0,0x001AA720,128
gap_001aa720,0x001AA720,0x001AA750,48
FUN_001aa750,0x001AA750,0x001AA818,200
FUN_001aa820,0x001AA820,0x001AA8E8,200
gap_001aa8f0,0x001AA8F0,0x001AA920,48
FUN_001aa920,0x001AA920,0x001AAA98,376
FUN_001aaaa0,0x001AAAA0,0x001AAC10,368
FUN_001aac10,0x001AAC10,0x001AAD20,272
FUN_001aad20,0x001AAD20,0x001AAFBC,668
FUN_001aafc0,0x001AAFC0,0x001AB0C8,264
FUN_001ab0d0,0x001AB0D0,0x001AB1D4,260
FUN_001ab1e0,0x001AB1E0,0x001AB37C,412
FUN_001ab380,0x001AB380,0x001AB5AC,556
FUN_001ab5b0,0x001AB5B0,0x001AB904,852
FUN_001ab910,0x001AB910,0x001AB9E0,208
FUN_001ab9e0,0x001AB9E0,0x001ABA30,80
FUN_001aba30,0x001ABA30,0x001ABA6C,60
FUN_001aba70,0x001ABA70,0x001ABAC0,80
FUN_001abac0,0x001ABAC0,0x001ABC00,320
FUN_001abc00,0x001ABC00,0x001ABC9C,156
FUN_001abca0,0x001ABCA0,0x001ABCF0,80
FUN_001abcf0,0x001ABCF0,0x001ABD2C,60
FUN_001abd30,0x001ABD30,0x001ABD6C,60
FUN_001abd70,0x001ABD70,0x001ABDE8,120
FUN_001abdf0,0x001ABDF0,0x001ABED0,224
FUN_001abed0,0x001ABED0,0x001ABF78,168
FUN_001abf80,0x001ABF80,0x001AC050,208
FUN_001ac050,0x001AC050,0x001AC078,40
FUN_001ac080,0x001AC080,0x001AC104,132
FUN_001ac110,0x001AC110,0x001AC1B8,168
FUN_001ac1c0,0x001AC1C0,0x001AC238,120
FUN_001ac240,0x001AC240,0x001AC248,8
FUN_001ac250,0x001AC250,0x001AC2EC,156
FUN_001ac2f0,0x001AC2F0,0x001AC3E4,244
FUN_001ac3f0,0x001AC3F0,0x001AC590,416
FUN_001ac590,0x001AC590,0x001AC618,136
FUN_001ac620,0x001AC620,0x001AC67C,92
FUN_001ac680,0x001AC680,0x001AC6DC,92
FUN_001ac6e0,0x001AC6E0,0x001AC73C,92
FUN_001ac740,0x001AC740,0x001AC768,40
FUN_001ac770,0x001AC770,0x001AC7D8,104
FUN_001ac7e0,0x001AC7E0,0x001AC840,96
FUN_001ac840,0x001AC840,0x001AC9EC,428
FUN_001ac9f0,0x001AC9F0,0x001ACE50,1120
FUN_001ace50,0x001ACE50,0x001AD0C4,628
FUN_001ad0d0,0x001AD0D0,0x001AD5F4,1316
FUN_001ad600,0x001AD600,0x001AD664,100
FUN_001ad670,0x001AD670,0x001AD6D0,96
FUN_001ad6d0,0x001AD6D0,0x001AD72C,92
FUN_001ad730,0x001AD730,0x001AD78C,92
FUN_001ad790,0x001AD790,0x001AD7EC,92
FUN_001ad7f0,0x001AD7F0,0x001AD858,104
FUN_001ad860,0x001AD860,0x001ADA7C,540
FUN_001ada80,0x001ADA80,0x001ADC6C,492
FUN_001adc70,0x001ADC70,0x001ADC7C,12
FUN_001adc80,0x001ADC80,0x001ADD1C,156
FUN_001add20,0x001ADD20,0x001ADD2C,12
FUN_001add30,0x001ADD30,0x001ADD38,8
FUN_001add40,0x001ADD40,0x001ADEB0,368
FUN_001adeb0,0x001ADEB0,0x001ADFE8,312
FUN_001adff0,0x001ADFF0,0x001ADFF8,8
FUN_001ae000,0x001AE000,0x001AE07C,124
FUN_001ae080,0x001AE080,0x001AE088,8
FUN_001ae090,0x001AE090,0x001AE09C,12
FUN_001ae0a0,0x001AE0A0,0x001AE110,112
FUN_001ae110,0x001AE110,0x001AE15C,76
FUN_001ae160,0x001AE160,0x001AE1B4,84
FUN_001ae1c0,0x001AE1C0,0x001AE798,1496
FUN_001ae7a0,0x001AE7A0,0x001AE7D4,52
FUN_001ae7e0,0x001AE7E0,0x001AEC5C,1148
FUN_001aec60,0x001AEC60,0x001AED6C,268
FUN_001aed70,0x001AED70,0x001AEF50,480
FUN_001aef50,0x001AEF50,0x001AEF64,20
FUN_001aef70,0x001AEF70,0x001AEFF4,132
FUN_001af000,0x001AF000,0x001AF074,116
FUN_001af080,0x001AF080,0x001AF3A0,800
FUN_001af3a0,0x001AF3A0,0x001AF440,160
FUN_001af440,0x001AF440,0x001AF49C,92
FUN_001af4a0,0x001AF4A0,0x001AF648,424
FUN_001af650,0x001AF650,0x001AF65C,12
FUN_001af660,0x001AF660,0x001AF66C,12
FUN_001af670,0x001AF670,0x001AF678,8
FUN_001af680,0x001AF680,0x001AF6CC,76
FUN_001af6d0,0x001AF6D0,0x001AF71C,76
FUN_001af720,0x001AF720,0x001AF76C,76
FUN_001af770,0x001AF770,0x001AF7B8,72
FUN_001af7c0,0x001AF7C0,0x001AF9E4,548
FUN_001af9f0,0x001AF9F0,0x001AFA14,36
FUN_001afa20,0x001AFA20,0x001AFD68,840
FUN_001afd70,0x001AFD70,0x001B0D64,4084
FUN_001b0d70,0x001B0D70,0x001B1040,720
FUN_001b1040,0x001B1040,0x001B10D4,148
FUN_001b10e0,0x001B10E0,0x001B1340,608
FUN_001b1340,0x001B1340,0x001B1490,336
FUN_001b1490,0x001B1490,0x001B1548,184
FUN_001b1550,0x001B1550,0x001B15D4,132
FUN_001b15e0,0x001B15E0,0x001B1608,40
FUN_001b1610,0x001B1610,0x001B1778,360
FUN_001b1780,0x001B1780,0x001B178C,12
FUN_001b1790,0x001B1790,0x001B1838,168
FUN_001b1840,0x001B1840,0x001B184C,12
FUN_001b1850,0x001B1850,0x001B1940,240
FUN_001b1940,0x001B1940,0x001B19F8,184
FUN_001b1a00,0x001B1A00,0x001B1E50,1104
FUN_001b1e50,0x001B1E50,0x001B1F00,176
FUN_001b1f00,0x001B1F00,0x001B2238,824
FUN_001b2240,0x001B2240,0x001B2354,276
FUN_001b2360,0x001B2360,0x001B2490,304
FUN_001b2490,0x001B2490,0x001B26C0,560
gap_001b26c0,0x001B26C0,0x001B26C8,8
FUN_001b26d0,0x001B26D0,0x001B28AC,476
gap_001b28ac,0x001B28AC,0x001B28BC,16
FUN_001b28c0,0x001B28C0,0x001B2984,196
FUN_001b2990,0x001B2990,0x001B2B14,388
FUN_001b2b20,0x001B2B20,0x001B2C0C,236
FUN_001b2c10,0x001B2C10,0x001B2F90,896
FUN_001b2f90,0x001B2F90,0x001B3024,148
FUN_001b3030,0x001B3030,0x001B30C4,148
FUN_001b30d0,0x001B30D0,0x001B317C,172
FUN_001b3180,0x001B3180,0x001B322C,172
FUN_001b3230,0x001B3230,0x001B3308,216
FUN_001b3310,0x001B3310,0x001B33E4,212
FUN_001b33f0,0x001B33F0,0x001B345C,108
FUN_001b3460,0x001B3460,0x001B3500,160
FUN_001b3500,0x001B3500,0x001B3688,392
FUN_001b3690,0x001B3690,0x001B36A0,16
FUN_001b36a0,0x001B36A0,0x001B3740,160
FUN_001b3740,0x001B3740,0x001B3780,64
FUN_001b3780,0x001B3780,0x001B385C,220
FUN_001b3860,0x001B3860,0x001B3990,304
FUN_001b3990,0x001B3990,0x001B3A2C,156
FUN_001b3a30,0x001B3A30,0x001B3B24,244
FUN_001b3b30,0x001B3B30,0x001B3B8C,92
FUN_001b3b90,0x001B3B90,0x001B3D48,440
FUN_001b3d50,0x001B3D50,0x001B3DE4,148
FUN_001b3df0,0x001B3DF0,0x001B3EB4,196
FUN_001b3ec0,0x001B3EC0,0x001B3F30,112
FUN_001b3f30,0x001B3F30,0x001B3FD8,168
FUN_001b3fe0,0x001B3FE0,0x001B4000,32
FUN_001b4000,0x001B4000,0x001B407C,124
FUN_001b4080,0x001B4080,0x001B413C,188
FUN_001b4140,0x001B4140,0x001B417C,60
FUN_001b4180,0x001B4180,0x001B424C,204
FUN_001b4250,0x001B4250,0x001B4790,1344
FUN_001b4790,0x001B4790,0x001B47B0,32
FUN_001b47b0,0x001B47B0,0x001B482C,124
FUN_001b4830,0x001B4830,0x001B48CC,156
FUN_001b48d0,0x001B48D0,0x001B4A48,376
FUN_001b4a50,0x001B4A50,0x001B4AE0,144
FUN_001b4ae0,0x001B4AE0,0x001B4B08,40
FUN_001b4b10,0x001B4B10,0x001B4B3C,44
FUN_001b4b40,0x001B4B40,0x001B4B84,68
FUN_001b4b90,0x001B4B90,0x001B4D9C,524
FUN_001b4da0,0x001B4DA0,0x001B4DC8,40
FUN_001b4dd0,0x001B4DD0,0x001B4F8C,444
FUN_001b4f90,0x001B4F90,0x001B5150,448
FUN_001b5150,0x001B5150,0x001B5348,504
FUN_001b5350,0x001B5350,0x001B5424,212
FUN_001b5430,0x001B5430,0x001B54E0,176
FUN_001b54e0,0x001B54E0,0x001B555C,124
FUN_001b5560,0x001B5560,0x001B55DC,124
FUN_001b55e0,0x001B55E0,0x001B5640,96
FUN_001b5640,0x001B5640,0x001B56B0,112
FUN_001b56b0,0x001B56B0,0x001B56EC,60
FUN_001b56f0,0x001B56F0,0x001B572C,60
FUN_001b5730,0x001B5730,0x001B57B8,136
FUN_001b57c0,0x001B57C0,0x001B58CC,268
FUN_001b58d0,0x001B58D0,0x001B5A38,360
FUN_001b5a40,0x001B5A40,0x001B5AF4,180
FUN_001b5b00,0x001B5B00,0x001B5E50,848
FUN_001b5e50,0x001B5E50,0x001B5EA8,88
FUN_001b5eb0,0x001B5EB0,0x001B5F08,88
FUN_001b5f10,0x001B5F10,0x001B5F4C,60
FUN_001b5f50,0x001B5F50,0x001B5FBC,108
FUN_001b5fc0,0x001B5FC0,0x001B6028,104
FUN_001b6030,0x001B6030,0x001B6120,240
FUN_001b6120,0x001B6120,0x001B6204,228
FUN_001b6210,0x001B6210,0x001B63B4,420
FUN_001b63c0,0x001B63C0,0x001B64C0,256
FUN_001b64c0,0x001B64C0,0x001B66C0,512
FUN_001b66c0,0x001B66C0,0x001B6750,144
FUN_001b6750,0x001B6750,0x001B6AE8,920
FUN_001b6af0,0x001B6AF0,0x001B6E54,868
FUN_001b6e60,0x001B6E60,0x001B6F24,196
FUN_001b6f30,0x001B6F30,0x001B6F50,32
FUN_001b6f50,0x001B6F50,0x001B6FD0,128
FUN_001b6fd0,0x001B6FD0,0x001B7048,120
FUN_001b7050,0x001B7050,0x001B716C,284
FUN_001b7170,0x001B7170,0x001B7278,264
FUN_001b7280,0x001B7280,0x001B72E0,96
FUN_001b72e0,0x001B72E0,0x001B73F8,280
FUN_001b7400,0x001B7400,0x001B743C,60
FUN_001b7440,0x001B7440,0x001B747C,60
FUN_001b7480,0x001B7480,0x001B74F0,112
FUN_001b74f0,0x001B74F0,0x001B7560,112
FUN_001b7560,0x001B7560,0x001B7608,168
FUN_001b7610,0x001B7610,0x001B76B8,168
FUN_001b76c0,0x001B76C0,0x001B775C,156
FUN_001b7760,0x001B7760,0x001B77FC,156
FUN_001b7800,0x001B7800,0x001B7874,116
FUN_001b7880,0x001B7880,0x001B7944,196
FUN_001b7950,0x001B7950,0x001B7A04,180
FUN_001b7a10,0x001B7A10,0x001B7A4C,60
FUN_001b7a50,0x001B7A50,0x001B7B78,296
FUN_001b7b80,0x001B7B80,0x001B7BBC,60
FUN_001b7bc0,0x001B7BC0,0x001B7BFC,60
FUN_001b7c00,0x001B7C00,0x001B7CC8,200
FUN_001b7cd0,0x001B7CD0,0x001B7E08,312
FUN_001b7e10,0x001B7E10,0x001B8104,756
FUN_001b8110,0x001B8110,0x001B8638,1320
FUN_001b8640,0x001B8640,0x001B86CC,140
FUN_001b86d0,0x001B86D0,0x001B8778,168
FUN_001b8780,0x001B8780,0x001B8A48,712
FUN_001b8a50,0x001B8A50,0x001B8A70,32
FUN_001b8a70,0x001B8A70,0x001B8AC4,84
FUN_001b8ad0,0x001B8AD0,0x001B8AFC,44
FUN_001b8b00,0x001B8B00,0x001B8BF8,248
FUN_001b8c00,0x001B8C00,0x001B8CA4,164
FUN_001b8cb0,0x001B8CB0,0x001B8CD8,40
FUN_001b8ce0,0x001B8CE0,0x001B8D70,144
FUN_001b8d70,0x001B8D70,0x001B8DF8,136
FUN_001b8e00,0x001B8E00,0x001B8F8C,396
FUN_001b8f90,0x001B8F90,0x001B8FC0,48
FUN_001b8fc0,0x001B8FC0,0x001B9018,88
FUN_001b9020,0x001B9020,0x001B9264,580
FUN_001b9270,0x001B9270,0x001B9294,36
FUN_001b92a0,0x001B92A0,0x001B951C,636
FUN_001b9520,0x001B9520,0x001B971C,508
FUN_001b9720,0x001B9720,0x001B9934,532
FUN_001b9940,0x001B9940,0x001B9998,88
FUN_001b99a0,0x001B99A0,0x001B9A0C,108
FUN_001b9a10,0x001B9A10,0x001B9A68,88
FUN_001b9a70,0x001B9A70,0x001B9B60,240
FUN_001b9b60,0x001B9B60,0x001B9C00,160
FUN_001b9c00,0x001B9C00,0x001B9C2C,44
FUN_001b9c30,0x001B9C30,0x001B9C7C,76
FUN_001b9c80,0x001B9C80,0x001B9D04,132
FUN_001b9d10,0x001B9D10,0x001B9E20,272
FUN_001b9e20,0x001B9E20,0x001B9E68,72
FUN_001b9e70,0x001B9E70,0x001B9EC8,88
FUN_001b9ed0,0x001B9ED0,0x001B9F28,88
FUN_001b9f30,0x001B9F30,0x001B9F64,52
FUN_001b9f70,0x001B9F70,0x001BA154,484
FUN_001ba160,0x001BA160,0x001BA1A8,72
FUN_001ba1b0,0x001BA1B0,0x001BA1EC,60
FUN_001ba1f0,0x001BA1F0,0x001BA26C,124
FUN_001ba270,0x001BA270,0x001BA324,180
FUN_001ba330,0x001BA330,0x001BA4EC,444
FUN_001ba4f0,0x001BA4F0,0x001BA6CC,476
FUN_001ba6d0,0x001BA6D0,0x001BA8D4,516
FUN_001ba8e0,0x001BA8E0,0x001BA928,72
FUN_001ba930,0x001BA930,0x001BA974,68
FUN_001ba980,0x001BA980,0x001BA9BC,60
FUN_001ba9c0,0x001BA9C0,0x001BA9D0,16
FUN_001ba9d0,0x001BA9D0,0x001BABDC,524
FUN_001babe0,0x001BABE0,0x001BAC38,88
FUN_001bac40,0x001BAC40,0x001BAC70,48
FUN_001bac70,0x001BAC70,0x001BACEC,124
FUN_001bacf0,0x001BACF0,0x001BAD18,40
FUN_001bad20,0x001BAD20,0x001BAD50,48
FUN_001bad50,0x001BAD50,0x001BAD7C,44
FUN_001bad80,0x001BAD80,0x001BB02C,684
FUN_001bb030,0x001BB030,0x001BB30C,732
FUN_001bb310,0x001BB310,0x001BB4E0,464
FUN_001bb4e0,0x001BB4E0,0x001BB564,132
FUN_001bb570,0x001BB570,0x001BB594,36
FUN_001bb5a0,0x001BB5A0,0x001BBA38,1176
FUN_001bba40,0x001BBA40,0x001BBA7C,60
FUN_001bba80,0x001BBA80,0x001BBB6C,236
FUN_001bbb70,0x001BBB70,0x001BBBCC,92
FUN_001bbbd0,0x001BBBD0,0x001BBC3C,108
FUN_001bbc40,0x001BBC40,0x001BBC90,80
FUN_001bbc90,0x001BBC90,0x001BBDEC,348
FUN_001bbdf0,0x001BBDF0,0x001BBE40,80
FUN_001bbe40,0x001BBE40,0x001BBE7C,60
FUN_001bbe80,0x001BBE80,0x001BC098,536
FUN_001bc0a0,0x001BC0A0,0x001BC1B4,276
FUN_001bc1c0,0x001BC1C0,0x001BC298,216
FUN_001bc2a0,0x001BC2A0,0x001BC4BC,540
FUN_001bc4c0,0x001BC4C0,0x001BC5BC,252
FUN_001bc5c0,0x001BC5C0,0x001BC60C,76
FUN_001bc610,0x001BC610,0x001BC6A8,152
FUN_001bc6b0,0x001BC6B0,0x001BC72C,124
FUN_001bc730,0x001BC730,0x001BC77C,76
FUN_001bc780,0x001BC780,0x001BC888,264
FUN_001bc890,0x001BC890,0x001BCA24,404
FUN_001bca30,0x001BCA30,0x001BCBB4,388
FUN_001bcbc0,0x001BCBC0,0x001BCD2C,364
FUN_001bcd30,0x001BCD30,0x001BCF30,512
FUN_001bcf30,0x001BCF30,0x001BD130,512
FUN_001bd130,0x001BD130,0x001BD28C,348
FUN_001bd290,0x001BD290,0x001BD338,168
FUN_001bd340,0x001BD340,0x001BD39C,92
FUN_001bd3a0,0x001BD3A0,0x001BD3A8,8
FUN_001bd3b0,0x001BD3B0,0x001BD3B8,8
FUN_001bd3c0,0x001BD3C0,0x001BD3FC,60
FUN_001bd400,0x001BD400,0x001BD42C,44
FUN_001bd430,0x001BD430,0x001BD45C,44
FUN_001bd460,0x001BD460,0x001BD49C,60
FUN_001bd4a0,0x001BD4A0,0x001BD4DC,60
FUN_001bd4e0,0x001BD4E0,0x001BD52C,76
FUN_001bd530,0x001BD530,0x001BD584,84
FUN_001bd590,0x001BD590,0x001BD638,168
FUN_001bd640,0x001BD640,0x001BD714,212
FUN_001bd720,0x001BD720,0x001BD764,68
FUN_001bd770,0x001BD770,0x001BD874,260
FUN_001bd880,0x001BD880,0x001BD8AC,44
FUN_001bd8b0,0x001BD8B0,0x001BD97C,204
FUN_001bd980,0x001BD980,0x001BDB98,536
FUN_001bdba0,0x001BDBA0,0x001BDC38,152
FUN_001bdc40,0x001BDC40,0x001BDCD8,152
FUN_001bdce0,0x001BDCE0,0x001BDD88,168
FUN_001bdd90,0x001BDD90,0x001BDEA4,276
FUN_001bdeb0,0x001BDEB0,0x001BDEF0,64
FUN_001bdef0,0x001BDEF0,0x001BDF58,104
FUN_001bdf60,0x001BDF60,0x001BE090,304
FUN_001be090,0x001BE090,0x001BE0E0,80
FUN_001be0e0,0x001BE0E0,0x001BE1D8,248
FUN_001be1e0,0x001BE1E0,0x001BE224,68
FUN_001be230,0x001BE230,0x001BE29C,108
FUN_001be2a0,0x001BE2A0,0x001BE320,128
FUN_001be320,0x001BE320,0x001BE39C,124
FUN_001be3a0,0x001BE3A0,0x001BE470,208
FUN_001be470,0x001BE470,0x001BE52C,188
FUN_001be530,0x001BE530,0x001BE5F8,200
FUN_001be600,0x001BE600,0x001BE708,264
FUN_001be710,0x001BE710,0x001BE760,80
FUN_001be760,0x001BE760,0x001BE79C,60
FUN_001be7a0,0x001BE7A0,0x001BE930,400
FUN_001be930,0x001BE930,0x001BE974,68
FUN_001be980,0x001BE980,0x001BE9C4,68
FUN_001be9d0,0x001BE9D0,0x001BEA84,180
FUN_001bea90,0x001BEA90,0x001BEBA0,272
FUN_001beba0,0x001BEBA0,0x001BEC48,168
FUN_001bec50,0x001BEC50,0x001BEC8C,60
FUN_001bec90,0x001BEC90,0x001BED20,144
FUN_001bed20,0x001BED20,0x001BED8C,108
FUN_001bed90,0x001BED90,0x001BEE00,112
FUN_001bee00,0x001BEE00,0x001BEE20,32
FUN_001bee20,0x001BEE20,0x001BEEB0,144
FUN_001beeb0,0x001BEEB0,0x001BEEB8,8
FUN_001beec0,0x001BEEC0,0x001BEF10,80
FUN_001bef10,0x001BEF10,0x001BF59C,1676
FUN_001bf5a0,0x001BF5A0,0x001BF6A8,264
FUN_001bf6b0,0x001BF6B0,0x001BF6F4,68
FUN_001bf700,0x001BF700,0x001BF784,132
FUN_001bf790,0x001BF790,0x001BF840,176
FUN_001bf840,0x001BF840,0x001BF890,80
FUN_001bf890,0x001BF890,0x001BF988,248
FUN_001bf990,0x001BF990,0x001BFA04,116
FUN_001bfa10,0x001BFA10,0x001BFAF0,224
FUN_001bfaf0,0x001BFAF0,0x001BFC8C,412
FUN_001bfc90,0x001BFC90,0x001BFCB0,32
FUN_001bfcb0,0x001BFCB0,0x001BFD3C,140
FUN_001bfd40,0x001BFD40,0x001BFDEC,172
FUN_001bfdf0,0x001BFDF0,0x001BFE38,72
FUN_001bfe40,0x001BFE40,0x001BFEAC,108
FUN_001bfeb0,0x001BFEB0,0x001BFED0,32
FUN_001bfed0,0x001BFED0,0x001BFF90,192
FUN_001bff90,0x001BFF90,0x001C0018,136
FUN_001c0020,0x001C0020,0x001C00D0,176
FUN_001c00d0,0x001C00D0,0x001C0178,168
FUN_001c0180,0x001C0180,0x001C01C8,72
FUN_001c01d0,0x001C01D0,0x001C0220,80
FUN_001c0220,0x001C0220,0x001C0298,120
FUN_001c02a0,0x001C02A0,0x001C0474,468
FUN_001c0480,0x001C0480,0x001C04BC,60
FUN_001c04c0,0x001C04C0,0x001C0778,696
FUN_001c0780,0x001C0780,0x001C0790,16
FUN_001c0790,0x001C0790,0x001C087C,236
FUN_001c0880,0x001C0880,0x001C0964,228
FUN_001c0970,0x001C0970,0x001C0B20,432
FUN_001c0b20,0x001C0B20,0x001C0B90,112
FUN_001c0b90,0x001C0B90,0x001C0C18,136
FUN_001c0c20,0x001C0C20,0x001C0CC8,168
FUN_001c0cd0,0x001C0CD0,0x001C0D28,88
FUN_001c0d30,0x001C0D30,0x001C0DD8,168
FUN_001c0de0,0x001C0DE0,0x001C0E50,112
FUN_001c0e50,0x001C0E50,0x001C0EDC,140
FUN_001c0ee0,0x001C0EE0,0x001C0F54,116
FUN_001c0f60,0x001C0F60,0x001C10C4,356
FUN_001c10d0,0x001C10D0,0x001C1190,192
FUN_001c1190,0x001C1190,0x001C11E0,80
FUN_001c11e0,0x001C11E0,0x001C123C,92
FUN_001c1240,0x001C1240,0x001C1284,68
FUN_001c1290,0x001C1290,0x001C1354,196
FUN_001c1360,0x001C1360,0x001C13D4,116
FUN_001c13e0,0x001C13E0,0x001C1424,68
FUN_001c1430,0x001C1430,0x001C14F0,192
FUN_001c14f0,0x001C14F0,0x001C1540,80
FUN_001c1540,0x001C1540,0x001C1584,68
FUN_001c1590,0x001C1590,0x001C1630,160
FUN_001c1630,0x001C1630,0x001C1674,68
FUN_001c1680,0x001C1680,0x001C16DC,92
FUN_001c16e0,0x001C16E0,0x001C1754,116
FUN_001c1760,0x001C1760,0x001C17A4,68
FUN_001c17b0,0x001C17B0,0x001C1824,116
FUN_001c1830,0x001C1830,0x001C1960,304
FUN_001c1960,0x001C1960,0x001C199C,60
FUN_001c19a0,0x001C19A0,0x001C1AA0,256
FUN_001c1aa0,0x001C1AA0,0x001C1BA4,260
FUN_001c1bb0,0x001C1BB0,0x001C1C6C,188
FUN_001c1c70,0x001C1C70,0x001C1D90,288
FUN_001c1d90,0x001C1D90,0x001C1E04,116
FUN_001c1e10,0x001C1E10,0x001C1F00,240
FUN_001c1f00,0x001C1F00,0x001C214C,588
FUN_001c2150,0x001C2150,0x001C2234,228
FUN_001c2240,0x001C2240,0x001C2504,708
FUN_001c2510,0x001C2510,0x001C254C,60
FUN_001c2550,0x001C2550,0x001C2570,32
FUN_001c2570,0x001C2570,0x001C2590,32
FUN_001c2590,0x001C2590,0x001C2618,136
FUN_001c2620,0x001C2620,0x001C2628,8
FUN_001c2630,0x001C2630,0x001C26A0,112
FUN_001c26a0,0x001C26A0,0x001C26E8,72
FUN_001c26f0,0x001C26F0,0x001C279C,172
FUN_001c27a0,0x001C27A0,0x001C2824,132
FUN_001c2830,0x001C2830,0x001C286C,60
FUN_001c2870,0x001C2870,0x001C28A4,52
FUN_001c28b0,0x001C28B0,0x001C28FC,76
FUN_001c2900,0x001C2900,0x001C294C,76
FUN_001c2950,0x001C2950,0x001C29E0,144
FUN_001c29e0,0x001C29E0,0x001C29E8,8
FUN_001c29f0,0x001C29F0,0x001C2A54,100
FUN_001c2a60,0x001C2A60,0x001C2AF0,144
FUN_001c2af0,0x001C2AF0,0x001C2B94,164
FUN_001c2ba0,0x001C2BA0,0x001C2BB0,16
FUN_001c2bb0,0x001C2BB0,0x001C2BC0,16
FUN_001c2bc0,0x001C2BC0,0x001C2BD0,16
FUN_001c2bd0,0x001C2BD0,0x001C2BE0,16
FUN_001c2be0,0x001C2BE0,0x001C2BF0,16
FUN_001c2bf0,0x001C2BF0,0x001C2C00,16
FUN_001c2c00,0x001C2C00,0x001C2C3C,60
FUN_001c2c40,0x001C2C40,0x001C2D08,200
FUN_001c2d10,0x001C2D10,0x001C2D44,52
FUN_001c2d50,0x001C2D50,0x001C2DD0,128
FUN_001c2dd0,0x001C2DD0,0x001C2E84,180
FUN_001c2e90,0x001C2E90,0x001C2EB0,32
FUN_001c2eb0,0x001C2EB0,0x001C2F54,164
FUN_001c2f60,0x001C2F60,0x001C300C,172
FUN_001c3010,0x001C3010,0x001C304C,60
FUN_001c3050,0x001C3050,0x001C30F4,164
gap_001c3100,0x001C3100,0x001C3108,8
FUN_001c3110,0x001C3110,0x001C3118,8
FUN_001c3120,0x001C3120,0x001C3128,8
FUN_001c3130,0x001C3130,0x001C31D4,164
FUN_001c31e0,0x001C31E0,0x001C3200,32
FUN_001c3200,0x001C3200,0x001C3220,32
FUN_001c3220,0x001C3220,0x001C3240,32
FUN_001c3240,0x001C3240,0x001C328C,76
FUN_001c3290,0x001C3290,0x001C33E0,336
FUN_001c33e0,0x001C33E0,0x001C3488,168
FUN_001c3490,0x001C3490,0x001C3498,8
FUN_001c34a0,0x001C34A0,0x001C34E4,68
FUN_001c34f0,0x001C34F0,0x001C3670,384
FUN_001c3670,0x001C3670,0x001C3678,8
FUN_001c3680,0x001C3680,0x001C3688,8
FUN_001c3690,0x001C3690,0x001C3978,744
FUN_001c3980,0x001C3980,0x001C3988,8
FUN_001c3990,0x001C3990,0x001C39CC,60
FUN_001c39d0,0x001C39D0,0x001C3A6C,156
FUN_001c3a70,0x001C3A70,0x001C3B10,160
FUN_001c3b10,0x001C3B10,0x001C3B4C,60
FUN_001c3b50,0x001C3B50,0x001C3C2C,220
FUN_001c3c30,0x001C3C30,0x001C3D0C,220
FUN_001c3d10,0x001C3D10,0x001C3E90,384
FUN_001c3e90,0x001C3E90,0x001C3F44,180
FUN_001c3f50,0x001C3F50,0x001C419C,588
FUN_001c41a0,0x001C41A0,0x001C41F8,88
FUN_001c4200,0x001C4200,0x001C4300,256
gap_001c4300,0x001C4300,0x001C4308,8
FUN_001c4310,0x001C4310,0x001C4514,516
FUN_001c4520,0x001C4520,0x001C455C,60
FUN_001c4560,0x001C4560,0x001C4610,176
FUN_001c4610,0x001C4610,0x001C4710,256
FUN_001c4710,0x001C4710,0x001C481C,268
FUN_001c4820,0x001C4820,0x001C48BC,156
FUN_001c48c0,0x001C48C0,0x001C49E0,288
FUN_001c49e0,0x001C49E0,0x001C4A7C,156
FUN_001c4a80,0x001C4A80,0x001C4BB8,312
FUN_001c4bc0,0x001C4BC0,0x001C4C5C,156
FUN_001c4c60,0x001C4C60,0x001C4D18,184
FUN_001c4d20,0x001C4D20,0x001C4DBC,156
FUN_001c4dc0,0x001C4DC0,0x001C4E54,148
FUN_001c4e60,0x001C4E60,0x001C4EF4,148
FUN_001c4f00,0x001C4F00,0x001C4F80,128
FUN_001c4f80,0x001C4F80,0x001C5000,128
FUN_001c5000,0x001C5000,0x001C5080,128
FUN_001c5080,0x001C5080,0x001C5144,196
FUN_001c5150,0x001C5150,0x001C51E4,148
FUN_001c51f0,0x001C51F0,0x001C5270,128
FUN_001c5270,0x001C5270,0x001C5364,244
FUN_001c5370,0x001C5370,0x001C5464,244
FUN_001c5470,0x001C5470,0x001C550C,156
FUN_001c5510,0x001C5510,0x001C5614,260
FUN_001c5620,0x001C5620,0x001C576C,332
FUN_001c5770,0x001C5770,0x001C5874,260
FUN_001c5880,0x001C5880,0x001C595C,220
FUN_001c5960,0x001C5960,0x001C59FC,156
FUN_001c5a00,0x001C5A00,0x001C5AB8,184
FUN_001c5ac0,0x001C5AC0,0x001C5C0C,332
FUN_001c5c10,0x001C5C10,0x001C5EE0,720
FUN_001c5ee0,0x001C5EE0,0x001C5FF8,280
FUN_001c6000,0x001C6000,0x001C60C0,192
FUN_001c60c0,0x001C60C0,0x001C619C,220
FUN_001c61a0,0x001C61A0,0x001C623C,156
FUN_001c6240,0x001C6240,0x001C62C0,128
FUN_001c62c0,0x001C62C0,0x001C640C,332
FUN_001c6410,0x001C6410,0x001C655C,332
FUN_001c6560,0x001C6560,0x001C663C,220
FUN_001c6640,0x001C6640,0x001C66DC,156
FUN_001c66e0,0x001C66E0,0x001C677C,156
FUN_001c6780,0x001C6780,0x001C6800,128
FUN_001c6800,0x001C6800,0x001C68B8,184
FUN_001c68c0,0x001C68C0,0x001C69D8,280
FUN_001c69e0,0x001C69E0,0x001C6A54,116
FUN_001c6a60,0x001C6A60,0x001C6A9C,60
FUN_001c6aa0,0x001C6AA0,0x001C6B3C,156
FUN_001c6b40,0x001C6B40,0x001C6BDC,156
FUN_001c6be0,0x001C6BE0,0x001C6C1C,60
FUN_001c6c20,0x001C6C20,0x001C6CD0,176
FUN_001c6cd0,0x001C6CD0,0x001C6D80,176
FUN_001c6d80,0x001C6D80,0x001C6DA0,32
FUN_001c6da0,0x001C6DA0,0x001C6DDC,60
FUN_001c6de0,0x001C6DE0,0x001C6E00,32
FUN_001c6e00,0x001C6E00,0x001C6E20,32
FUN_001c6e20,0x001C6E20,0x001C6E70,80
FUN_001c6e70,0x001C6E70,0x001C6E90,32
FUN_001c6e90,0x001C6E90,0x001C6F60,208
FUN_001c6f60,0x001C6F60,0x001C70BC,348
FUN_001c70c0,0x001C70C0,0x001C7148,136
FUN_001c7150,0x001C7150,0x001C7170,32
FUN_001c7170,0x001C7170,0x001C7190,32
FUN_001c7190,0x001C7190,0x001C71E0,80
FUN_001c71e0,0x001C71E0,0x001C7200,32
FUN_001c7200,0x001C7200,0x001C72F0,240
FUN_001c72f0,0x001C72F0,0x001C732C,60
FUN_001c7330,0x001C7330,0x001C7350,32
FUN_001c7350,0x001C7350,0x001C743C,236
FUN_001c7440,0x001C7440,0x001C752C,236
FUN_001c7530,0x001C7530,0x001C75D4,164
FUN_001c75e0,0x001C75E0,0x001C7684,164
FUN_001c7690,0x001C7690,0x001C77EC,348
FUN_001c77f0,0x001C77F0,0x001C7904,276
FUN_001c7910,0x001C7910,0x001C7974,100
FUN_001c7980,0x001C7980,0x001C79B4,52
FUN_001c79c0,0x001C79C0,0x001C79F4,52
FUN_001c7a00,0x001C7A00,0x001C7A34,52
FUN_001c7a40,0x001C7A40,0x001C7A7C,60
FUN_001c7a80,0x001C7A80,0x001C7B00,128
FUN_001c7b00,0x001C7B00,0x001C7B80,128
FUN_001c7b80,0x001C7B80,0x001C7BBC,60
FUN_001c7bc0,0x001C7BC0,0x001C7BE0,32
FUN_001c7be0,0x001C7BE0,0x001C7C34,84
FUN_001c7c40,0x001C7C40,0x001C7CD0,144
FUN_001c7cd0,0x001C7CD0,0x001C7D74,164
FUN_001c7d80,0x001C7D80,0x001C7E68,232
FUN_001c7e70,0x001C7E70,0x001C7F78,264
FUN_001c7f80,0x001C7F80,0x001C8038,184
FUN_001c8040,0x001C8040,0x001C8120,224
FUN_001c8120,0x001C8120,0x001C81BC,156
FUN_001c81c0,0x001C81C0,0x001C8250,144
FUN_001c8250,0x001C8250,0x001C82E0,144
FUN_001c82e0,0x001C82E0,0x001C8354,116
FUN_001c8360,0x001C8360,0x001C8408,168
FUN_001c8410,0x001C8410,0x001C84B8,168
FUN_001c84c0,0x001C84C0,0x001C8534,116
FUN_001c8540,0x001C8540,0x001C8598,88
FUN_001c85a0,0x001C85A0,0x001C8654,180
FUN_001c8660,0x001C8660,0x001C86FC,156
FUN_001c8700,0x001C8700,0x001C87B4,180
FUN_001c87c0,0x001C87C0,0x001C885C,156
FUN_001c8860,0x001C8860,0x001C89CC,364
FUN_001c89d0,0x001C89D0,0x001C8A68,152
FUN_001c8a70,0x001C8A70,0x001C8B28,184
FUN_001c8b30,0x001C8B30,0x001C8C58,296
FUN_001c8c60,0x001C8C60,0x001C8E20,448
FUN_001c8e20,0x001C8E20,0x001C8F50,304
FUN_001c8f50,0x001C8F50,0x001C969C,1868
gap_001c969c,0x001C969C,0x001C96BC,32
FUN_001c96c0,0x001C96C0,0x001C9738,120
FUN_001c9740,0x001C9740,0x001C97B8,120
FUN_001c97c0,0x001C97C0,0x001C9838,120
FUN_001c9840,0x001C9840,0x001C9870,48
FUN_001c9870,0x001C9870,0x001C98E8,120
FUN_001c98f0,0x001C98F0,0x001C996C,124
FUN_001c9970,0x001C9970,0x001C9A38,200
FUN_001c9a40,0x001C9A40,0x001C9B08,200
FUN_001c9b10,0x001C9B10,0x001C9BB8,168
FUN_001c9bc0,0x001C9BC0,0x001C9C3C,124
FUN_001c9c40,0x001C9C40,0x001C9CBC,124
FUN_001c9cc0,0x001C9CC0,0x001C9D44,132
FUN_001c9d50,0x001C9D50,0x001C9DD4,132
FUN_001c9de0,0x001C9DE0,0x001C9E64,132
FUN_001c9e70,0x001C9E70,0x001C9EE8,120
FUN_001c9ef0,0x001C9EF0,0x001C9F68,120
FUN_001c9f70,0x001C9F70,0x001C9FEC,124
FUN_001c9ff0,0x001C9FF0,0x001CA0B4,196
FUN_001ca0c0,0x001CA0C0,0x001CA1A0,224
FUN_001ca1a0,0x001CA1A0,0x001CA1E4,68
FUN_001ca1f0,0x001CA1F0,0x001CA2CC,220
FUN_001ca2d0,0x001CA2D0,0x001CA34C,124
FUN_001ca350,0x001CA350,0x001CA39C,76
FUN_001ca3a0,0x001CA3A0,0x001CA50C,364
FUN_001ca510,0x001CA510,0x001CA5FC,236
FUN_001ca600,0x001CA600,0x001CA64C,76
FUN_001ca650,0x001CA650,0x001CA694,68
FUN_001ca6a0,0x001CA6A0,0x001CA80C,364
FUN_001ca810,0x001CA810,0x001CA854,68
FUN_001ca860,0x001CA860,0x001CA8D8,120
FUN_001ca8e0,0x001CA8E0,0x001CA924,68
FUN_001ca930,0x001CA930,0x001CAA7C,332
FUN_001caa80,0x001CAA80,0x001CAAE0,96
FUN_001caae0,0x001CAAE0,0x001CABF4,276
FUN_001cac00,0x001CAC00,0x001CACE8,232
FUN_001cacf0,0x001CACF0,0x001CAFAC,700
FUN_001cafb0,0x001CAFB0,0x001CB028,120
FUN_001cb030,0x001CB030,0x001CB0DC,172
FUN_001cb0e0,0x001CB0E0,0x001CB1DC,252
FUN_001cb1e0,0x001CB1E0,0x001CB2D8,248
FUN_001cb2e0,0x001CB2E0,0x001CB3A4,196
FUN_001cb3b0,0x001CB3B0,0x001CB4E4,308
FUN_001cb4f0,0x001CB4F0,0x001CB534,68
FUN_001cb540,0x001CB540,0x001CB600,192
FUN_001cb600,0x001CB600,0x001CB6D4,212
FUN_001cb6e0,0x001CB6E0,0x001CB708,40
FUN_001cb710,0x001CB710,0x001CB80C,252
FUN_001cb810,0x001CB810,0x001CB998,392
FUN_001cb9a0,0x001CB9A0,0x001CBADC,316
FUN_001cbae0,0x001CBAE0,0x001CBB38,88
FUN_001cbb40,0x001CBB40,0x001CBB90,80
FUN_001cbb90,0x001CBB90,0x001CBBF4,100
FUN_001cbc00,0x001CBC00,0x001CBC64,100
FUN_001cbc70,0x001CBC70,0x001CBCD4,100
FUN_001cbce0,0x001CBCE0,0x001CBD60,128
FUN_001cbd60,0x001CBD60,0x001CBF50,496
FUN_001cbf50,0x001CBF50,0x001CBFAC,92
FUN_001cbfb0,0x001CBFB0,0x001CC00C,92
FUN_001cc010,0x001CC010,0x001CC034,36
FUN_001cc040,0x001CC040,0x001CC0AC,108
FUN_001cc0b0,0x001CC0B0,0x001CC154,164
FUN_001cc160,0x001CC160,0x001CC6C4,1380
FUN_001cc6d0,0x001CC6D0,0x001CC778,168
FUN_001cc780,0x001CC780,0x001CC828,168
FUN_001cc830,0x001CC830,0x001CC85C,44
FUN_001cc860,0x001CC860,0x001CC88C,44
FUN_001cc890,0x001CC890,0x001CC8A0,16
FUN_001cc8a0,0x001CC8A0,0x001CC8CC,44
FUN_001cc8d0,0x001CC8D0,0x001CC970,160
FUN_001cc970,0x001CC970,0x001CC9A0,48
FUN_001cc9a0,0x001CC9A0,0x001CCA24,132
FUN_001cca30,0x001CCA30,0x001CCA90,96
FUN_001cca90,0x001CCA90,0x001CCB38,168
FUN_001ccb40,0x001CCB40,0x001CCB70,48
FUN_001ccb70,0x001CCB70,0x001CCBA0,48
FUN_001ccba0,0x001CCBA0,0x001CCBD0,48
FUN_001ccbd0,0x001CCBD0,0x001CCC00,48
FUN_001ccc00,0x001CCC00,0x001CCD68,360
FUN_001ccd70,0x001CCD70,0x001CCDA0,48
FUN_001ccda0,0x001CCDA0,0x001CCE84,228
FUN_001cce90,0x001CCE90,0x001CD0D8,584
FUN_001cd0e0,0x001CD0E0,0x001CD150,112
FUN_001cd150,0x001CD150,0x001CD184,52
FUN_001cd190,0x001CD190,0x001CD20C,124
FUN_001cd210,0x001CD210,0x001CD240,48
FUN_001cd240,0x001CD240,0x001CD340,256
FUN_001cd340,0x001CD340,0x001CD434,244
FUN_001cd440,0x001CD440,0x001CD538,248
FUN_001cd540,0x001CD540,0x001CD5F8,184
FUN_001cd600,0x001CD600,0x001CD69C,156
FUN_001cd6a0,0x001CD6A0,0x001CD71C,124
FUN_001cd720,0x001CD720,0x001CD79C,124
FUN_001cd7a0,0x001CD7A0,0x001CD7DC,60
FUN_001cd7e0,0x001CD7E0,0x001CD8A8,200
FUN_001cd8b0,0x001CD8B0,0x001CD958,168
FUN_001cd960,0x001CD960,0x001CDAC8,360
FUN_001cdad0,0x001CDAD0,0x001CDB18,72
FUN_001cdb20,0x001CDB20,0x001CDC20,256
FUN_001cdc20,0x001CDC20,0x001CDF3C,796
FUN_001cdf40,0x001CDF40,0x001CE028,232
FUN_001ce030,0x001CE030,0x001CE078,72
FUN_001ce080,0x001CE080,0x001CE144,196
FUN_001ce150,0x001CE150,0x001CE1C4,116
FUN_001ce1d0,0x001CE1D0,0x001CE204,52
FUN_001ce210,0x001CE210,0x001CE31C,268
FUN_001ce320,0x001CE320,0x001CE350,48
FUN_001ce350,0x001CE350,0x001CE48C,316
FUN_001ce490,0x001CE490,0x001CE858,968
FUN_001ce858,0x001CE858,0x001CEA50,504
gap_001cea50,0x001CEA50,0x001CEA58,8
FUN_001cea60,0x001CEA60,0x001CEAA4,68
FUN_001ceab0,0x001CEAB0,0x001CEDA0,752
FUN_001ceda0,0x001CEDA0,0x001CEE40,160
FUN_001cee40,0x001CEE40,0x001CEEF0,176
FUN_001ceef0,0x001CEEF0,0x001CEF6C,124
FUN_001cef70,0x001CEF70,0x001CF114,420
thunk_FUN_001d0d00,0x001CF120,0x001CF128,8
FUN_001cf130,0x001CF130,0x001CF24C,284
FUN_001cf250,0x001CF250,0x001CF3E8,408
FUN_001cf3f0,0x001CF3F0,0x001CF5C4,468
FUN_001cf5d0,0x001CF5D0,0x001CF66C,156
FUN_001cf670,0x001CF670,0x001CF7EC,380
FUN_001cf7f0,0x001CF7F0,0x001CF900,272
FUN_001cf900,0x001CF900,0x001CF960,96
FUN_001cf960,0x001CF960,0x001CF9F0,144
FUN_001cf9f0,0x001CF9F0,0x001CFA74,132
FUN_001cfa80,0x001CFA80,0x001CFB08,136
FUN_001cfb10,0x001CFB10,0x001CFB90,128
FUN_001cfb90,0x001CFB90,0x001CFBCC,60
FUN_001cfbd0,0x001CFBD0,0x001CFC88,184
FUN_001cfc90,0x001CFC90,0x001CFD2C,156
FUN_001cfd30,0x001CFD30,0x001CFEE0,432
FUN_001cfee0,0x001CFEE0,0x001CFF08,40
FUN_001cff10,0x001CFF10,0x001CFFC8,184
FUN_001cffd0,0x001CFFD0,0x001D00C8,248
FUN_001d00d0,0x001D00D0,0x001D01FC,300
FUN_001d0200,0x001D0200,0x001D0308,264
FUN_001d0310,0x001D0310,0x001D0368,88
FUN_001d0370,0x001D0370,0x001D03C8,88
FUN_001d03d0,0x001D03D0,0x001D0428,88
FUN_001d0430,0x001D0430,0x001D043C,12
FUN_001d0440,0x001D0440,0x001D049C,92
FUN_001d04a0,0x001D04A0,0x001D04AC,12
FUN_001d04b0,0x001D04B0,0x001D068C,476
FUN_001d0690,0x001D0690,0x001D076C,220
FUN_001d0770,0x001D0770,0x001D0BE4,1140
FUN_001d0bf0,0x001D0BF0,0x001D0C44,84
FUN_001d0c50,0x001D0C50,0x001D0CFC,172
FUN_001d0d00,0x001D0D00,0x001D0F28,552
FUN_001d0f30,0x001D0F30,0x001D0FD8,168
FUN_001d0fe0,0x001D0FE0,0x001D12EC,780
FUN_001d12f0,0x001D12F0,0x001D13A8,184
FUN_001d13b0,0x001D13B0,0x001D1784,980
FUN_001d1790,0x001D1790,0x001D1868,216
FUN_001d1870,0x001D1870,0x001D1EA0,1584
FUN_001d1ea0,0x001D1EA0,0x001D1ED8,56
FUN_001d1ee0,0x001D1EE0,0x001D1EE8,8
FUN_001d1ef0,0x001D1EF0,0x001D1EF8,8
FUN_001d1f00,0x001D1F00,0x001D1F08,8
FUN_001d1f10,0x001D1F10,0x001D1F18,8
FUN_001d1f20,0x001D1F20,0x001D1F30,16
FUN_001d1f30,0x001D1F30,0x001D1F40,16
FUN_001d1f40,0x001D1F40,0x001D1F54,20
FUN_001d1f60,0x001D1F60,0x001D1F6C,12
FUN_001d1f70,0x001D1F70,0x001D1F84,20
FUN_001d1f90,0x001D1F90,0x001D1F9C,12
FUN_001d1fa0,0x001D1FA0,0x001D1FA8,8
FUN_001d1fb0,0x001D1FB0,0x001D1FB8,8
FUN_001d1fc0,0x001D1FC0,0x001D1FC8,8
FUN_001d1fd0,0x001D1FD0,0x001D1FD8,8
FUN_001d1fe0,0x001D1FE0,0x001D2018,56
FUN_001d2020,0x001D2020,0x001D20A8,136
FUN_001d20b0,0x001D20B0,0x001D213C,140
FUN_001d2140,0x001D2140,0x001D5364,12836
FUN_001d5370,0x001D5370,0x001D53B4,68
FUN_001d53c0,0x001D53C0,0x001D5544,388
FUN_001d5550,0x001D5550,0x001D5578,40
FUN_001d5580,0x001D5580,0x001D558C,12
FUN_001d5590,0x001D5590,0x001D5670,224
FUN_001d5670,0x001D5670,0x001D5680,16
FUN_001d5680,0x001D5680,0x001D56D0,80
FUN_001d56d0,0x001D56D0,0x001D5FA8,2264
FUN_001d5920,0x001D5920,0x001D5E30,1296
FUN_001d5fa8,0x001D5FA8,0x001D60DC,308
FUN_001d60dc,0x001D60DC,0x001D6114,56
FUN_001d6120,0x001D6120,0x001D6148,40
FUN_001d6150,0x001D6150,0x001D64E0,912
FUN_001d64e0,0x001D64E0,0x001D65A4,196
FUN_001d65b0,0x001D65B0,0x001D6680,208
FUN_001d6680,0x001D6680,0x001D6690,16
FUN_001d6690,0x001D6690,0x001D66A0,16
FUN_001d66a0,0x001D66A0,0x001D66B0,16
FUN_001d66b0,0x001D66B0,0x001D66C0,16
FUN_001d66c0,0x001D66C0,0x001D66D4,20
FUN_001d66e0,0x001D66E0,0x001D66F4,20
FUN_001d6700,0x001D6700,0x001D6710,16
FUN_001d6710,0x001D6710,0x001D6758,72
FUN_001d6760,0x001D6760,0x001D6868,264
FUN_001d6870,0x001D6870,0x001D6898,40
FUN_001d68a0,0x001D68A0,0x001D6918,120
FUN_001d6920,0x001D6920,0x001D69E0,192
FUN_001d69e0,0x001D69E0,0x001D6B68,392
FUN_001d6b70,0x001D6B70,0x001D6CB0,320
FUN_001d6cb0,0x001D6CB0,0x001D6E48,408
FUN_001d6e50,0x001D6E50,0x001D72F8,1192
FUN_001d7300,0x001D7300,0x001D7400,256
FUN_001d7400,0x001D7400,0x001D740C,12
FUN_001d7410,0x001D7410,0x001D741C,12
FUN_001d7420,0x001D7420,0x001D7450,48
FUN_001d7450,0x001D7450,0x001D745C,12
FUN_001d7460,0x001D7460,0x001D7620,448
FUN_001d7620,0x001D7620,0x001D7690,112
FUN_001d7690,0x001D7690,0x001D80D8,2632
FUN_001d80e0,0x001D80E0,0x001D8138,88
FUN_001d8140,0x001D8140,0x001D82C0,384
FUN_001d82c0,0x001D82C0,0x001D84B0,496
FUN_001d84b0,0x001D84B0,0x001D8734,644
FUN_001d8740,0x001D8740,0x001D87D4,148
FUN_001d87e0,0x001D87E0,0x001D89A0,448
FUN_001d89a0,0x001D89A0,0x001D8B88,488
FUN_001d8b90,0x001D8B90,0x001D9004,1140
FUN_001d9010,0x001D9010,0x001D907C,108
FUN_001d9080,0x001D9080,0x001D9858,2008
FUN_001d9860,0x001D9860,0x001D9934,212
FUN_001d9940,0x001D9940,0x001D9A94,340
FUN_001d9aa0,0x001D9AA0,0x001D9D4C,684
FUN_001d9d50,0x001D9D50,0x001D9F14,452
FUN_001d9f20,0x001D9F20,0x001DA12C,524
FUN_001da130,0x001DA130,0x001DA138,8
FUN_001da140,0x001DA140,0x001DA148,8
FUN_001da150,0x001DA150,0x001DA17C,44
FUN_001da180,0x001DA180,0x001DA1A0,32
FUN_001da1a0,0x001DA1A0,0x001DA1D0,48
FUN_001da1d0,0x001DA1D0,0x001DA3EC,540
FUN_001da3f0,0x001DA3F0,0x001DA3F8,8
FUN_001da400,0x001DA400,0x001DA4A8,168
FUN_001da4b0,0x001DA4B0,0x001DA5B4,260
FUN_001da5c0,0x001DA5C0,0x001DA6C8,264
FUN_001da6d0,0x001DA6D0,0x001DA878,424
FUN_001da880,0x001DA880,0x001DA8FC,124
FUN_001da900,0x001DA900,0x001DA964,100
FUN_001da970,0x001DA970,0x001DA99C,44
FUN_001da9a0,0x001DA9A0,0x001DAA3C,156
FUN_001daa40,0x001DAA40,0x001DAAC4,132
gap_001daad0,0x001DAAD0,0x001DAB04,52
FUN_001dab10,0x001DAB10,0x001DAB44,52
FUN_001dab50,0x001DAB50,0x001DAC74,292
gap_001dac80,0x001DAC80,0x001DAC88,8
gap_001dac90,0x001DAC90,0x001DAC98,8
gap_001daca0,0x001DACA0,0x001DACA8,8
gap_001dacb0,0x001DACB0,0x001DACC0,16
FUN_001dacc0,0x001DACC0,0x001DACEC,44
FUN_001dacf0,0x001DACF0,0x001DAD6C,124
FUN_001dad70,0x001DAD70,0x001DAECC,348
FUN_001daed0,0x001DAED0,0x001DAEE0,16
gap_001daee0,0x001DAEE0,0x001DAEE8,8
gap_001daef0,0x001DAEF0,0x001DAF10,32
FUN_001daf10,0x001DAF10,0x001DAFDC,204
FUN_001dafe0,0x001DAFE0,0x001DAFE8,8
FUN_001daff0,0x001DAFF0,0x001DB05C,108
FUN_001db060,0x001DB060,0x001DB0D4,116
FUN_001db0e0,0x001DB0E0,0x001DB198,184
FUN_001db1a0,0x001DB1A0,0x001DB28C,236
FUN_001db290,0x001DB290,0x001DB3B8,296
FUN_001db3c0,0x001DB3C0,0x001DB468,168
FUN_001db470,0x001DB470,0x001DB5D4,356
FUN_001db5e0,0x001DB5E0,0x001DB6DC,252
FUN_001db6e0,0x001DB6E0,0x001DB7E0,256
FUN_001db7e0,0x001DB7E0,0x001DB8A8,200
FUN_001db8b0,0x001DB8B0,0x001DB974,196
FUN_001db980,0x001DB980,0x001DBA24,164
FUN_001dba30,0x001DBA30,0x001DBA9C,108
FUN_001dbaa0,0x001DBAA0,0x001DBB0C,108
FUN_001dbb10,0x001DBB10,0x001DBB94,132
FUN_001dbba0,0x001DBBA0,0x001DBC60,192
FUN_001dbc60,0x001DBC60,0x001DBD14,180
FUN_001dbd20,0x001DBD20,0x001DBD60,64
FUN_001dbd60,0x001DBD60,0x001DBDA0,64
FUN_001dbda0,0x001DBDA0,0x001DBDDC,60
FUN_001dbde0,0x001DBDE0,0x001DBE40,96
FUN_001dbe40,0x001DBE40,0x001DBEE4,164
FUN_001dbef0,0x001DBEF0,0x001DBF34,68
FUN_001dbf40,0x001DBF40,0x001DBF74,52
FUN_001dbf80,0x001DBF80,0x001DC024,164
FUN_001dc030,0x001DC030,0x001DC088,88
FUN_001dc090,0x001DC090,0x001DC0D4,68
FUN_001dc0e0,0x001DC0E0,0x001DC208,296
FUN_001dc210,0x001DC210,0x001DC284,116
FUN_001dc290,0x001DC290,0x001DC304,116
FUN_001dc310,0x001DC310,0x001DC36C,92
FUN_001dc370,0x001DC370,0x001DC4B4,324
FUN_001dc4c0,0x001DC4C0,0x001DC500,64
FUN_001dc500,0x001DC500,0x001DCA34,1332
FUN_001dca40,0x001DCA40,0x001DCF9C,1372
FUN_001dcfa0,0x001DCFA0,0x001DD0B0,272
FUN_001dd0b0,0x001DD0B0,0x001DD10C,92
FUN_001dd110,0x001DD110,0x001DD1B4,164
FUN_001dd1c0,0x001DD1C0,0x001DD248,136
FUN_001dd250,0x001DD250,0x001DD2A8,88
FUN_001dd2b0,0x001DD2B0,0x001DD444,404
FUN_001dd450,0x001DD450,0x001DD5D4,388
FUN_001dd5e0,0x001DD5E0,0x001DD74C,364
FUN_001dd750,0x001DD750,0x001DD950,512
FUN_001dd950,0x001DD950,0x001DDB50,512
FUN_001ddb50,0x001DDB50,0x001DDCAC,348
FUN_001ddcb0,0x001DDCB0,0x001DDD58,168
gap_001ddd60,0x001DDD60,0x001DDDBC,92
FUN_001dddc0,0x001DDDC0,0x001DDE38,120
FUN_001dde40,0x001DDE40,0x001DDE58,24
FUN_001dde60,0x001DDE60,0x001DDEF0,144
FUN_001ddef0,0x001DDEF0,0x001DE058,360
FUN_001de060,0x001DE060,0x001DE0BC,92
FUN_001de0c0,0x001DE0C0,0x001DE1C4,260
FUN_001de1d0,0x001DE1D0,0x001DE718,1352
FUN_001de720,0x001DE720,0x001DEC24,1284
FUN_001dec30,0x001DEC30,0x001DF28C,1628
FUN_001df290,0x001DF290,0x001DF400,368
FUN_001df400,0x001DF400,0x001DF434,52
FUN_001df440,0x001DF440,0x001DF594,340
FUN_001df5a0,0x001DF5A0,0x001DF5C4,36
FUN_001df5d0,0x001DF5D0,0x001DFFEC,2588
FUN_001dfff0,0x001DFFF0,0x001E0024,52
FUN_001e0030,0x001E0030,0x001E04BC,1164
FUN_001e04c0,0x001E04C0,0x001E123C,3452
FUN_001e1240,0x001E1240,0x001E13A4,356
FUN_001e13b0,0x001E13B0,0x001E18E0,1328
FUN_001e18e0,0x001E18E0,0x001E1FEC,1804
gap_001e1ff0,0x001E1FF0,0x001E1FF8,8
gap_001e2000,0x001E2000,0x001E2020,32
gap_001e2020,0x001E2020,0x001E2028,8
gap_001e2030,0x001E2030,0x001E2044,20
gap_001e2050,0x001E2050,0x001E207C,44
gap_001e2080,0x001E2080,0x001E209C,28
gap_001e20a0,0x001E20A0,0x001E20A8,8
gap_001e20b0,0x001E20B0,0x001E20B8,8
gap_001e20c0,0x001E20C0,0x001E20C8,8
gap_001e20d0,0x001E20D0,0x001E20D8,8
FUN_001e20e0,0x001E20E0,0x001E2514,1076
FUN_001e2520,0x001E2520,0x001E2530,16
FUN_001e2530,0x001E2530,0x001E2588,88
FUN_001e2590,0x001E2590,0x001E26BC,300
FUN_001e26c0,0x001E26C0,0x001E2934,628
gap_001e2940,0x001E2940,0x001E2948,8
FUN_001e2950,0x001E2950,0x001E29B4,100
FUN_001e29c0,0x001E29C0,0x001E2E90,1232
FUN_001e2e90,0x001E2E90,0x001E2F08,120
FUN_001e2f10,0x001E2F10,0x001E2F90,128
FUN_001e2f90,0x001E2F90,0x001E321C,652
gap_001e3220,0x001E3220,0x001E32DC,188
FUN_001e32e0,0x001E32E0,0x001E3330,80
FUN_001e3330,0x001E3330,0x001E335C,44
FUN_001e3360,0x001E3360,0x001E3368,8
FUN_001e3370,0x001E3370,0x001E3390,32
gap_001e3390,0x001E3390,0x001E3398,8
gap_001e33a0,0x001E33A0,0x001E33AC,12
gap_001e33b0,0x001E33B0,0x001E33B8,8
gap_001e33c0,0x001E33C0,0x001E33C8,8
gap_001e33d0,0x001E33D0,0x001E33D8,8
gap_001e33e0,0x001E33E0,0x001E33E8,8
gap_001e33f0,0x001E33F0,0x001E33F8,8
gap_001e3400,0x001E3400,0x001E3414,20
FUN_001e3420,0x001E3420,0x001E3438,24
FUN_001e3440,0x001E3440,0x001E3618,472
FUN_001e3620,0x001E3620,0x001E3E18,2040
FUN_001e3e20,0x001E3E20,0x001E4260,1088
FUN_001e4260,0x001E4260,0x001E426C,12
FUN_001e4270,0x001E4270,0x001E44E4,628
FUN_001e44f0,0x001E44F0,0x001E4C14,1828
FUN_001e4c20,0x001E4C20,0x001E5058,1080
FUN_001e5060,0x001E5060,0x001E5454,1012
FUN_001e5460,0x001E5460,0x001E57E8,904
FUN_001e57f0,0x001E57F0,0x001E5838,72
FUN_001e5840,0x001E5840,0x001E59DC,412
FUN_001e59e0,0x001E59E0,0x001E5A18,56
FUN_001e5a20,0x001E5A20,0x001E5C78,600
FUN_001e5c80,0x001E5C80,0x001E5CC0,64
FUN_001e5cc0,0x001E5CC0,0x001E5DBC,252
FUN_001e5dc0,0x001E5DC0,0x001E5F10,336
FUN_001e5f10,0x001E5F10,0x001E62A0,912
FUN_001e62a0,0x001E62A0,0x001E64DC,572
FUN_001e64e0,0x001E64E0,0x001E655C,124
FUN_001e6560,0x001E6560,0x001E6630,208
FUN_001e6630,0x001E6630,0x001E66B0,128
FUN_001e66b0,0x001E66B0,0x001E66F0,64
FUN_001e66f0,0x001E66F0,0x001E673C,76
FUN_001e6740,0x001E6740,0x001E6814,212
FUN_001e6820,0x001E6820,0x001E6910,240
FUN_001e6910,0x001E6910,0x001E6998,136
FUN_001e69a0,0x001E69A0,0x001E69FC,92
FUN_001e6a00,0x001E6A00,0x001E6AB4,180
FUN_001e6ac0,0x001E6AC0,0x001E6B3C,124
FUN_001e6b40,0x001E6B40,0x001E6BB4,116
FUN_001e6bc0,0x001E6BC0,0x001E6DD0,528
FUN_001e6dd0,0x001E6DD0,0x001E6E48,120
FUN_001e6e48,0x001E6E48,0x001E6E54,12
FUN_001e6e60,0x001E6E60,0x001E6E8C,44
FUN_001e6e90,0x001E6E90,0x001E6F4C,188
FUN_001e6f50,0x001E6F50,0x001E6FB0,96
FUN_001e6fb0,0x001E6FB0,0x001E7010,96
FUN_001e7010,0x001E7010,0x001E7168,344
FUN_001e7170,0x001E7170,0x001E7184,20
FUN_001e7190,0x001E7190,0x001E71A0,16
FUN_001e71a0,0x001E71A0,0x001E71E8,72
FUN_001e71f0,0x001E71F0,0x001E730C,284
FUN_001e7310,0x001E7310,0x001E7470,352
FUN_001e7470,0x001E7470,0x001E7484,20
FUN_001e7490,0x001E7490,0x001E77D4,836
FUN_001e77e0,0x001E77E0,0x001E792C,332
FUN_001e7930,0x001E7930,0x001E8148,2072
FUN_001e8150,0x001E8150,0x001E82DC,396
FUN_001e82e0,0x001E82E0,0x001E8398,184
FUN_001e83a0,0x001E83A0,0x001E8408,104
FUN_001e8410,0x001E8410,0x001E849C,140
FUN_001e84a0,0x001E84A0,0x001E851C,124
FUN_001e8520,0x001E8520,0x001E85AC,140
FUN_001e85b0,0x001E85B0,0x001E8608,88
FUN_001e8610,0x001E8610,0x001E87B0,416
FUN_001e87b0,0x001E87B0,0x001E8818,104
FUN_001e8820,0x001E8820,0x001E8828,8
gap_001e8830,0x001E8830,0x001E8850,32
gap_001e8850,0x001E8850,0x001E8858,8
gap_001e8860,0x001E8860,0x001E8868,8
gap_001e8870,0x001E8870,0x001E88F8,136
gap_001e8900,0x001E8900,0x001E8954,84
gap_001e8960,0x001E8960,0x001E8968,8
gap_001e8970,0x001E8970,0x001E8978,8
gap_001e8980,0x001E8980,0x001E8988,8
FUN_001e8990,0x001E8990,0x001E8A84,244
FUN_001e8a90,0x001E8A90,0x001E8AD8,72
FUN_001e8ae0,0x001E8AE0,0x001E8AE8,8
FUN_001e8af0,0x001E8AF0,0x001E8C08,280
FUN_001e8c10,0x001E8C10,0x001E8C54,68
FUN_001e8c60,0x001E8C60,0x001E8CA4,68
FUN_001e8cb0,0x001E8CB0,0x001E8CE0,48
FUN_001e8ce0,0x001E8CE0,0x001E8F3C,604
FUN_001e8f40,0x001E8F40,0x001E8FAC,108
FUN_001e8fb0,0x001E8FB0,0x001E9040,144
FUN_001e9040,0x001E9040,0x001E9118,216
FUN_001e9120,0x001E9120,0x001E9168,72
FUN_001e9170,0x001E9170,0x001E919C,44
FUN_001e91a0,0x001E91A0,0x001E91D0,48
FUN_001e91d0,0x001E91D0,0x001E91FC,44
FUN_001e9200,0x001E9200,0x001E9254,84
FUN_001e9260,0x001E9260,0x001E92A4,68
FUN_001e92b0,0x001E92B0,0x001E9340,144
FUN_001e9340,0x001E9340,0x001E9348,8
FUN_001e9350,0x001E9350,0x001E9358,8
FUN_001e9360,0x001E9360,0x001E93D0,112
FUN_001e93d0,0x001E93D0,0x001E9474,164
FUN_001e9480,0x001E9480,0x001E94B4,52
FUN_001e94c0,0x001E94C0,0x001E9514,84
FUN_001e9520,0x001E9520,0x001E9574,84
gap_001e9580,0x001E9580,0x001E95C8,72
FUN_001e95d0,0x001E95D0,0x001E96C0,240
FUN_001e96c0,0x001E96C0,0x001E96F8,56
FUN_001e9700,0x001E9700,0x001E97F4,244
FUN_001e9800,0x001E9800,0x001E987C,124
FUN_001e9880,0x001E9880,0x001E9924,164
FUN_001e9930,0x001E9930,0x001E9964,52
FUN_001e9970,0x001E9970,0x001E9990,32
FUN_001e9990,0x001E9990,0x001E99D4,68
FUN_001e99e0,0x001E99E0,0x001E9A1C,60
FUN_001e9a20,0x001E9A20,0x001E9A7C,92
FUN_001e9a80,0x001E9A80,0x001E9AF8,120
FUN_001e9b00,0x001E9B00,0x001E9B38,56
FUN_001e9b40,0x001E9B40,0x001E9C14,212
FUN_001e9c20,0x001E9C20,0x001E9CD4,180
FUN_001e9ce0,0x001E9CE0,0x001E9D94,180
FUN_001e9da0,0x001E9DA0,0x001E9F34,404
gap_001e9f40,0x001E9F40,0x001E9F4C,12
FUN_001e9f50,0x001E9F50,0x001E9FF8,168
FUN_001ea000,0x001EA000,0x001EA080,128
gap_001ea080,0x001EA080,0x001EA090,16
FUN_001ea090,0x001EA090,0x001EA0CC,60
FUN_001ea0d0,0x001EA0D0,0x001EA10C,60
FUN_001ea110,0x001EA110,0x001EA184,116
FUN_001ea190,0x001EA190,0x001EA204,116
FUN_001ea210,0x001EA210,0x001EA254,68
FUN_001ea260,0x001EA260,0x001EA2CC,108
FUN_001ea2d0,0x001EA2D0,0x001EA2F8,40
FUN_001ea300,0x001EA300,0x001EA328,40
FUN_001ea330,0x001EA330,0x001EA358,40
FUN_001ea360,0x001EA360,0x001EA3FC,156
FUN_001ea400,0x001EA400,0x001EA428,40
FUN_001ea430,0x001EA430,0x001EA458,40
FUN_001ea460,0x001EA460,0x001EA4A4,68
FUN_001ea4b0,0x001EA4B0,0x001EA4D8,40
FUN_001ea4e0,0x001EA4E0,0x001EA508,40
FUN_001ea510,0x001EA510,0x001EA578,104
FUN_001ea580,0x001EA580,0x001EA68C,268
FUN_001ea690,0x001EA690,0x001EA6C4,52
FUN_001ea6d0,0x001EA6D0,0x001EA7A0,208
FUN_001ea7a0,0x001EA7A0,0x001EA87C,220
FUN_001ea880,0x001EA880,0x001EA8F4,116
FUN_001ea900,0x001EA900,0x001EA974,116
FUN_001ea980,0x001EA980,0x001EAA40,192
FUN_001eaa40,0x001EAA40,0x001EAAB4,116
gap_001eaac0,0x001EAAC0,0x001EAAE0,32
FUN_001eaae0,0x001EAAE0,0x001EABF0,272
gap_001eabf0,0x001EABF0,0x001EADC0,464
FUN_001eadc0,0x001EADC0,0x001EAEB8,248
FUN_001eaec0,0x001EAEC0,0x001EAEE8,40
FUN_001eaef0,0x001EAEF0,0x001EAFAC,188
FUN_001eafb0,0x001EAFB0,0x001EB06C,188
FUN_001eb070,0x001EB070,0x001EB0AC,60
FUN_001eb0b0,0x001EB0B0,0x001EB2A4,500
FUN_001eb2b0,0x001EB2B0,0x001EB2F4,68
FUN_001eb300,0x001EB300,0x001EB310,16
FUN_001eb310,0x001EB310,0x001EB320,16
FUN_001eb320,0x001EB320,0x001EB354,52
FUN_001eb360,0x001EB360,0x001EB394,52
FUN_001eb3a0,0x001EB3A0,0x001EB414,116
FUN_001eb420,0x001EB420,0x001EB454,52
FUN_001eb460,0x001EB460,0x001EB4F0,144
FUN_001eb4f0,0x001EB4F0,0x001EB608,280
FUN_001eb610,0x001EB610,0x001EB804,500
FUN_001eb810,0x001EB810,0x001EB87C,108
gap_001eb880,0x001EB880,0x001EB888,8
gap_001eb890,0x001EB890,0x001EB898,8
gap_001eb8a0,0x001EB8A0,0x001EB8A8,8
gap_001eb8b0,0x001EB8B0,0x001EB8B8,8
gap_001eb8c0,0x001EB8C0,0x001EB8C8,8
gap_001eb8d0,0x001EB8D0,0x001EB8D8,8
gap_001eb8e0,0x001EB8E0,0x001EB8E8,8
gap_001eb8f0,0x001EB8F0,0x001EB8F8,8
gap_001eb900,0x001EB900,0x001EB908,8
gap_001eb910,0x001EB910,0x001EB91C,12
FUN_001eb920,0x001EB920,0x001EBA80,352
FUN_001eba80,0x001EBA80,0x001EBB48,200
FUN_001ebb50,0x001EBB50,0x001EBBC4,116
FUN_001ebbd0,0x001EBBD0,0x001EBC3C,108
FUN_001ebc40,0x001EBC40,0x001EBD10,208
FUN_001ebd10,0x001EBD10,0x001EBD68,88
FUN_001ebd70,0x001EBD70,0x001EBD78,8
gap_001ebd80,0x001EBD80,0x001EBD9C,28
FUN_001ebda0,0x001EBDA0,0x001EC024,644
FUN_001ec030,0x001EC030,0x001EC0DC,172
FUN_001ec0e0,0x001EC0E0,0x001EC198,184
FUN_001ec1a0,0x001EC1A0,0x001EC214,116
FUN_001ec220,0x001EC220,0x001EC4A0,640
gap_001ec4a0,0x001EC4A0,0x001EC4A8,8
FUN_001ec4b0,0x001EC4B0,0x001EC5F0,320
FUN_001ec5f0,0x001EC5F0,0x001EC830,576
FUN_001ec830,0x001EC830,0x001EC9A4,372
FUN_001ec9b0,0x001EC9B0,0x001ECA38,136
FUN_001eca40,0x001ECA40,0x001ECAC4,132
FUN_001ecad0,0x001ECAD0,0x001ECD78,680
FUN_001ecd80,0x001ECD80,0x001ECDA4,36
FUN_001ecdb0,0x001ECDB0,0x001ECDD0,32
FUN_001ecdd0,0x001ECDD0,0x001ECE08,56
FUN_001ece10,0x001ECE10,0x001ED008,504
FUN_001ed010,0x001ED010,0x001ED018,8
FUN_001ed020,0x001ED020,0x001ED038,24
FUN_001ed040,0x001ED040,0x001ED074,52
FUN_001ed080,0x001ED080,0x001ED148,200
FUN_001ed150,0x001ED150,0x001ED20C,188
FUN_001ed210,0x001ED210,0x001ED264,84
FUN_001ed270,0x001ED270,0x001ED2A0,48
FUN_001ed2a0,0x001ED2A0,0x001ED340,160
FUN_001ed340,0x001ED340,0x001ED394,84
FUN_001ed3a0,0x001ED3A0,0x001ED3C8,40
FUN_001ed3d0,0x001ED3D0,0x001ED3E0,16
gap_001ed3e0,0x001ED3E0,0x001ED3E8,8
FUN_001ed3f0,0x001ED3F0,0x001ED594,420
FUN_001ed5a0,0x001ED5A0,0x001ED5A8,8
FUN_001ed5b0,0x001ED5B0,0x001ED5EC,60
FUN_001ed5f0,0x001ED5F0,0x001ED5FC,12
FUN_001ed600,0x001ED600,0x001ED640,64
FUN_001ed640,0x001ED640,0x001ED650,16
FUN_001ed650,0x001ED650,0x001ED65C,12
FUN_001ed660,0x001ED660,0x001ED6B0,80
FUN_001ed6b0,0x001ED6B0,0x001ED6B8,8
FUN_001ed6c0,0x001ED6C0,0x001ED6E8,40
FUN_001ed6f0,0x001ED6F0,0x001ED718,40
FUN_001ed720,0x001ED720,0x001ED748,40
FUN_001ed750,0x001ED750,0x001ED79C,76
FUN_001ed7a0,0x001ED7A0,0x001ED7D8,56
FUN_001ed7e0,0x001ED7E0,0x001ED818,56
FUN_001ed820,0x001ED820,0x001ED858,56
FUN_001ed860,0x001ED860,0x001ED890,48
FUN_001ed890,0x001ED890,0x001ED968,216
FUN_001ed970,0x001ED970,0x001ED9B0,64
FUN_001ed9b0,0x001ED9B0,0x001EDA04,84
FUN_001eda10,0x001EDA10,0x001EDA84,116
FUN_001eda90,0x001EDA90,0x001EDA98,8
FUN_001edaa0,0x001EDAA0,0x001EDAE8,72
gap_001edaf0,0x001EDAF0,0x001EDAF8,8
gap_001edb00,0x001EDB00,0x001EDB08,8
gap_001edb10,0x001EDB10,0x001EDB1C,12
FUN_001edb20,0x001EDB20,0x001EDB84,100
FUN_001edb90,0x001EDB90,0x001EDBF4,100
FUN_001edc00,0x001EDC00,0x001EDC64,100
FUN_001edc70,0x001EDC70,0x001EDD08,152
FUN_001edd10,0x001EDD10,0x001EDD18,8
FUN_001edd20,0x001EDD20,0x001EDF8C,620
FUN_001edf90,0x001EDF90,0x001EDF98,8
FUN_001edfa0,0x001EDFA0,0x001EDFA8,8
FUN_001edfb0,0x001EDFB0,0x001EDFB8,8
FUN_001edfc0,0x001EDFC0,0x001EDFCC,12
FUN_001edfd0,0x001EDFD0,0x001EDFD8,8
FUN_001edfe0,0x001EDFE0,0x001EDFE8,8
FUN_001edff0,0x001EDFF0,0x001EDFF8,8
FUN_001ee000,0x001EE000,0x001EE03C,60
FUN_001ee040,0x001EE040,0x001EE054,20
FUN_001ee060,0x001EE060,0x001EE09C,60
FUN_001ee0a0,0x001EE0A0,0x001EE0B4,20
gap_001ee0c0,0x001EE0C0,0x001EE0D4,20
gap_001ee0e0,0x001EE0E0,0x001EE0E8,8
gap_001ee0f0,0x001EE0F0,0x001EE0F8,8
gap_001ee100,0x001EE100,0x001EE108,8
FUN_001ee110,0x001EE110,0x001EE1E0,208
FUN_001ee1e0,0x001EE1E0,0x001EE248,104
FUN_001ee250,0x001EE250,0x001EE2B8,104
FUN_001ee2c0,0x001EE2C0,0x001EE3D4,276
FUN_001ee3e0,0x001EE3E0,0x001EE3F4,20
gap_001ee400,0x001EE400,0x001EE4E4,228
FUN_001ee4f0,0x001EE4F0,0x001EE4F8,8
FUN_001ee500,0x001EE500,0x001EE54C,76
FUN_001ee550,0x001EE550,0x001EE578,40
FUN_001ee580,0x001EE580,0x001EE588,8
FUN_001ee590,0x001EE590,0x001EE598,8
FUN_001ee5a0,0x001EE5A0,0x001EEC14,1652
FUN_001eec20,0x001EEC20,0x001EEC40,32
FUN_001eec40,0x001EEC40,0x001EED90,336
FUN_001eed90,0x001EED90,0x001EED98,8
FUN_001eeda0,0x001EEDA0,0x001EEDA8,8
FUN_001eedb0,0x001EEDB0,0x001EEDB8,8
gap_001eedc0,0x001EEDC0,0x001EEDC8,8
FUN_001eedd0,0x001EEDD0,0x001EEE94,196
FUN_001eeea0,0x001EEEA0,0x001EF050,432
FUN_001ef050,0x001EF050,0x001EF124,212
FUN_001ef130,0x001EF130,0x001EF158,40
FUN_001ef160,0x001EF160,0x001EF300,416
FUN_001ef300,0x001EF300,0x001EF3B0,176
FUN_001ef3b0,0x001EF3B0,0x001EF438,136
FUN_001ef440,0x001EF440,0x001EF460,32
FUN_001ef460,0x001EF460,0x001EF9D8,1400
FUN_001ef9e0,0x001EF9E0,0x001EF9E8,8
FUN_001ef9f0,0x001EF9F0,0x001EF9F8,8
FUN_001efa00,0x001EFA00,0x001EFA30,48
FUN_001efa30,0x001EFA30,0x001EFA38,8
FUN_001efa40,0x001EFA40,0x001EFAB4,116
FUN_001efac0,0x001EFAC0,0x001EFAF0,48
FUN_001efaf0,0x001EFAF0,0x001EFB04,20
thunk_FUN_001efb2c,0x001EFB10,0x001EFB40,48
FUN_001efb40,0x001EFB40,0x001EFB7C,60
FUN_001efb80,0x001EFB80,0x001EFB94,20
FUN_001efba0,0x001EFBA0,0x001EFBD8,56
FUN_001efbe0,0x001EFBE0,0x001EFC2C,76
FUN_001efc30,0x001EFC30,0x001EFC58,40
FUN_001efc60,0x001EFC60,0x001EFC7C,28
FUN_001efc80,0x001EFC80,0x001EFC8C,12
FUN_001efc90,0x001EFC90,0x001EFCBC,44
FUN_001efcc0,0x001EFCC0,0x001EFCD8,24
FUN_001efce0,0x001EFCE0,0x001EFCE8,8
FUN_001efcf0,0x001EFCF0,0x001EFD10,32
FUN_001efd10,0x001EFD10,0x001EFF00,496
FUN_001eff00,0x001EFF00,0x001F02F8,1016
FUN_001f0300,0x001F0300,0x001F0524,548
FUN_001f0530,0x001F0530,0x001F13EC,3772
FUN_001f13f0,0x001F13F0,0x001F1488,152
FUN_001f1490,0x001F1490,0x001F150C,124
FUN_001f1510,0x001F1510,0x001F151C,12
FUN_001f1520,0x001F1520,0x001F1528,8
FUN_001f1530,0x001F1530,0x001F1804,724
FUN_001f1810,0x001F1810,0x001F1914,260
FUN_001f1920,0x001F1920,0x001F1A0C,236
FUN_001f1a10,0x001F1A10,0x001F1AFC,236
FUN_001f1b00,0x001F1B00,0x001F2090,1424
FUN_001f2090,0x001F2090,0x001F2098,8
FUN_001f20a0,0x001F20A0,0x001F20C0,32
FUN_001f20c0,0x001F20C0,0x001F2148,136
FUN_001f2150,0x001F2150,0x001F2230,224
FUN_001f2230,0x001F2230,0x001F2238,8
FUN_001f2240,0x001F2240,0x001F2260,32
FUN_001f2260,0x001F2260,0x001F229C,60
FUN_001f22a0,0x001F22A0,0x001F2310,112
FUN_001f2310,0x001F2310,0x001F24C0,432
FUN_001f24c0,0x001F24C0,0x001F2698,472
gap_001f26a0,0x001F26A0,0x001F26B4,20
FUN_001f26c0,0x001F26C0,0x001F26FC,60
FUN_001f2700,0x001F2700,0x001F2714,20
FUN_001f2720,0x001F2720,0x001F2914,500
FUN_001f2920,0x001F2920,0x001F2B14,500
FUN_001f2b20,0x001F2B20,0x001F2BC8,168
FUN_001f2bd0,0x001F2BD0,0x001F2FE0,1040
FUN_001f2fe0,0x001F2FE0,0x001F3B4C,2924
FUN_001f3b50,0x001F3B50,0x001F3BC8,120
FUN_001f3bd0,0x001F3BD0,0x001F3C24,84
FUN_001f3c30,0x001F3C30,0x001F3C98,104
FUN_001f3ca0,0x001F3CA0,0x001F3CA8,8
FUN_001f3cb0,0x001F3CB0,0x001F3CD0,32
FUN_001f3cd0,0x001F3CD0,0x001F3D0C,60
gap_001f3d10,0x001F3D10,0x001F3D58,72
FUN_001f3d70,0x001F3D70,0x001F3F44,468
FUN_001f3f50,0x001F3F50,0x001F40C4,372
FUN_001f40d0,0x001F40D0,0x001F4250,384
gap_001f4250,0x001F4250,0x001F4270,32
FUN_001f4270,0x001F4270,0x001F42F4,132
FUN_001f4300,0x001F4300,0x001F4464,356
FUN_001f4470,0x001F4470,0x001F4500,144
FUN_001f4500,0x001F4500,0x001F45F8,248
FUN_001f4600,0x001F4600,0x001F4628,40
gap_001f4630,0x001F4630,0x001F4638,8
gap_001f4640,0x001F4640,0x001F4648,8
FUN_001f4650,0x001F4650,0x001F4904,692
FUN_001f4910,0x001F4910,0x001F4C54,836
gap_001f4c60,0x001F4C60,0x001F4DC8,360
FUN_001f4dd0,0x001F4DD0,0x001F4E70,160
gap_001f4e70,0x001F4E70,0x001F4E78,8
gap_001f4e80,0x001F4E80,0x001F4EF8,120
FUN_001f4f00,0x001F4F00,0x001F4F80,128
FUN_001f4f80,0x001F4F80,0x001F5040,192
FUN_001f5040,0x001F5040,0x001F50E0,160
FUN_001f50e0,0x001F50E0,0x001F51BC,220
FUN_001f51c0,0x001F51C0,0x001F52D4,276
gap_001f52e0,0x001F52E0,0x001F52E8,8
FUN_001f52f0,0x001F52F0,0x001F549C,428
FUN_001f54a0,0x001F54A0,0x001F55B4,276
FUN_001f55c0,0x001F55C0,0x001F5A6C,1196
FUN_001f5a70,0x001F5A70,0x001F5EDC,1132
FUN_001f5ee0,0x001F5EE0,0x001F5FB0,208
FUN_001f5fb0,0x001F5FB0,0x001F609C,236
FUN_001f60a0,0x001F60A0,0x001F6178,216
FUN_001f6180,0x001F6180,0x001F61C4,68
FUN_001f61d0,0x001F61D0,0x001F6204,52
FUN_001f6210,0x001F6210,0x001F62A8,152
FUN_001f62b0,0x001F62B0,0x001F62F0,64
FUN_001f62f0,0x001F62F0,0x001F63BC,204
FUN_001f63c0,0x001F63C0,0x001F6560,416
FUN_001f6560,0x001F6560,0x001F65D4,116
FUN_001f65e0,0x001F65E0,0x001F67A4,452
FUN_001f67b0,0x001F67B0,0x001F67D8,40
FUN_001f67e0,0x001F67E0,0x001F68B4,212
FUN_001f68c0,0x001F68C0,0x001F69BC,252
FUN_001f69c0,0x001F69C0,0x001F69C8,8
FUN_001f69d0,0x001F69D0,0x001F69D8,8
FUN_001f69e0,0x001F69E0,0x001F6A08,40
FUN_001f6a10,0x001F6A10,0x001F6A54,68
FUN_001f6a60,0x001F6A60,0x001F6A6C,12
FUN_001f6a70,0x001F6A70,0x001F6B78,264
FUN_001f6b80,0x001F6B80,0x001F6B94,20
FUN_001f6ba0,0x001F6BA0,0x001F6CA8,264
FUN_001f6cb0,0x001F6CB0,0x001F6CC4,20
FUN_001f6cd0,0x001F6CD0,0x001F6CE0,16
FUN_001f6ce0,0x001F6CE0,0x001F6CE8,8
FUN_001f6cf0,0x001F6CF0,0x001F6E7C,396
FUN_001f6e80,0x001F6E80,0x001F6F08,136
FUN_001f6f10,0x001F6F10,0x001F70E4,468
FUN_001f70f0,0x001F70F0,0x001F7104,20
FUN_001f7110,0x001F7110,0x001F7124,20
gap_001f7130,0x001F7130,0x001F7138,8
gap_001f7140,0x001F7140,0x001F7148,8
FUN_001f7150,0x001F7150,0x001F726C,284
FUN_001f7270,0x001F7270,0x001F7284,20
FUN_001f7290,0x001F7290,0x001F778C,1276
FUN_001f7790,0x001F7790,0x001F781C,140
FUN_001f7820,0x001F7820,0x001F789C,124
FUN_001f78a0,0x001F78A0,0x001F7928,136
FUN_001f7930,0x001F7930,0x001F7A28,248
FUN_001f7a30,0x001F7A30,0x001F7A74,68
FUN_001f7a80,0x001F7A80,0x001F7BA0,288
thunk_FUN_001e8ce0,0x001F7BA0,0x001F7BA8,8
FUN_001f7bb0,0x001F7BB0,0x001F7BE4,52
FUN_001f7bf0,0x001F7BF0,0x001F7C68,120
FUN_001f7c70,0x001F7C70,0x001F7CD0,96
FUN_001f7cd0,0x001F7CD0,0x001F7D44,116
FUN_001f7d50,0x001F7D50,0x001F7EC8,376
FUN_001f7ed0,0x001F7ED0,0x001F7F68,152
FUN_001f7f70,0x001F7F70,0x001F8068,248
FUN_001f8070,0x001F8070,0x001F86A0,1584
gap_001f86a0,0x001F86A0,0x001F86A8,8
gap_001f86b0,0x001F86B0,0x001F86B8,8
gap_001f86c0,0x001F86C0,0x001F871C,92
gap_001f8720,0x001F8720,0x001F8728,8
FUN_001f8730,0x001F8730,0x001F8748,24
FUN_001f8750,0x001F8750,0x001F883C,236
FUN_001f8840,0x001F8840,0x001F8898,88
FUN_001f88a0,0x001F88A0,0x001F88FC,92
FUN_001f8900,0x001F8900,0x001F8974,116
FUN_001f8980,0x001F8980,0x001F8A0C,140
FUN_001f8a10,0x001F8A10,0x001F8A18,8
FUN_001f8a20,0x001F8A20,0x001F8A70,80
FUN_001f8a70,0x001F8A70,0x001F8B14,164
FUN_001f8b20,0x001F8B20,0x001F8B68,72
FUN_001f8b70,0x001F8B70,0x001F8D00,400
FUN_001f8d00,0x001F8D00,0x001F8EC0,448
FUN_001f8ec0,0x001F8EC0,0x001F8F18,88
FUN_001f8f20,0x001F8F20,0x001F91F8,728
FUN_001f9200,0x001F9200,0x001F92AC,172
FUN_001f92b0,0x001F92B0,0x001F9324,116
FUN_001f9330,0x001F9330,0x001F948C,348
FUN_001f9490,0x001F9490,0x001F9520,144
FUN_001f9520,0x001F9520,0x001F9580,96
FUN_001f9580,0x001F9580,0x001F9648,200
FUN_001f9650,0x001F9650,0x001F96DC,140
FUN_001f96e0,0x001F96E0,0x001F98FC,540
FUN_001f9900,0x001F9900,0x001F996C,108
FUN_001f9970,0x001F9970,0x001F9A5C,236
FUN_001f9a60,0x001F9A60,0x001F9A90,48
FUN_001f9a90,0x001F9A90,0x001F9B4C,188
FUN_001f9b50,0x001F9B50,0x001F9D24,468
FUN_001f9d30,0x001F9D30,0x001F9DE0,176
FUN_001f9de0,0x001F9DE0,0x001F9F50,368
FUN_001f9f50,0x001F9F50,0x001FA0C0,368
FUN_001fa0c0,0x001FA0C0,0x001FA108,72
FUN_001fa110,0x001FA110,0x001FA23C,300
FUN_001fa240,0x001FA240,0x001FA340,256
FUN_001fa340,0x001FA340,0x001FA470,304
FUN_001fa470,0x001FA470,0x001FA518,168
FUN_001fa520,0x001FA520,0x001FA5A0,128
FUN_001fa5a0,0x001FA5A0,0x001FA5AC,12
FUN_001fa5b0,0x001FA5B0,0x001FA704,340
FUN_001fa710,0x001FA710,0x001FA784,116
FUN_001fa790,0x001FA790,0x001FA800,112
FUN_001fa800,0x001FA800,0x001FA8F0,240
gap_001fa8f0,0x001FA8F0,0x001FA8F8,8
gap_001fa900,0x001FA900,0x001FA910,16
gap_001fa910,0x001FA910,0x001FA97C,108
FUN_001fa980,0x001FA980,0x001FAC84,772
FUN_001fac90,0x001FAC90,0x001FAD2C,156
FUN_001fad30,0x001FAD30,0x001FADB8,136
FUN_001fadc0,0x001FADC0,0x001FAE04,68
FUN_001fae10,0x001FAE10,0x001FAEF0,224
FUN_001faef0,0x001FAEF0,0x001FAF1C,44
FUN_001faf20,0x001FAF20,0x001FB110,496
FUN_001fb110,0x001FB110,0x001FB290,384
FUN_001fb290,0x001FB290,0x001FB3AC,284
FUN_001fb3b0,0x001FB3B0,0x001FB420,112
FUN_001fb420,0x001FB420,0x001FB4BC,156
FUN_001fb4c0,0x001FB4C0,0x001FB558,152
FUN_001fb560,0x001FB560,0x001FB7E4,644
FUN_001fb7f0,0x001FB7F0,0x001FB828,56
FUN_001fb830,0x001FB830,0x001FB868,56
FUN_001fb870,0x001FB870,0x001FB8A8,56
FUN_001fb8b0,0x001FB8B0,0x001FB8E0,48
FUN_001fb8e0,0x001FB8E0,0x001FB934,84
FUN_001fb940,0x001FB940,0x001FBAE4,420
FUN_001fbaf0,0x001FBAF0,0x001FBC44,340
FUN_001fbc50,0x001FBC50,0x001FBC68,24
FUN_001fbc70,0x001FBC70,0x001FBD14,164
FUN_001fbd20,0x001FBD20,0x001FBDAC,140
FUN_001fbdb0,0x001FBDB0,0x001FCE98,4328
FUN_001fcea0,0x001FCEA0,0x001FD1CC,812
FUN_001fd1d0,0x001FD1D0,0x001FD264,148
FUN_001fd270,0x001FD270,0x001FD47C,524
FUN_001fd480,0x001FD480,0x001FD6F0,624
FUN_001fd6f0,0x001FD6F0,0x001FDD54,1636
FUN_001fdd60,0x001FDD60,0x001FDF48,488
FUN_001fdf50,0x001FDF50,0x001FE2F8,936
FUN_001fe300,0x001FE300,0x001FE680,896
FUN_001fe680,0x001FE680,0x001FE6BC,60
FUN_001fe6c0,0x001FE6C0,0x001FE958,664
FUN_001fe960,0x001FE960,0x001FE9A8,72
FUN_001fe9b0,0x001FE9B0,0x001FEA2C,124
FUN_001fea30,0x001FEA30,0x001FEA38,8
FUN_001fea40,0x001FEA40,0x001FEAA4,100
thunk_FUN_002e6a90,0x001FEAB0,0x001FEAB8,8
FUN_001feac0,0x001FEAC0,0x001FEB30,112
FUN_001feb30,0x001FEB30,0x001FEBAC,124
FUN_001febb0,0x001FEBB0,0x001FEBE8,56
FUN_001febf0,0x001FEBF0,0x001FECEC,252
FUN_001fecf0,0x001FECF0,0x001FED1C,44
FUN_001fed20,0x001FED20,0x001FED60,64
FUN_001fed60,0x001FED60,0x001FEEAC,332
FUN_001feeb0,0x001FEEB0,0x001FEEB8,8
FUN_001feec0,0x001FEEC0,0x001FEED0,16
FUN_001feed0,0x001FEED0,0x001FEF30,96
FUN_001fef30,0x001FEF30,0x001FEF68,56
FUN_001fef70,0x001FEF70,0x001FEFB8,72
FUN_001fefc0,0x001FEFC0,0x001FEFC8,8
FUN_001fefd0,0x001FEFD0,0x001FF04C,124
FUN_001ff050,0x001FF050,0x001FF060,16
FUN_001ff060,0x001FF060,0x001FF068,8
FUN_001ff070,0x001FF070,0x001FF0B8,72
FUN_001ff0c0,0x001FF0C0,0x001FF17C,188
FUN_001ff180,0x001FF180,0x001FF188,8
FUN_001ff190,0x001FF190,0x001FF294,260
thunk_FUN_002ea000,0x001FF2A0,0x001FF2A8,8
FUN_001ff2b0,0x001FF2B0,0x001FF2C4,20
FUN_001ff2d0,0x001FF2D0,0x001FF2E0,16
FUN_001ff2e0,0x001FF2E0,0x001FF31C,60
FUN_001ff320,0x001FF320,0x001FF33C,28
thunk_FUN_001ff360,0x001FF340,0x001FF348,8
FUN_001ff350,0x001FF350,0x001FF35C,12
FUN_001ff360,0x001FF360,0x001FF36C,12
FUN_001ff370,0x001FF370,0x001FF37C,12
FUN_001ff380,0x001FF380,0x001FF588,520
FUN_001ff590,0x001FF590,0x001FF5C4,52
FUN_001ff5d0,0x001FF5D0,0x001FF5D8,8
FUN_001ff5e0,0x001FF5E0,0x001FF70C,300
FUN_001ff710,0x001FF710,0x001FF718,8
FUN_001ff720,0x001FF720,0x001FF728,8
FUN_001ff730,0x001FF730,0x001FF7E4,180
FUN_001ff7f0,0x001FF7F0,0x001FF910,288
FUN_001ff910,0x001FF910,0x001FF974,100
FUN_001ff980,0x001FF980,0x001FFB14,404
FUN_001ffb20,0x001FFB20,0x001FFB28,8
FUN_001ffb30,0x001FFB30,0x001FFF04,980
FUN_001fff10,0x001FFF10,0x001FFF18,8
FUN_001fff20,0x001FFF20,0x001FFF30,16
FUN_001fff30,0x001FFF30,0x0020045C,1324
FUN_00200460,0x00200460,0x00200468,8
FUN_00200470,0x00200470,0x00200568,248
FUN_00200570,0x00200570,0x002005E0,112
FUN_002005e0,0x002005E0,0x00200674,148
FUN_00200680,0x00200680,0x00200688,8
FUN_00200690,0x00200690,0x002006CC,60
FUN_002006d0,0x002006D0,0x00200788,184
FUN_00200790,0x00200790,0x002007F0,96
FUN_002007f0,0x002007F0,0x002008E8,248
FUN_002008e8,0x002008E8,0x00200AF4,524
FUN_00200af4,0x00200AF4,0x00200BD0,220
gap_00200bd0,0x00200BD0,0x00200D88,440
FUN_00200d90,0x00200D90,0x00200DB8,40
FUN_00200dc0,0x00200DC0,0x00200DE8,40
FUN_00200df0,0x00200DF0,0x00200E28,56
FUN_00200e30,0x00200E30,0x00200E48,24
FUN_00200e50,0x00200E50,0x00200E68,24
FUN_00200e70,0x00200E70,0x00200E80,16
FUN_00200e80,0x00200E80,0x00200E88,8
FUN_00200e90,0x00200E90,0x00200E98,8
FUN_00200ea0,0x00200EA0,0x00200EA8,8
FUN_00200eb0,0x00200EB0,0x00201000,336
FUN_00201000,0x00201000,0x00201008,8
FUN_00201010,0x00201010,0x00201178,360
FUN_00201180,0x00201180,0x002012B4,308
FUN_002012c0,0x002012C0,0x002012C8,8
FUN_002012d0,0x002012D0,0x002012F0,32
FUN_002012f0,0x002012F0,0x002012F8,8
FUN_00201300,0x00201300,0x00201380,128
FUN_00201380,0x00201380,0x0020138C,12
FUN_00201390,0x00201390,0x0020139C,12
FUN_002013a0,0x002013A0,0x002013AC,12
FUN_002013b0,0x002013B0,0x002013BC,12
FUN_002013c0,0x002013C0,0x002013CC,12
FUN_002013d0,0x002013D0,0x002013F4,36
FUN_00201400,0x00201400,0x002014A0,160
FUN_002014a0,0x002014A0,0x002014A8,8
FUN_002014b0,0x002014B0,0x00201554,164
FUN_00201560,0x00201560,0x002015FC,156
FUN_00201600,0x00201600,0x00201654,84
FUN_00201660,0x00201660,0x002016C4,100
FUN_002016d0,0x002016D0,0x00201708,56
FUN_00201710,0x00201710,0x00201780,112
FUN_00201780,0x00201780,0x002017D4,84
FUN_002017e0,0x002017E0,0x00201810,48
FUN_00201810,0x00201810,0x002018BC,172
FUN_002018c0,0x002018C0,0x00201920,96
FUN_00201920,0x00201920,0x002019A4,132
FUN_002019b0,0x002019B0,0x00201C10,608
FUN_00201c10,0x00201C10,0x00201C18,8
FUN_00201c20,0x00201C20,0x00201C80,96
FUN_00201c80,0x00201C80,0x00201CA4,36
FUN_00201cb0,0x00201CB0,0x00201CB8,8
FUN_00201cc0,0x00201CC0,0x00201DE4,292
FUN_00201de4,0x00201DE4,0x00201EAC,200
gap_00201eac,0x00201EAC,0x00201EC4,24
FUN_00201ed0,0x00201ED0,0x00201ED8,8
FUN_00201ee0,0x00201EE0,0x00201F28,72
FUN_00201f30,0x00201F30,0x00202020,240
FUN_00202020,0x00202020,0x00202150,304
gap_00202150,0x00202150,0x00202168,24
FUN_00202170,0x00202170,0x00202530,960
FUN_00202530,0x00202530,0x00202564,52
FUN_00202570,0x00202570,0x00202644,212
FUN_00202650,0x00202650,0x00202784,308
FUN_00202790,0x00202790,0x002027A8,24
FUN_002027b0,0x002027B0,0x002027E0,48
FUN_002027e0,0x002027E0,0x002027E8,8
FUN_002027f0,0x002027F0,0x00202804,20
FUN_00202810,0x00202810,0x00202830,32
FUN_00202830,0x00202830,0x00202864,52
FUN_00202870,0x00202870,0x002028B8,72
FUN_002028c0,0x002028C0,0x002028FC,60
FUN_00202900,0x00202900,0x0020295C,92
FUN_00202960,0x00202960,0x00202994,52
FUN_002029a0,0x002029A0,0x002029C8,40
FUN_002029d0,0x002029D0,0x002029FC,44
FUN_00202a00,0x00202A00,0x00202A24,36
FUN_00202a30,0x00202A30,0x00202A58,40
FUN_00202a60,0x00202A60,0x00202B34,212
FUN_00202b40,0x00202B40,0x00202CD8,408
FUN_00202ce0,0x00202CE0,0x00202D18,56
FUN_00202d20,0x00202D20,0x00202D7C,92
FUN_00202d80,0x00202D80,0x00202DC8,72
FUN_00202dd0,0x00202DD0,0x00202FC8,504
FUN_00202fd0,0x00202FD0,0x0020303C,108
FUN_00203040,0x00203040,0x002030B4,116
FUN_002030c0,0x002030C0,0x00203168,168
FUN_00203170,0x00203170,0x00203194,36
FUN_002031a0,0x002031A0,0x00203220,128
FUN_00203220,0x00203220,0x002032C8,168
FUN_002032d0,0x002032D0,0x00203398,200
FUN_002033a0,0x002033A0,0x00203478,216
FUN_00203480,0x00203480,0x002034AC,44
FUN_002034b0,0x002034B0,0x0020351C,108
FUN_00203520,0x00203520,0x00203620,256
FUN_00203620,0x00203620,0x0020365C,60
FUN_00203660,0x00203660,0x00203690,48
FUN_00203690,0x00203690,0x002036D0,64
FUN_002036d0,0x002036D0,0x00203788,184
FUN_00203790,0x00203790,0x002037F0,96
FUN_002037f0,0x002037F0,0x00203890,160
FUN_00203890,0x00203890,0x002038E0,80
FUN_002038e0,0x002038E0,0x002039BC,220
FUN_002039c0,0x002039C0,0x002039EC,44
FUN_002039f0,0x002039F0,0x00203A44,84
FUN_00203a50,0x00203A50,0x00203A7C,44
FUN_00203a80,0x00203A80,0x00203AB8,56
FUN_00203ac0,0x00203AC0,0x00203AFC,60
FUN_00203b00,0x00203B00,0x00203B3C,60
FUN_00203b40,0x00203B40,0x00203B7C,60
FUN_00203b80,0x00203B80,0x00203BBC,60
FUN_00203bc0,0x00203BC0,0x00203BFC,60
FUN_00203c00,0x00203C00,0x00203C3C,60
FUN_00203c40,0x00203C40,0x00203CB8,120
FUN_00203cc0,0x00203CC0,0x00203D3C,124
FUN_00203d40,0x00203D40,0x00203D78,56
FUN_00203d80,0x00203D80,0x002040B8,824
FUN_002040c0,0x002040C0,0x002040F8,56
FUN_00204100,0x00204100,0x0020413C,60
FUN_00204140,0x00204140,0x00204190,80
FUN_00204190,0x00204190,0x002041D0,64
FUN_002041d0,0x002041D0,0x00204238,104
FUN_00204240,0x00204240,0x00204278,56
FUN_00204280,0x00204280,0x002042EC,108
FUN_002042f0,0x002042F0,0x0020435C,108
FUN_00204360,0x00204360,0x00204498,312
FUN_002044a0,0x002044A0,0x002044A8,8
FUN_002044b0,0x002044B0,0x002044F4,68
FUN_00204500,0x00204500,0x0020452C,44
FUN_00204530,0x00204530,0x00204538,8
FUN_00204540,0x00204540,0x00204610,208
FUN_00204610,0x00204610,0x00204648,56
FUN_00204650,0x00204650,0x00204694,68
FUN_002046a0,0x002046A0,0x002046CC,44
FUN_002046d0,0x002046D0,0x002046D8,8
FUN_002046e0,0x002046E0,0x002047B0,208
FUN_002047b0,0x002047B0,0x002047DC,44
FUN_002047e0,0x002047E0,0x002048D4,244
FUN_002048e0,0x002048E0,0x0020496C,140
FUN_00204970,0x00204970,0x002049A4,52
FUN_002049b0,0x002049B0,0x00204C78,712
FUN_00204c80,0x00204C80,0x00204E60,480
FUN_00204e60,0x00204E60,0x00204FAC,332
FUN_00204fb0,0x00204FB0,0x00204FFC,76
FUN_00205000,0x00205000,0x00205128,296
FUN_00205130,0x00205130,0x002051DC,172
FUN_002051e0,0x002051E0,0x00205278,152
FUN_00205280,0x00205280,0x00205310,144
FUN_00205310,0x00205310,0x002053B4,164
FUN_002053c0,0x002053C0,0x00205408,72
FUN_00205410,0x00205410,0x00205528,280
FUN_00205530,0x00205530,0x00205584,84
FUN_00205590,0x00205590,0x00205658,200
FUN_00205660,0x00205660,0x00205684,36
FUN_00205690,0x00205690,0x002056C8,56
FUN_002056d0,0x002056D0,0x00205704,52
FUN_00205710,0x00205710,0x00205780,112
FUN_00205780,0x00205780,0x002057D0,80
FUN_002057d0,0x002057D0,0x00205810,64
FUN_00205810,0x00205810,0x00205958,328
FUN_00205960,0x00205960,0x00205AB8,344
FUN_00205ac0,0x00205AC0,0x00205C10,336
FUN_00205c10,0x00205C10,0x00205CF8,232
FUN_00205d00,0x00205D00,0x00205DA4,164
FUN_00205db0,0x00205DB0,0x00205E4C,156
FUN_00205e50,0x00205E50,0x00205EC4,116
FUN_00205ed0,0x00205ED0,0x00205F80,176
FUN_00205f80,0x00205F80,0x00206018,152
FUN_00206020,0x00206020,0x00206028,8
FUN_00206030,0x00206030,0x002060A8,120
FUN_002060b0,0x002060B0,0x00206150,160
FUN_00206150,0x00206150,0x002061EC,156
FUN_002061f0,0x002061F0,0x0020627C,140
FUN_00206280,0x00206280,0x002062D4,84
FUN_002062e0,0x002062E0,0x00206340,96
FUN_00206340,0x00206340,0x00206420,224
FUN_00206420,0x00206420,0x00206510,240
FUN_00206510,0x00206510,0x002065D8,200
FUN_002065e0,0x002065E0,0x002066D0,240
FUN_002066d0,0x002066D0,0x00206754,132
FUN_00206760,0x00206760,0x00206810,176
FUN_00206810,0x00206810,0x0020688C,124
FUN_00206890,0x00206890,0x002068C0,48
FUN_002068c0,0x002068C0,0x002068F4,52
FUN_00206900,0x00206900,0x0020699C,156
FUN_002069a0,0x002069A0,0x00206A14,116
FUN_00206a20,0x00206A20,0x00206AB8,152
FUN_00206ac0,0x00206AC0,0x00206B1C,92
FUN_00206b20,0x00206B20,0x00206B7C,92
FUN_00206b80,0x00206B80,0x00206BDC,92
FUN_00206be0,0x00206BE0,0x00206C14,52
FUN_00206c20,0x00206C20,0x00206C50,48
FUN_00206c50,0x00206C50,0x00206CAC,92
FUN_00206cb0,0x00206CB0,0x00206CEC,60
FUN_00206cf0,0x00206CF0,0x00206D60,112
FUN_00206d60,0x00206D60,0x00206EC0,352
FUN_00206ec0,0x00206EC0,0x00206FA0,224
FUN_00206fa0,0x00206FA0,0x00206FE8,72
FUN_00206ff0,0x00206FF0,0x00207020,48
FUN_00207020,0x00207020,0x00207050,48
FUN_00207050,0x00207050,0x00207058,8
FUN_00207060,0x00207060,0x00207068,8
FUN_00207070,0x00207070,0x002070A8,56
FUN_002070b0,0x002070B0,0x002070B8,8
FUN_002070c0,0x002070C0,0x002070C8,8
FUN_002070d0,0x002070D0,0x002070E8,24
FUN_002070f0,0x002070F0,0x00207108,24
FUN_00207110,0x00207110,0x00207140,48
thunk_FUN_00207360,0x00207140,0x00207148,8
FUN_00207150,0x00207150,0x00207180,48
FUN_00207180,0x00207180,0x002071B8,56
FUN_002071c0,0x002071C0,0x002071D4,20
FUN_002071e0,0x002071E0,0x002071EC,12
FUN_002071f0,0x002071F0,0x00207208,24
FUN_00207210,0x00207210,0x00207238,40
FUN_00207240,0x00207240,0x0020724C,12
FUN_00207250,0x00207250,0x00207294,68
FUN_002072a0,0x002072A0,0x00207300,96
FUN_00207300,0x00207300,0x00207330,48
FUN_00207330,0x00207330,0x0020735C,44
FUN_00207360,0x00207360,0x002073A8,72
gap_002073b0,0x002073B0,0x00207578,456
gap_00207580,0x00207580,0x00207698,280
gap_002076a0,0x002076A0,0x002076D0,48
FUN_002076d0,0x002076D0,0x00207768,152
FUN_00207770,0x00207770,0x002077B0,64
FUN_002077b0,0x002077B0,0x002077E8,56
FUN_002077f0,0x002077F0,0x00207840,80
FUN_00207840,0x00207840,0x00207930,240
FUN_00207930,0x00207930,0x00207A68,312
FUN_00207a70,0x00207A70,0x00207C18,424
FUN_00207c20,0x00207C20,0x00207C70,80
FUN_00207c70,0x00207C70,0x00207DC8,344
FUN_00207dd0,0x00207DD0,0x00207E3C,108
FUN_00207e40,0x00207E40,0x00207F5C,284
FUN_00207f60,0x00207F60,0x0020803C,220
FUN_00208040,0x00208040,0x00208048,8
FUN_00208050,0x00208050,0x0020805C,12
FUN_00208060,0x00208060,0x00208094,52
FUN_002080a0,0x002080A0,0x002080F0,80
FUN_002080f0,0x002080F0,0x0020812C,60
FUN_00208130,0x00208130,0x00208174,68
FUN_00208180,0x00208180,0x002081D4,84
FUN_002081e0,0x002081E0,0x002081E8,8
FUN_002081f0,0x002081F0,0x00208218,40
FUN_00208220,0x00208220,0x00208248,40
FUN_00208250,0x00208250,0x00208278,40
FUN_00208280,0x00208280,0x002082F4,116
FUN_00208300,0x00208300,0x002083C4,196
FUN_002083d0,0x002083D0,0x002084B4,228
FUN_002084c0,0x002084C0,0x00208CA4,2020
FUN_00208cb0,0x00208CB0,0x00208D30,128
FUN_00208d30,0x00208D30,0x00208E68,312
FUN_00208e70,0x00208E70,0x00208EA0,48
FUN_00208ea0,0x00208EA0,0x00208F24,132
FUN_00208f30,0x00208F30,0x00209038,264
FUN_00209040,0x00209040,0x002091B0,368
FUN_002091b0,0x002091B0,0x002091B8,8
FUN_002091c0,0x002091C0,0x002093F8,568
FUN_00209400,0x00209400,0x002094FC,252
FUN_00209500,0x00209500,0x002096E0,480
FUN_002096e0,0x002096E0,0x00209880,416
FUN_00209880,0x00209880,0x00209A6C,492
FUN_00209a70,0x00209A70,0x00209AB0,64
FUN_00209ab0,0x00209AB0,0x00209C18,360
FUN_00209c20,0x00209C20,0x00209CD4,180
FUN_00209ce0,0x00209CE0,0x0020A6F0,2576
FUN_0020a6f0,0x0020A6F0,0x0020A81C,300
FUN_0020a820,0x0020A820,0x0020A828,8
FUN_0020a830,0x0020A830,0x0020A850,32
FUN_0020a850,0x0020A850,0x0020A870,32
FUN_0020a870,0x0020A870,0x0020A890,32
FUN_0020a890,0x0020A890,0x0020A8CC,60
FUN_0020a8d0,0x0020A8D0,0x0020A914,68
FUN_0020a920,0x0020A920,0x0020A9C4,164
FUN_0020a9d0,0x0020A9D0,0x0020AA74,164
FUN_0020aa80,0x0020AA80,0x0020AB08,136
FUN_0020ab10,0x0020AB10,0x0020AB44,52
FUN_0020ab50,0x0020AB50,0x0020AD18,456
FUN_0020ad20,0x0020AD20,0x0020AD28,8
FUN_0020ad30,0x0020AD30,0x0020AD38,8
FUN_0020ad40,0x0020AD40,0x0020AD7C,60
FUN_0020ad80,0x0020AD80,0x0020ADDC,92
FUN_0020ade0,0x0020ADE0,0x0020AE30,80
FUN_0020ae30,0x0020AE30,0x0020B044,532
FUN_0020b050,0x0020B050,0x0020B154,260
FUN_0020b160,0x0020B160,0x0020B18C,44
FUN_0020b190,0x0020B190,0x0020B1BC,44
FUN_0020b1c0,0x0020B1C0,0x0020B340,384
FUN_0020b340,0x0020B340,0x0020B3C4,132
FUN_0020b3d0,0x0020B3D0,0x0020B418,72
FUN_0020b420,0x0020B420,0x0020B558,312
FUN_0020b560,0x0020B560,0x0020B5A8,72
FUN_0020b5b0,0x0020B5B0,0x0020B6CC,284
FUN_0020b6d0,0x0020B6D0,0x0020B750,128
FUN_0020b750,0x0020B750,0x0020B7DC,140
FUN_0020b7e0,0x0020B7E0,0x0020B80C,44
FUN_0020b810,0x0020B810,0x0020B894,132
FUN_0020b8a0,0x0020B8A0,0x0020B92C,140
FUN_0020b930,0x0020B930,0x0020B9A4,116
FUN_0020b9b0,0x0020B9B0,0x0020BA24,116
FUN_0020ba30,0x0020BA30,0x0020BB88,344
FUN_0020bb90,0x0020BB90,0x0020BE5C,716
FUN_0020be60,0x0020BE60,0x0020C1B0,848
FUN_0020c1b0,0x0020C1B0,0x0020C1DC,44
FUN_0020c1e0,0x0020C1E0,0x0020C20C,44
FUN_0020c210,0x0020C210,0x0020C338,296
FUN_0020c340,0x0020C340,0x0020C39C,92
FUN_0020c3a0,0x0020C3A0,0x0020C4B0,272
FUN_0020c4b0,0x0020C4B0,0x0020C52C,124
FUN_0020c530,0x0020C530,0x0020C634,260
FUN_0020c640,0x0020C640,0x0020C6A0,96
FUN_0020c6a0,0x0020C6A0,0x0020C6AC,12
FUN_0020c6b0,0x0020C6B0,0x0020C898,488
FUN_0020c8a0,0x0020C8A0,0x0020C9F0,336
FUN_0020c9f0,0x0020C9F0,0x0020CA64,116
FUN_0020ca70,0x0020CA70,0x0020CA78,8
FUN_0020ca80,0x0020CA80,0x0020CB98,280
FUN_0020cba0,0x0020CBA0,0x0020CBA8,8
FUN_0020cbb0,0x0020CBB0,0x0020CC10,96
FUN_0020cc10,0x0020CC10,0x0020CC18,8
FUN_0020cc20,0x0020CC20,0x0020CC4C,44
FUN_0020cc50,0x0020CC50,0x0020CC8C,60
FUN_0020cc90,0x0020CC90,0x0020CD20,144
FUN_0020cd20,0x0020CD20,0x0020CD28,8
FUN_0020cd30,0x0020CD30,0x0020CD4C,28
FUN_0020cd50,0x0020CD50,0x0020CD58,8
FUN_0020cd60,0x0020CD60,0x0020CD68,8
FUN_0020cd70,0x0020CD70,0x0020CD9C,44
FUN_0020cda0,0x0020CDA0,0x0020CDCC,44
FUN_0020cdd0,0x0020CDD0,0x0020CDD8,8
FUN_0020cde0,0x0020CDE0,0x0020CE0C,44
FUN_0020ce10,0x0020CE10,0x0020CE18,8
FUN_0020ce20,0x0020CE20,0x0020CE58,56
FUN_0020ce60,0x0020CE60,0x0020CEA8,72
FUN_0020ceb0,0x0020CEB0,0x0020CEBC,12
FUN_0020cec0,0x0020CEC0,0x0020CF08,72
FUN_0020cf10,0x0020CF10,0x0020D088,376
FUN_0020d090,0x0020D090,0x0020D098,8
FUN_0020d0a0,0x0020D0A0,0x0020D6E0,1600
FUN_0020d6e0,0x0020D6E0,0x0020D834,340
FUN_0020d840,0x0020D840,0x0020D868,40
FUN_0020d870,0x0020D870,0x0020D934,196
FUN_0020d940,0x0020D940,0x0020DAB8,376
FUN_0020dac0,0x0020DAC0,0x0020DE60,928
FUN_0020de60,0x0020DE60,0x0020E174,788
FUN_0020e180,0x0020E180,0x0020EB0C,2444
FUN_0020eb10,0x0020EB10,0x0020EB18,8
FUN_0020eb20,0x0020EB20,0x0020EB28,8
FUN_0020eb30,0x0020EB30,0x0020EB38,8
FUN_0020eb40,0x0020EB40,0x0020F07C,1340
FUN_0020f080,0x0020F080,0x0020F1B0,304
FUN_0020f1b0,0x0020F1B0,0x0020F228,120
FUN_0020f230,0x0020F230,0x0020F288,88
FUN_0020f290,0x0020F290,0x0020F364,212
FUN_0020f370,0x0020F370,0x0020F378,8
FUN_0020f380,0x0020F380,0x0020F388,8
FUN_0020f390,0x0020F390,0x0020F5C4,564
FUN_0020f5d0,0x0020F5D0,0x0020F784,436
FUN_0020f790,0x0020F790,0x0020F8BC,300
FUN_0020f8c0,0x0020F8C0,0x0020F8C8,8
FUN_0020f8d0,0x0020F8D0,0x0020F8E0,16
FUN_0020f8e0,0x0020F8E0,0x0020F920,64
FUN_0020f920,0x0020F920,0x0020FA04,228
FUN_0020fa10,0x0020FA10,0x0020FA48,56
FUN_0020fa50,0x0020FA50,0x0020FA94,68
FUN_0020faa0,0x0020FAA0,0x0020FB04,100
FUN_0020fb10,0x0020FB10,0x0020FB44,52
FUN_0020fb50,0x0020FB50,0x0020FBA8,88
FUN_0020fbb0,0x0020FBB0,0x0020FBFC,76
FUN_0020fc00,0x0020FC00,0x0020FC2C,44
FUN_0020fc30,0x0020FC30,0x0020FC7C,76
FUN_0020fc80,0x0020FC80,0x0020FC90,16
FUN_0020fc90,0x0020FC90,0x0020FCF8,104
FUN_0020fd00,0x0020FD00,0x0020FD5C,92
FUN_0020fd60,0x0020FD60,0x0020FE54,244
FUN_0020fe60,0x0020FE60,0x0020FE94,52
FUN_0020fea0,0x0020FEA0,0x0020FF2C,140
FUN_0020ff30,0x0020FF30,0x0020FF90,96
FUN_0020ff90,0x0020FF90,0x0020FFD8,72
FUN_0020ffe0,0x0020FFE0,0x00210030,80
FUN_00210030,0x00210030,0x0021008C,92
FUN_00210090,0x00210090,0x002100E4,84
FUN_002100f0,0x002100F0,0x002101D8,232
FUN_002101e0,0x002101E0,0x0021031C,316
FUN_00210320,0x00210320,0x00210354,52
FUN_00210360,0x00210360,0x002103D4,116
FUN_002103e0,0x002103E0,0x00210404,36
FUN_00210410,0x00210410,0x002104D0,192
FUN_002104d0,0x002104D0,0x00210504,52
FUN_00210510,0x00210510,0x00210518,8
FUN_00210520,0x00210520,0x0021059C,124
FUN_002105a0,0x002105A0,0x00210678,216
FUN_00210680,0x00210680,0x002106E8,104
FUN_002106f0,0x002106F0,0x00210810,288
FUN_00210810,0x00210810,0x002108BC,172
FUN_002108c0,0x002108C0,0x00210940,128
FUN_00210940,0x00210940,0x00210978,56
FUN_00210980,0x00210980,0x002109C8,72
FUN_002109d0,0x002109D0,0x00210BCC,508
FUN_00210bd0,0x00210BD0,0x00210BEC,28
FUN_00210bf0,0x00210BF0,0x00210BF8,8
FUN_00210c00,0x00210C00,0x00210CBC,188
FUN_00210cc0,0x00210CC0,0x00210DCC,268
FUN_00210dd0,0x00210DD0,0x00210F94,452
FUN_00210fa0,0x00210FA0,0x0021100C,108
FUN_00211010,0x00211010,0x00211100,240
FUN_00211100,0x00211100,0x00211144,68
FUN_00211150,0x00211150,0x00211174,36
FUN_00211180,0x00211180,0x0021129C,284
FUN_002112a0,0x002112A0,0x002112DC,60
FUN_002112e0,0x002112E0,0x00211358,120
FUN_00211360,0x00211360,0x00211540,480
FUN_00211540,0x00211540,0x002115CC,140
FUN_002115d0,0x002115D0,0x0021164C,124
FUN_00211650,0x00211650,0x00211674,36
FUN_00211680,0x00211680,0x00211734,180
FUN_00211740,0x00211740,0x002117B4,116
FUN_002117c0,0x002117C0,0x002118DC,284
FUN_002118e0,0x002118E0,0x00211978,152
FUN_00211980,0x00211980,0x00211A4C,204
FUN_00211a50,0x00211A50,0x00211B44,244
FUN_00211b50,0x00211B50,0x00211B94,68
FUN_00211ba0,0x00211BA0,0x00211BE4,68
FUN_00211bf0,0x00211BF0,0x00211C34,68
FUN_00211c40,0x00211C40,0x00211C84,68
FUN_00211c90,0x00211C90,0x00211CD8,72
FUN_00211ce0,0x00211CE0,0x00211D00,32
FUN_00211d00,0x00211D00,0x00211D2C,44
FUN_00211d30,0x00211D30,0x00211D9C,108
FUN_00211da0,0x00211DA0,0x002120E4,836
FUN_002120f0,0x002120F0,0x002121EC,252
FUN_002121f0,0x002121F0,0x00212218,40
FUN_00212220,0x00212220,0x00212268,72
FUN_00212270,0x00212270,0x002123F0,384
FUN_002123f0,0x002123F0,0x0021246C,124
FUN_00212470,0x00212470,0x00212D28,2232
FUN_00212d30,0x00212D30,0x0021309C,876
FUN_002130a0,0x002130A0,0x00213164,196
FUN_00213170,0x00213170,0x002134A0,816
FUN_002134a0,0x002134A0,0x002136E4,580
FUN_002136f0,0x002136F0,0x002139A4,692
FUN_002139b0,0x002139B0,0x00213B5C,428
FUN_00213b60,0x00213B60,0x00213B74,20
FUN_00213b80,0x00213B80,0x00213C30,176
FUN_00213c30,0x00213C30,0x00213D0C,220
FUN_00213d10,0x00213D10,0x00213DB0,160
FUN_00213db0,0x00213DB0,0x00213DC4,20
FUN_00213dd0,0x00213DD0,0x00213E4C,124
FUN_00213e50,0x00213E50,0x00213F78,296
FUN_00213f80,0x00213F80,0x002140D4,340
FUN_002140e0,0x002140E0,0x002140E8,8
thunk_FUN_002ea590,0x002140F0,0x002140F8,8
FUN_00214100,0x00214100,0x002141E4,228
FUN_002141f0,0x002141F0,0x002142EC,252
FUN_002142f0,0x002142F0,0x0021432C,60
FUN_00214330,0x00214330,0x00214370,64
FUN_00214370,0x00214370,0x002143E0,112
FUN_002143e0,0x002143E0,0x0021491C,1340
FUN_0021491c,0x0021491C,0x00214D68,1100
gap_00214d68,0x00214D68,0x00214D84,28
FUN_00214d90,0x00214D90,0x00214DA0,16
FUN_00214da0,0x00214DA0,0x00214DEC,76
FUN_00214df0,0x00214DF0,0x00214E14,36
FUN_00214e20,0x00214E20,0x00215FC4,4516
FUN_00215fc4,0x00215FC4,0x00216138,372
gap_00216138,0x00216138,0x00216558,1056
thunk_FUN_0014f330,0x00216560,0x00216568,8
FUN_00216570,0x00216570,0x00216578,8
FUN_00216580,0x00216580,0x00216588,8
FUN_00216590,0x00216590,0x00216598,8
FUN_002165a0,0x002165A0,0x002165A8,8
FUN_002165b0,0x002165B0,0x002165EC,60
FUN_002165f0,0x002165F0,0x00216620,48
FUN_00216620,0x00216620,0x0021679C,380
FUN_002167a0,0x002167A0,0x00216A50,688
FUN_00216a50,0x00216A50,0x00216D08,696
FUN_00216d10,0x00216D10,0x00216EB4,420
FUN_00216ec0,0x00216EC0,0x00216ED0,16
FUN_00216ed0,0x00216ED0,0x00216F54,132
FUN_00216f60,0x00216F60,0x002170DC,380
FUN_002170e0,0x002170E0,0x0021711C,60
FUN_00217120,0x00217120,0x00217384,612
FUN_00217390,0x00217390,0x002174A0,272
FUN_002174a0,0x002174A0,0x002174B4,20
FUN_002174c0,0x002174C0,0x002174F0,48
FUN_002174f0,0x002174F0,0x00217560,112
FUN_00217560,0x00217560,0x002175C4,100
FUN_002175d0,0x002175D0,0x00217664,148
FUN_00217670,0x00217670,0x002176B8,72
FUN_002176c0,0x002176C0,0x00217738,120
FUN_00217740,0x00217740,0x0021774C,12
FUN_00217750,0x00217750,0x00217760,16
FUN_00217760,0x00217760,0x002177CC,108
FUN_002177d0,0x002177D0,0x00217830,96
FUN_00217830,0x00217830,0x0021787C,76
FUN_00217880,0x00217880,0x00217900,128
FUN_00217900,0x00217900,0x00217960,96
FUN_00217960,0x00217960,0x00217B58,504
FUN_00217b60,0x00217B60,0x00217FA0,1088
FUN_00217fa0,0x00217FA0,0x0021800C,108
FUN_00218010,0x00218010,0x00218068,88
FUN_00218070,0x00218070,0x00218144,212
FUN_00218150,0x00218150,0x00218284,308
FUN_00218290,0x00218290,0x002182C4,52
FUN_002182d0,0x002182D0,0x00218384,180
FUN_00218390,0x00218390,0x002183F8,104
FUN_00218400,0x00218400,0x00218714,788
FUN_00218720,0x00218720,0x00218800,224
FUN_00218800,0x00218800,0x00218978,376
FUN_00218980,0x00218980,0x00218AFC,380
FUN_00218b00,0x00218B00,0x00218F5C,1116
FUN_00218f60,0x00218F60,0x00219D78,3608
FUN_00219d80,0x00219D80,0x00219DF4,116
FUN_00219e00,0x00219E00,0x0021A104,772
FUN_0021a110,0x0021A110,0x0021A1D4,196
FUN_0021a1e0,0x0021A1E0,0x0021A370,400
FUN_0021a370,0x0021A370,0x0021A56C,508
FUN_0021a570,0x0021A570,0x0021A578,8
FUN_0021a580,0x0021A580,0x0021A63C,188
FUN_0021a640,0x0021A640,0x0021AC0C,1484
FUN_0021ac10,0x0021AC10,0x0021AC64,84
FUN_0021ac70,0x0021AC70,0x0021AF2C,700
FUN_0021af30,0x0021AF30,0x0021AFB8,136
FUN_0021afc0,0x0021AFC0,0x0021AFD0,16
FUN_0021afd0,0x0021AFD0,0x0021B150,384
FUN_0021b150,0x0021B150,0x0021B2EC,412
FUN_0021b2f0,0x0021B2F0,0x0021B5A4,692
FUN_0021b5b0,0x0021B5B0,0x0021B78C,476
FUN_0021b790,0x0021B790,0x0021B9B0,544
FUN_0021b9b0,0x0021B9B0,0x0021BA5C,172
gap_0021ba60,0x0021BA60,0x0021BA68,8
gap_0021ba70,0x0021BA70,0x0021BA78,8
FUN_0021ba80,0x0021BA80,0x0021BBEC,364
FUN_0021bbf0,0x0021BBF0,0x0021BC64,116
FUN_0021bc70,0x0021BC70,0x0021BE88,536
FUN_0021be90,0x0021BE90,0x0021BEE0,80
FUN_0021bee0,0x0021BEE0,0x0021BF04,36
FUN_0021bf10,0x0021BF10,0x0021BF20,16
FUN_0021bf20,0x0021BF20,0x0021BF7C,92
gap_0021bf80,0x0021BF80,0x0021BFF8,120
gap_0021c000,0x0021C000,0x0021C0C8,200
FUN_0021c0d0,0x0021C0D0,0x0021C43C,876
FUN_0021c440,0x0021C440,0x0021C448,8
FUN_0021c450,0x0021C450,0x0021C4C4,116
gap_0021c4d0,0x0021C4D0,0x0021C4F0,32
FUN_0021c4f0,0x0021C4F0,0x0021CAE4,1524
FUN_0021caf0,0x0021CAF0,0x0021CB74,132
FUN_0021cb80,0x0021CB80,0x0021CD90,528
FUN_0021cd90,0x0021CD90,0x0021CE28,152
FUN_0021ce30,0x0021CE30,0x0021CE3C,12
gap_0021ce40,0x0021CE40,0x0021CF54,276
gap_0021cf60,0x0021CF60,0x0021CF68,8
FUN_0021cf70,0x0021CF70,0x0021D0A0,304
FUN_0021d0a0,0x0021D0A0,0x0021D134,148
FUN_0021d140,0x0021D140,0x0021D1D4,148
FUN_0021d1e0,0x0021D1E0,0x0021D278,152
gap_0021d280,0x0021D280,0x0021D2B0,48
gap_0021d2b0,0x0021D2B0,0x0021D2B8,8
FUN_0021d2c0,0x0021D2C0,0x0021D470,432
FUN_0021d470,0x0021D470,0x0021D620,432
FUN_0021d620,0x0021D620,0x0021D654,52
gap_0021d660,0x0021D660,0x0021D6C0,96
FUN_0021d6c0,0x0021D6C0,0x0021D748,136
gap_0021d750,0x0021D750,0x0021D770,32
FUN_0021d770,0x0021D770,0x0021D81C,172
FUN_0021d820,0x0021D820,0x0021D8A8,136
gap_0021d8b0,0x0021D8B0,0x0021D8D0,32
FUN_0021d8d0,0x0021D8D0,0x0021D960,144
thunk_FUN_0021d8d0,0x0021D960,0x0021D968,8
FUN_0021d970,0x0021D970,0x0021DB1C,428
FUN_0021db20,0x0021DB20,0x0021DD3C,540
FUN_0021dd40,0x0021DD40,0x0021DD54,20
FUN_0021dd60,0x0021DD60,0x0021E440,1760
FUN_0021e440,0x0021E440,0x0021E474,52
FUN_0021e480,0x0021E480,0x0021E6D8,600
FUN_0021e6e0,0x0021E6E0,0x0021E6F8,24
FUN_0021e700,0x0021E700,0x0021EBB4,1204
FUN_0021ebc0,0x0021EBC0,0x0021EBEC,44
FUN_0021ebf0,0x0021EBF0,0x0021ED94,420
FUN_0021eda0,0x0021EDA0,0x0021EDE4,68
FUN_0021edf0,0x0021EDF0,0x0021EF10,288
FUN_0021ef10,0x0021EF10,0x0021EF84,116
FUN_0021ef90,0x0021EF90,0x0021EFDC,76
FUN_0021efe0,0x0021EFE0,0x0021F0A0,192
FUN_0021f0a0,0x0021F0A0,0x0021F114,116
FUN_0021f120,0x0021F120,0x0021F228,264
FUN_0021f230,0x0021F230,0x0021F274,68
FUN_0021f280,0x0021F280,0x0021F28C,12
FUN_0021f290,0x0021F290,0x0021F2BC,44
thunk_FUN_0021f0a0,0x0021F2C0,0x0021F2C8,8
FUN_0021f2d0,0x0021F2D0,0x0021F48C,444
FUN_0021f490,0x0021F490,0x0021F4A4,20
FUN_0021f4b0,0x0021F4B0,0x0021F4EC,60
FUN_0021f4f0,0x0021F4F0,0x0021F52C,60
FUN_0021f530,0x0021F530,0x0021F55C,44
FUN_0021f560,0x0021F560,0x0021F588,40
FUN_0021f590,0x0021F590,0x0021F5F4,100
FUN_0021f600,0x0021F600,0x0021F6CC,204
FUN_0021f6d0,0x0021F6D0,0x0021F6F8,40
FUN_0021f700,0x0021F700,0x0021F70C,12
FUN_0021f710,0x0021F710,0x0021F7BC,172
FUN_0021f7c0,0x0021F7C0,0x0021F810,80
FUN_0021f810,0x0021F810,0x0021F950,320
FUN_0021f950,0x0021F950,0x0021F998,72
FUN_0021f9a0,0x0021F9A0,0x0021F9E4,68
FUN_0021f9f0,0x0021F9F0,0x0021F9F8,8
FUN_0021fa00,0x0021FA00,0x0021FA48,72
FUN_0021fa50,0x0021FA50,0x0021FAA0,80
FUN_0021faa0,0x0021FAA0,0x0021FAA8,8
FUN_0021fab0,0x0021FAB0,0x0021FAB8,8
FUN_0021fac0,0x0021FAC0,0x0021FB44,132
FUN_0021fb50,0x0021FB50,0x0021FBD8,136
FUN_0021fbe0,0x0021FBE0,0x0021FC24,68
FUN_0021fc30,0x0021FC30,0x0021FC3C,12
FUN_0021fc40,0x0021FC40,0x0021FC9C,92
FUN_0021fca0,0x0021FCA0,0x0021FE54,436
FUN_0021fe60,0x0021FE60,0x0021FEA8,72
FUN_0021feb0,0x0021FEB0,0x00220040,400
FUN_00220040,0x00220040,0x002200FC,188
FUN_00220100,0x00220100,0x0022013C,60
FUN_00220140,0x00220140,0x00220148,8
FUN_00220150,0x00220150,0x002201AC,92
FUN_002201b0,0x002201B0,0x00220200,80
FUN_00220200,0x00220200,0x00220428,552
FUN_00220430,0x00220430,0x00220558,296
FUN_00220560,0x00220560,0x002206C4,356
FUN_002206d0,0x002206D0,0x00220728,88
FUN_00220730,0x00220730,0x002207C0,144
FUN_002207c0,0x002207C0,0x00220890,208
FUN_00220890,0x00220890,0x002208E0,80
FUN_002208e0,0x002208E0,0x00220924,68
FUN_00220930,0x00220930,0x002209B4,132
FUN_002209c0,0x002209C0,0x00220A04,68
FUN_00220a10,0x00220A10,0x00220A78,104
FUN_00220a80,0x00220A80,0x00220AA4,36
FUN_00220ab0,0x00220AB0,0x00220B14,100
FUN_00220b20,0x00220B20,0x00220B48,40
FUN_00220b50,0x00220B50,0x00220BA0,80
FUN_00220ba0,0x00220BA0,0x00220BF0,80
FUN_00220bf0,0x00220BF0,0x00220C3C,76
FUN_00220c40,0x00220C40,0x00220CF8,184
FUN_00220d00,0x00220D00,0x00220D08,8
FUN_00220d10,0x00220D10,0x00220D44,52
FUN_00220d50,0x00220D50,0x00220DAC,92
FUN_00220db0,0x00220DB0,0x00220E04,84
FUN_00220e10,0x00220E10,0x00220E64,84
FUN_00220e70,0x00220E70,0x00220EBC,76
FUN_00220ec0,0x00220EC0,0x00220F34,116
FUN_00220f40,0x00220F40,0x00220F88,72
FUN_00220f90,0x00220F90,0x00220FC0,48
FUN_00220fc0,0x00220FC0,0x002210DC,284
FUN_002210e0,0x002210E0,0x00221198,184
FUN_002211a0,0x002211A0,0x002211D4,52
FUN_002211e0,0x002211E0,0x00221250,112
FUN_00221250,0x00221250,0x00221498,584
thunk_FUN_00221534,0x00221480,0x00221488,8
FUN_00221498,0x00221498,0x00221534,156
FUN_00221534,0x00221534,0x00221548,20
FUN_00221550,0x00221550,0x00221558,8
FUN_00221560,0x00221560,0x00221598,56
FUN_002215a0,0x002215A0,0x002215E4,68
FUN_002215f0,0x002215F0,0x002215F8,8
gap_00221600,0x00221600,0x00221608,8
FUN_00221610,0x00221610,0x00221618,8
FUN_00221620,0x00221620,0x00221628,8
FUN_00221630,0x00221630,0x00221690,96
FUN_00221690,0x00221690,0x002216FC,108
FUN_00221700,0x00221700,0x00221708,8
FUN_00221710,0x00221710,0x002217F4,228
FUN_00221800,0x00221800,0x002218B0,176
thunk_FUN_002f6050,0x002218B0,0x002218B8,8
FUN_002218c0,0x002218C0,0x002218C8,8
FUN_002218d0,0x002218D0,0x002218E0,16
FUN_002218e0,0x002218E0,0x00221918,56
FUN_00221920,0x00221920,0x00221928,8
FUN_00221930,0x00221930,0x00221D10,992
FUN_00221d10,0x00221D10,0x00221D38,40
FUN_00221d40,0x00221D40,0x00221D64,36
FUN_00221d70,0x00221D70,0x00221EEC,380
FUN_00221ef0,0x00221EF0,0x00221F84,148
FUN_00221f90,0x00221F90,0x00221F98,8
FUN_00221fa0,0x00221FA0,0x00222048,168
FUN_00222050,0x00222050,0x002220AC,92
thunk_FUN_002e1ad0,0x002220B0,0x002220B8,8
FUN_002220c0,0x002220C0,0x002220F0,48
FUN_002220f0,0x002220F0,0x002220F8,8
FUN_00222100,0x00222100,0x0022212C,44
FUN_00222130,0x00222130,0x002221D0,160
FUN_002221d0,0x002221D0,0x00222278,168
FUN_00222280,0x00222280,0x00222360,224
FUN_00222360,0x00222360,0x002223DC,124
FUN_002223e0,0x002223E0,0x002227E4,1028
FUN_002227f0,0x002227F0,0x00222800,16
FUN_00222800,0x00222800,0x00222898,152
FUN_002228a0,0x002228A0,0x002228AC,12
FUN_002228b0,0x002228B0,0x002228BC,12
FUN_002228c0,0x002228C0,0x0022291C,92
FUN_00222920,0x00222920,0x00222928,8
FUN_00222930,0x00222930,0x00222980,80
FUN_00222980,0x00222980,0x002229B8,56
FUN_002229c0,0x002229C0,0x00222A0C,76
FUN_00222a10,0x00222A10,0x00222A28,24
FUN_00222a30,0x00222A30,0x00222A44,20
FUN_00222a50,0x00222A50,0x00222A94,68
FUN_00222aa0,0x00222AA0,0x00222CD4,564
FUN_00222ce0,0x00222CE0,0x00222CF0,16
FUN_00222cf0,0x00222CF0,0x00222DB8,200
FUN_00222dc0,0x00222DC0,0x00222EB4,244
FUN_00222ec0,0x00222EC0,0x0022387C,2492
FUN_00223880,0x00223880,0x00223888,8
FUN_00223890,0x00223890,0x0022393C,172
FUN_00223940,0x00223940,0x00223978,56
FUN_00223980,0x00223980,0x002239FC,124
FUN_00223a00,0x00223A00,0x002244C0,2752
FUN_002244c0,0x002244C0,0x002244CC,12
FUN_002244d0,0x002244D0,0x002244DC,12
FUN_002244e0,0x002244E0,0x002244E8,8
FUN_002244f0,0x002244F0,0x002244F8,8
FUN_00224500,0x00224500,0x00224508,8
FUN_00224510,0x00224510,0x002245D8,200
FUN_002245e0,0x002245E0,0x002246D8,248
FUN_002246e0,0x002246E0,0x00224D3C,1628
FUN_00224d40,0x00224D40,0x00224D48,8
FUN_00224d50,0x00224D50,0x00224D88,56
FUN_00224d90,0x00224D90,0x00224D98,8
FUN_00224da0,0x00224DA0,0x00224DA8,8
FUN_00224db0,0x00224DB0,0x00224F38,392
FUN_00224f40,0x00224F40,0x00224F4C,12
FUN_00224f50,0x00224F50,0x00224F5C,12
FUN_00224f60,0x00224F60,0x00224F6C,12
FUN_00224f70,0x00224F70,0x00224F78,8
FUN_00224f80,0x00224F80,0x00224F88,8
FUN_00224f90,0x00224F90,0x00224FB4,36
FUN_00224fc0,0x00224FC0,0x00224FC8,8
FUN_00224fd0,0x00224FD0,0x002250A0,208
FUN_002250a0,0x002250A0,0x00225C74,3028
FUN_00225c80,0x00225C80,0x00225E9C,540
FUN_00225ea0,0x00225EA0,0x00225F6C,204
FUN_00225f70,0x00225F70,0x00226A44,2772
FUN_00226a50,0x00226A50,0x00226A70,32
FUN_00226a70,0x00226A70,0x00226AFC,140
FUN_00226b00,0x00226B00,0x00226B50,80
FUN_00226b50,0x00226B50,0x00226B8C,60
FUN_00226b90,0x00226B90,0x00226C14,132
FUN_00226c20,0x00226C20,0x00226CB0,144
FUN_00226cb0,0x00226CB0,0x00226CEC,60
FUN_00226cf0,0x00226CF0,0x00226D40,80
FUN_00226d40,0x00226D40,0x00226E4C,268
FUN_00226e50,0x00226E50,0x00226E5C,12
FUN_00226e60,0x00226E60,0x00226FB8,344
FUN_00226fc0,0x00226FC0,0x00227018,88
FUN_00227020,0x00227020,0x0022708C,108
FUN_00227090,0x00227090,0x002270A8,24
FUN_002270b0,0x002270B0,0x00227154,164
FUN_00227160,0x00227160,0x00227324,452
FUN_00227330,0x00227330,0x002273A0,112
FUN_002273a0,0x002273A0,0x00227B14,1908
FUN_00227b20,0x00227B20,0x00227B28,8
FUN_00227b30,0x00227B30,0x00227BDC,172
FUN_00227be0,0x00227BE0,0x00227C00,32
FUN_00227c00,0x00227C00,0x00227DDC,476
FUN_00227de0,0x00227DE0,0x00228148,872
FUN_00228150,0x00228150,0x00228450,768
FUN_00228450,0x00228450,0x00228658,520
FUN_00228660,0x00228660,0x002288A0,576
FUN_002288a0,0x002288A0,0x00228BAC,780
FUN_00228bb0,0x00228BB0,0x00228C28,120
FUN_00228c30,0x00228C30,0x00228F30,768
FUN_00228f30,0x00228F30,0x00228F94,100
FUN_00228fa0,0x00228FA0,0x00228FD4,52
FUN_00228fe0,0x00228FE0,0x00229728,1864
FUN_00229730,0x00229730,0x00229784,84
FUN_00229790,0x00229790,0x0022984C,188
FUN_00229850,0x00229850,0x002298FC,172
FUN_00229900,0x00229900,0x00229A48,328
FUN_00229a50,0x00229A50,0x00229A8C,60
FUN_00229a90,0x00229A90,0x00229AE0,80
FUN_00229ae0,0x00229AE0,0x00229B24,68
FUN_00229b30,0x00229B30,0x00229CE0,432
FUN_00229ce0,0x00229CE0,0x00229D00,32
FUN_00229d00,0x00229D00,0x00229D3C,60
FUN_00229d40,0x00229D40,0x00229E38,248
FUN_00229e40,0x00229E40,0x00229F74,308
FUN_00229f80,0x00229F80,0x0022A0AC,300
FUN_0022a0b0,0x0022A0B0,0x0022A1A8,248
FUN_0022a1b0,0x0022A1B0,0x0022A2B0,256
FUN_0022a2b0,0x0022A2B0,0x0022A4DC,556
FUN_0022a4e0,0x0022A4E0,0x0022A54C,108
FUN_0022a550,0x0022A550,0x0022A598,72
FUN_0022a5a0,0x0022A5A0,0x0022A618,120
FUN_0022a620,0x0022A620,0x0022A694,116
FUN_0022a6a0,0x0022A6A0,0x0022A6B4,20
FUN_0022a6c0,0x0022A6C0,0x0022A70C,76
FUN_0022a710,0x0022A710,0x0022A718,8
FUN_0022a720,0x0022A720,0x0022A754,52
FUN_0022a760,0x0022A760,0x0022A7B8,88
FUN_0022a7c0,0x0022A7C0,0x0022A828,104
FUN_0022a830,0x0022A830,0x0022A8D0,160
FUN_0022a8d0,0x0022A8D0,0x0022A900,48
FUN_0022a900,0x0022A900,0x0022A98C,140
FUN_0022a990,0x0022A990,0x0022A9A8,24
FUN_0022a9b0,0x0022A9B0,0x0022AB30,384
FUN_0022ab30,0x0022AB30,0x0022AE94,868
FUN_0022aea0,0x0022AEA0,0x0022AECC,44
FUN_0022aed0,0x0022AED0,0x0022AEF0,32
FUN_0022aef0,0x0022AEF0,0x0022AF0C,28
FUN_0022af10,0x0022AF10,0x0022AF58,72
FUN_0022af60,0x0022AF60,0x0022AFF4,148
FUN_0022b000,0x0022B000,0x0022B0B0,176
FUN_0022b0b0,0x0022B0B0,0x0022B1E8,312
FUN_0022b1f0,0x0022B1F0,0x0022BDCC,3036
FUN_0022bdd0,0x0022BDD0,0x0022BFD4,516
FUN_0022bfe0,0x0022BFE0,0x0022C4A4,1220
FUN_0022c4b0,0x0022C4B0,0x0022C590,224
FUN_0022c590,0x0022C590,0x0022CDA4,2068
FUN_0022cdb0,0x0022CDB0,0x0022CF38,392
FUN_0022cf40,0x0022CF40,0x0022D114,468
FUN_0022d120,0x0022D120,0x0022D3F8,728
FUN_0022d400,0x0022D400,0x0022D564,356
FUN_0022d570,0x0022D570,0x0022D694,292
FUN_0022d6a0,0x0022D6A0,0x0022D9C0,800
FUN_0022d9c0,0x0022D9C0,0x0022DAEC,300
FUN_0022daf0,0x0022DAF0,0x0022DB84,148
FUN_0022db90,0x0022DB90,0x0022DD6C,476
FUN_0022dd70,0x0022DD70,0x0022DD9C,44
FUN_0022dda0,0x0022DDA0,0x0022E13C,924
FUN_0022e140,0x0022E140,0x0022E198,88
FUN_0022e1a0,0x0022E1A0,0x0022E1C4,36
FUN_0022e1d0,0x0022E1D0,0x0022E234,100
FUN_0022e240,0x0022E240,0x0022E45C,540
FUN_0022e460,0x0022E460,0x0022E564,260
FUN_0022e570,0x0022E570,0x0022E6A4,308
FUN_0022e6b0,0x0022E6B0,0x0022E6B8,8
FUN_0022e6c0,0x0022E6C0,0x0022E80C,332
FUN_0022e810,0x0022E810,0x0022E9B8,424
FUN_0022e9c0,0x0022E9C0,0x0022EADC,284
FUN_0022eae0,0x0022EAE0,0x0022EBFC,284
FUN_0022ec00,0x0022EC00,0x0022ECD4,212
FUN_0022ece0,0x0022ECE0,0x0022ED90,176
FUN_0022ed90,0x0022ED90,0x0022EEA8,280
FUN_0022eeb0,0x0022EEB0,0x0022F010,352
FUN_0022f010,0x0022F010,0x0022F2A8,664
FUN_0022f2b0,0x0022F2B0,0x0022F630,896
FUN_0022f630,0x0022F630,0x0022F6E8,184
gap_0022f6f0,0x0022F6F0,0x0022F72C,60
FUN_0022f730,0x0022F730,0x0022F8CC,412
FUN_0022f8d0,0x0022F8D0,0x0022FD1C,1100
FUN_0022fd20,0x0022FD20,0x0022FDD4,180
FUN_0022fde0,0x0022FDE0,0x0022FE70,144
FUN_0022fe70,0x0022FE70,0x0022FEB0,64
FUN_0022feb0,0x0022FEB0,0x0022FEF0,64
FUN_0022fef0,0x0022FEF0,0x0022FF34,68
FUN_0022ff40,0x0022FF40,0x0022FF8C,76
FUN_0022ff90,0x0022FF90,0x0023004C,188
FUN_00230050,0x00230050,0x00230200,432
FUN_00230200,0x00230200,0x00230B90,2448
FUN_00230b90,0x00230B90,0x00230BC8,56
FUN_00230bd0,0x00230BD0,0x002313CC,2044
FUN_002313d0,0x002313D0,0x00231404,52
FUN_00231410,0x00231410,0x00231730,800
FUN_00231730,0x00231730,0x00231804,212
FUN_00231810,0x00231810,0x002318B4,164
FUN_002318c0,0x002318C0,0x00232038,1912
FUN_00232040,0x00232040,0x00232110,208
FUN_00232110,0x00232110,0x002324B4,932
FUN_002324c0,0x002324C0,0x00232550,144
FUN_00232550,0x00232550,0x00232588,56
FUN_00232590,0x00232590,0x00232604,116
FUN_00232604,0x00232604,0x00232630,44
FUN_00232630,0x00232630,0x002327AC,380
FUN_002327ac,0x002327AC,0x002327DC,48
FUN_002327e0,0x002327E0,0x00232924,324
FUN_00232930,0x00232930,0x00232A94,356
FUN_00232aa0,0x00232AA0,0x00232C58,440
FUN_00232c60,0x00232C60,0x00232D6C,268
FUN_00232d70,0x00232D70,0x00232DEC,124
FUN_00232df0,0x00232DF0,0x00232EA0,176
FUN_00232ea0,0x00232EA0,0x00232ED0,48
FUN_00232ed0,0x00232ED0,0x0023313C,620
FUN_00233140,0x00233140,0x002334B0,880
FUN_002334b0,0x002334B0,0x00233550,160
FUN_00233550,0x00233550,0x00233668,280
FUN_00233670,0x00233670,0x0023369C,44
FUN_002336a0,0x002336A0,0x002336E0,64
FUN_002336e0,0x002336E0,0x0023387C,412
FUN_00233880,0x00233880,0x002339EC,364
FUN_002339f0,0x002339F0,0x00233B50,352
FUN_00233b50,0x00233B50,0x00233D4C,508
FUN_00233d50,0x00233D50,0x00234110,960
FUN_00234110,0x00234110,0x00234174,100
FUN_00234180,0x00234180,0x00234274,244
FUN_00234280,0x00234280,0x002343F8,376
FUN_00234400,0x00234400,0x00234484,132
FUN_00234490,0x00234490,0x002346E4,596
FUN_002346f0,0x002346F0,0x0023490C,540
FUN_00234910,0x00234910,0x00234E14,1284
FUN_00234e20,0x00234E20,0x00234F38,280
FUN_00234f40,0x00234F40,0x00234FBC,124
FUN_00234fc0,0x00234FC0,0x0023515C,412
FUN_00235160,0x00235160,0x0023516C,12
FUN_00235170,0x00235170,0x002351A4,52
FUN_002351b0,0x002351B0,0x00235228,120
FUN_00235230,0x00235230,0x0023530C,220
FUN_00235310,0x00235310,0x00235334,36
FUN_00235340,0x00235340,0x00235380,64
FUN_00235380,0x00235380,0x0023539C,28
FUN_002353a0,0x002353A0,0x002353B8,24
FUN_002353c0,0x002353C0,0x0023567C,700
FUN_00235680,0x00235680,0x00235D78,1784
FUN_00235d80,0x00235D80,0x00235DC8,72
FUN_00235dd0,0x00235DD0,0x00235F60,400
FUN_00235f60,0x00235F60,0x0023601C,188
FUN_00236020,0x00236020,0x00236168,328
FUN_00236170,0x00236170,0x002362C4,340
FUN_002362d0,0x002362D0,0x002362EC,28
FUN_002362f0,0x002362F0,0x00236358,104
FUN_00236360,0x00236360,0x002363C8,104
FUN_002363d0,0x002363D0,0x00236490,192
FUN_00236490,0x00236490,0x00236550,192
FUN_00236550,0x00236550,0x002365C0,112
FUN_002365c0,0x002365C0,0x00236678,184
FUN_00236680,0x00236680,0x00236A10,912
FUN_00236a10,0x00236A10,0x00236B5C,332
FUN_00236b60,0x00236B60,0x00236B68,8
FUN_00236b70,0x00236B70,0x00236B84,20
FUN_00236b90,0x00236B90,0x00236BA4,20
FUN_00236bb0,0x00236BB0,0x00236D88,472
FUN_00236d90,0x00236D90,0x00236EA8,280
FUN_00236ea8,0x00236EA8,0x00236ED0,40
gap_00236ed0,0x00236ED0,0x002371C8,760
FUN_002371d0,0x002371D0,0x00237624,1108
FUN_00237630,0x00237630,0x00237B98,1384
FUN_00237ba0,0x00237BA0,0x00237CE0,320
thunk_FUN_00237cf0,0x00237CE0,0x00237CE8,8
FUN_00237cf0,0x00237CF0,0x00237D7C,140
FUN_00237d80,0x00237D80,0x00237DB0,48
FUN_00237db0,0x00237DB0,0x00237EE4,308
FUN_00237ef0,0x00237EF0,0x00237F0C,28
FUN_00237f10,0x00237F10,0x00237F30,32
FUN_00237f30,0x00237F30,0x00237F94,100
FUN_00237fa0,0x00237FA0,0x00238018,120
FUN_00238020,0x00238020,0x00238070,80
FUN_00238070,0x00238070,0x00238120,176
FUN_00238120,0x00238120,0x0023818C,108
FUN_00238190,0x00238190,0x002381E0,80
FUN_002381e0,0x002381E0,0x00238228,72
FUN_00238230,0x00238230,0x0023832C,252
FUN_00238330,0x00238330,0x0023840C,220
FUN_00238410,0x00238410,0x00238524,276
FUN_00238530,0x00238530,0x0023891C,1004
FUN_00238920,0x00238920,0x002389D8,184
FUN_002389e0,0x002389E0,0x00238A98,184
FUN_00238aa0,0x00238AA0,0x00238B60,192
FUN_00238b60,0x00238B60,0x00238B68,8
FUN_00238b70,0x00238B70,0x00238C70,256
FUN_00238c70,0x00238C70,0x00238D74,260
FUN_00238d80,0x00238D80,0x00238F20,416
FUN_00238f20,0x00238F20,0x002390C0,416
FUN_002390c0,0x002390C0,0x002392C4,516
FUN_002392d0,0x002392D0,0x002392D8,8
FUN_002392e0,0x002392E0,0x002392E8,8
FUN_002392f0,0x002392F0,0x002392F8,8
FUN_00239300,0x00239300,0x00239308,8
FUN_00239310,0x00239310,0x00239318,8
FUN_00239320,0x00239320,0x00239328,8
FUN_00239330,0x00239330,0x00239338,8
FUN_00239340,0x00239340,0x00239348,8
FUN_00239350,0x00239350,0x00239374,36
FUN_00239380,0x00239380,0x00239388,8
FUN_00239390,0x00239390,0x00239398,8
FUN_002393a0,0x002393A0,0x002393A8,8
FUN_002393b0,0x002393B0,0x002393D4,36
FUN_002393e0,0x002393E0,0x002394E4,260
FUN_002394f0,0x002394F0,0x0023951C,44
FUN_00239520,0x00239520,0x002395A4,132
FUN_002395b0,0x002395B0,0x00239734,388
FUN_00239740,0x00239740,0x00239790,80
FUN_00239790,0x00239790,0x002397E0,80
FUN_002397e0,0x002397E0,0x00239830,80
FUN_00239830,0x00239830,0x0023994C,284
FUN_00239950,0x00239950,0x002399C4,116
FUN_002399d0,0x002399D0,0x00239B28,344
FUN_00239b30,0x00239B30,0x0023A098,1384
FUN_0023a0a0,0x0023A0A0,0x0023A1BC,284
FUN_0023a1c0,0x0023A1C0,0x0023A344,388
FUN_0023a350,0x0023A350,0x0023A470,288
FUN_0023a470,0x0023A470,0x0023A570,256
FUN_0023a570,0x0023A570,0x0023A684,276
FUN_0023a690,0x0023A690,0x0023A758,200
FUN_0023a760,0x0023A760,0x0023A8BC,348
FUN_0023a8c0,0x0023A8C0,0x0023A9D0,272
FUN_0023a9d0,0x0023A9D0,0x0023AAC0,240
FUN_0023aac0,0x0023AAC0,0x0023ABB0,240
FUN_0023abb0,0x0023ABB0,0x0023AD10,352
FUN_0023ad10,0x0023AD10,0x0023AE4C,316
FUN_0023ae50,0x0023AE50,0x0023AF8C,316
FUN_0023af90,0x0023AF90,0x0023B060,208
FUN_0023b060,0x0023B060,0x0023B130,208
FUN_0023b130,0x0023B130,0x0023B250,288
FUN_0023b250,0x0023B250,0x0023B370,288
FUN_0023b370,0x0023B370,0x0023B378,8
FUN_0023b380,0x0023B380,0x0023B494,276
FUN_0023b4a0,0x0023B4A0,0x0023B6D0,560
FUN_0023b6d0,0x0023B6D0,0x0023B7DC,268
FUN_0023b7e0,0x0023B7E0,0x0023B918,312
FUN_0023b920,0x0023B920,0x0023BA90,368
FUN_0023ba90,0x0023BA90,0x0023BD00,624
FUN_0023bd00,0x0023BD00,0x0023BE4C,332
FUN_0023be50,0x0023BE50,0x0023C088,568
FUN_0023c090,0x0023C090,0x0023C184,244
FUN_0023c190,0x0023C190,0x0023C2CC,316
FUN_0023c2d0,0x0023C2D0,0x0023C384,180
FUN_0023c390,0x0023C390,0x0023C480,240
FUN_0023c480,0x0023C480,0x0023C514,148
FUN_0023c520,0x0023C520,0x0023C5F0,208
FUN_0023c5f0,0x0023C5F0,0x0023C6C4,212
FUN_0023c6d0,0x0023C6D0,0x0023C7F0,288
FUN_0023c7f0,0x0023C7F0,0x0023C8E0,240
FUN_0023c8e0,0x0023C8E0,0x0023CA1C,316
FUN_0023ca20,0x0023CA20,0x0023CAB4,148
FUN_0023cac0,0x0023CAC0,0x0023CB9C,220
FUN_0023cba0,0x0023CBA0,0x0023CD40,416
FUN_0023cd40,0x0023CD40,0x0023CE1C,220
FUN_0023ce20,0x0023CE20,0x0023CE48,40
FUN_0023ce50,0x0023CE50,0x0023CEA8,88
FUN_0023ceb0,0x0023CEB0,0x0023D04C,412
FUN_0023d050,0x0023D050,0x0023D058,8
FUN_0023d060,0x0023D060,0x0023D0CC,108
FUN_0023d0d0,0x0023D0D0,0x0023D0D8,8
FUN_0023d0e0,0x0023D0E0,0x0023D1C0,224
FUN_0023d1c0,0x0023D1C0,0x0023D1C8,8
FUN_0023d1d0,0x0023D1D0,0x0023D2BC,236
FUN_0023d2c0,0x0023D2C0,0x0023D3E8,296
FUN_0023d3f0,0x0023D3F0,0x0023D4DC,236
FUN_0023d4e0,0x0023D4E0,0x0023D5EC,268
FUN_0023d5f0,0x0023D5F0,0x0023D6AC,188
FUN_0023d6b0,0x0023D6B0,0x0023D76C,188
FUN_0023d770,0x0023D770,0x0023D82C,188
FUN_0023d830,0x0023D830,0x0023D84C,28
FUN_0023d850,0x0023D850,0x0023D900,176
FUN_0023d900,0x0023D900,0x0023D9EC,236
FUN_0023d9f0,0x0023D9F0,0x0023DAA0,176
FUN_0023daa0,0x0023DAA0,0x0023DC68,456
FUN_0023dc70,0x0023DC70,0x0023DD90,288
FUN_0023dd90,0x0023DD90,0x0023DDF8,104
FUN_0023de00,0x0023DE00,0x0023DE48,72
FUN_0023de50,0x0023DE50,0x0023DF28,216
FUN_0023df30,0x0023DF30,0x0023DFBC,140
FUN_0023dfc0,0x0023DFC0,0x0023E050,144
FUN_0023e050,0x0023E050,0x0023E0DC,140
FUN_0023e0e0,0x0023E0E0,0x0023E26C,396
FUN_0023e270,0x0023E270,0x0023E2FC,140
FUN_0023e300,0x0023E300,0x0023E390,144
FUN_0023e390,0x0023E390,0x0023E3E8,88
FUN_0023e3f0,0x0023E3F0,0x0023E510,288
FUN_0023e510,0x0023E510,0x0023E5BC,172
FUN_0023e5c0,0x0023E5C0,0x0023E658,152
FUN_0023e660,0x0023E660,0x0023E69C,60
FUN_0023e6a0,0x0023E6A0,0x0023E6DC,60
FUN_0023e6e0,0x0023E6E0,0x0023E75C,124
FUN_0023e760,0x0023E760,0x0023E7DC,124
FUN_0023e7e0,0x0023E7E0,0x0023E86C,140
FUN_0023e870,0x0023E870,0x0023E8EC,124
FUN_0023e8f0,0x0023E8F0,0x0023E95C,108
FUN_0023e960,0x0023E960,0x0023EAD8,376
FUN_0023eae0,0x0023EAE0,0x0023ECE8,520
FUN_0023ecf0,0x0023ECF0,0x0023EE00,272
FUN_0023ee00,0x0023EE00,0x0023EE5C,92
FUN_0023ee60,0x0023EE60,0x0023EF04,164
FUN_0023ef10,0x0023EF10,0x0023EF98,136
FUN_0023efa0,0x0023EFA0,0x0023EFF8,88
FUN_0023f000,0x0023F000,0x0023F114,276
FUN_0023f120,0x0023F120,0x0023F1D0,176
FUN_0023f1d0,0x0023F1D0,0x0023F2A4,212
FUN_0023f2b0,0x0023F2B0,0x0023F34C,156
FUN_0023f350,0x0023F350,0x0023F424,212
FUN_0023f430,0x0023F430,0x0023F504,212
FUN_0023f510,0x0023F510,0x0023F5C4,180
FUN_0023f5d0,0x0023F5D0,0x0023F6B0,224
gap_0023f6b0,0x0023F6B0,0x0023F714,100
FUN_0023f720,0x0023F720,0x0023F7C0,160
FUN_0023f7c0,0x0023F7C0,0x0023F860,160
FUN_0023f860,0x0023F860,0x0023F8DC,124
FUN_0023f8e0,0x0023F8E0,0x0023F95C,124
FUN_0023f960,0x0023F960,0x0024048C,2860
FUN_00240490,0x00240490,0x002407A4,788
FUN_002407b0,0x002407B0,0x002408E8,312
FUN_002408f0,0x002408F0,0x00240964,116
FUN_00240970,0x00240970,0x00240A60,240
FUN_00240a60,0x00240A60,0x00240F78,1304
FUN_00240f80,0x00240F80,0x00241734,1972
FUN_00241740,0x00241740,0x002418F4,436
FUN_00241900,0x00241900,0x002419D4,212
FUN_002419e0,0x002419E0,0x00241BD4,500
FUN_00241be0,0x00241BE0,0x00241BF4,20
FUN_00241c00,0x00241C00,0x00241D18,280
FUN_00241d20,0x00241D20,0x00241ECC,428
FUN_00241ed0,0x00241ED0,0x00241F30,96
FUN_00241f30,0x00241F30,0x00241F78,72
FUN_00241f80,0x00241F80,0x002421BC,572
FUN_002421c0,0x002421C0,0x0024226C,172
FUN_00242270,0x00242270,0x002424E0,624
FUN_002424e0,0x002424E0,0x002425E4,260
FUN_002425f0,0x002425F0,0x0024268C,156
FUN_00242690,0x00242690,0x002427D8,328
FUN_002427e0,0x002427E0,0x002429C0,480
FUN_002429c0,0x002429C0,0x00242F30,1392
FUN_00242f30,0x00242F30,0x00243078,328
FUN_00243080,0x00243080,0x00243210,400
FUN_00243210,0x00243210,0x002433A0,400
FUN_002433a0,0x002433A0,0x002436B8,792
FUN_002436c0,0x002436C0,0x002437F8,312
FUN_00243800,0x00243800,0x00244270,2672
FUN_00244270,0x00244270,0x00245FE0,7536
FUN_00244b9c,0x00244B9C,0x00245FE0,5188
FUN_00245fe0,0x00245FE0,0x00246000,32
FUN_00246000,0x00246000,0x00246144,324
FUN_00246144,0x00246144,0x002465D0,1164
gap_002465d0,0x002465D0,0x002465DC,12
FUN_002465e0,0x002465E0,0x002467CC,492
FUN_002467cc,0x002467CC,0x00247008,2108
FUN_00247008,0x00247008,0x0024702C,36
FUN_00247030,0x00247030,0x002478C0,2192
FUN_002478c0,0x002478C0,0x00247D44,1156
FUN_00247d44,0x00247D44,0x00248384,1600
FUN_00248384,0x00248384,0x00248490,268
FUN_00248490,0x00248490,0x0024850C,124
FUN_0024850c,0x0024850C,0x00248524,24
FUN_00248524,0x00248524,0x00248878,852
FUN_00248878,0x00248878,0x002488A8,48
FUN_002488b0,0x002488B0,0x00248A54,420
FUN_00248a60,0x00248A60,0x00248B54,244
FUN_00248b60,0x00248B60,0x00248D1C,444
FUN_00248d20,0x00248D20,0x00248F64,580
FUN_00248f70,0x00248F70,0x00249670,1792
FUN_00249670,0x00249670,0x00249970,768
FUN_00249970,0x00249970,0x00249CC4,852
FUN_00249cd0,0x00249CD0,0x0024A20C,1340
FUN_0024a210,0x0024A210,0x0024A55C,844
FUN_0024a560,0x0024A560,0x0024A6C8,360
FUN_0024a6d0,0x0024A6D0,0x0024A8B0,480
FUN_0024a8b0,0x0024A8B0,0x0024A8F0,64
FUN_0024a8f0,0x0024A8F0,0x0024A92C,60
FUN_0024a930,0x0024A930,0x0024A95C,44
FUN_0024a960,0x0024A960,0x0024A9BC,92
FUN_0024a9c0,0x0024A9C0,0x0024A9D4,20
FUN_0024a9e0,0x0024A9E0,0x0024AAA8,200
FUN_0024aab0,0x0024AAB0,0x0024AB04,84
FUN_0024ab10,0x0024AB10,0x0024AB80,112
FUN_0024ab80,0x0024AB80,0x0024ABD4,84
FUN_0024abe0,0x0024ABE0,0x0024AC4C,108
FUN_0024ac50,0x0024AC50,0x0024AC84,52
FUN_0024ac90,0x0024AC90,0x0024B0D0,1088
FUN_0024b0d0,0x0024B0D0,0x0024B100,48
FUN_0024b100,0x0024B100,0x0024B350,592
FUN_0024b350,0x0024B350,0x0024B454,260
FUN_0024b460,0x0024B460,0x0024B4AC,76
FUN_0024b4b0,0x0024B4B0,0x0024B5F0,320
FUN_0024b5f0,0x0024B5F0,0x0024B738,328
FUN_0024b740,0x0024B740,0x0024B804,196
FUN_0024b810,0x0024B810,0x0024B87C,108
FUN_0024b880,0x0024B880,0x0024B8EC,108
FUN_0024b8f0,0x0024B8F0,0x0024B95C,108
FUN_0024b960,0x0024B960,0x0024B9D0,112
FUN_0024b9d0,0x0024B9D0,0x0024BA3C,108
FUN_0024ba40,0x0024BA40,0x0024BAAC,108
FUN_0024bab0,0x0024BAB0,0x0024BB1C,108
FUN_0024bb20,0x0024BB20,0x0024BBA0,128
FUN_0024bba0,0x0024BBA0,0x0024BC50,176
FUN_0024bc50,0x0024BC50,0x0024BE1C,460
FUN_0024be20,0x0024BE20,0x0024BFEC,460
FUN_0024bff0,0x0024BFF0,0x0024C078,136
FUN_0024c080,0x0024C080,0x0024C120,160
FUN_0024c120,0x0024C120,0x0024C128,8
FUN_0024c130,0x0024C130,0x0024C1D0,160
FUN_0024c1d0,0x0024C1D0,0x0024C2BC,236
FUN_0024c2c0,0x0024C2C0,0x0024C4C0,512
FUN_0024c4c0,0x0024C4C0,0x0024C6DC,540
FUN_0024c6e0,0x0024C6E0,0x0024C77C,156
FUN_0024c780,0x0024C780,0x0024C84C,204
FUN_0024c850,0x0024C850,0x0024C908,184
FUN_0024c910,0x0024C910,0x0024C97C,108
FUN_0024c980,0x0024C980,0x0024C9EC,108
FUN_0024c9f0,0x0024C9F0,0x0024CA5C,108
FUN_0024ca60,0x0024CA60,0x0024CB08,168
FUN_0024cb10,0x0024CB10,0x0024CB68,88
FUN_0024cb70,0x0024CB70,0x0024CBC8,88
FUN_0024cbd0,0x0024CBD0,0x0024CC9C,204
FUN_0024cca0,0x0024CCA0,0x0024CCB8,24
FUN_0024ccc0,0x0024CCC0,0x0024CD10,80
FUN_0024cd10,0x0024CD10,0x0024CD18,8
FUN_0024cd20,0x0024CD20,0x0024CE50,304
FUN_0024ce50,0x0024CE50,0x0024CF6C,284
gap_0024cf70,0x0024CF70,0x0024CF94,36
gap_0024cfa0,0x0024CFA0,0x0024CFFC,92
FUN_0024d000,0x0024D000,0x0024D05C,92
FUN_0024d060,0x0024D060,0x0024D0D8,120
FUN_0024d0e0,0x0024D0E0,0x0024D124,68
FUN_0024d130,0x0024D130,0x0024D234,260
FUN_0024d240,0x0024D240,0x0024D2D4,148
gap_0024d2e0,0x0024D2E0,0x0024D300,32
gap_0024d300,0x0024D300,0x0024D320,32
gap_0024d320,0x0024D320,0x0024D340,32
gap_0024d340,0x0024D340,0x0024D3AC,108
FUN_0024d3b0,0x0024D3B0,0x0024D3F0,64
gap_0024d3f0,0x0024D3F0,0x0024D3FC,12
gap_0024d400,0x0024D400,0x0024D40C,12
gap_0024d410,0x0024D410,0x0024D41C,12
gap_0024d420,0x0024D420,0x0024D42C,12
gap_0024d430,0x0024D430,0x0024D43C,12
gap_0024d440,0x0024D440,0x0024D44C,12
gap_0024d450,0x0024D450,0x0024D464,20
gap_0024d470,0x0024D470,0x0024D47C,12
gap_0024d480,0x0024D480,0x0024D494,20
gap_0024d4a0,0x0024D4A0,0x0024D4B4,20
gap_0024d4c0,0x0024D4C0,0x0024D4D4,20
gap_0024d4e0,0x0024D4E0,0x0024D4F0,16
gap_0024d4f0,0x0024D4F0,0x0024D504,20
gap_0024d510,0x0024D510,0x0024D520,16
gap_0024d520,0x0024D520,0x0024D538,24
gap_0024d540,0x0024D540,0x0024D54C,12
gap_0024d550,0x0024D550,0x0024D560,16
gap_0024d560,0x0024D560,0x0024D578,24
gap_0024d580,0x0024D580,0x0024D598,24
gap_0024d5a0,0x0024D5A0,0x0024D5B4,20
gap_0024d5c0,0x0024D5C0,0x0024D5D4,20
gap_0024d5e0,0x0024D5E0,0x0024D600,32
gap_0024d600,0x0024D600,0x0024D60C,12
gap_0024d610,0x0024D610,0x0024D628,24
gap_0024d630,0x0024D630,0x0024D63C,12
gap_0024d640,0x0024D640,0x0024D64C,12
gap_0024d650,0x0024D650,0x0024D708,184
FUN_0024d710,0x0024D710,0x0024D7FC,236
FUN_0024d800,0x0024D800,0x0024D994,404
FUN_0024d9a0,0x0024D9A0,0x0024DA14,116
FUN_0024da20,0x0024DA20,0x0024DA2C,12
FUN_0024da30,0x0024DA30,0x0024DA58,40
FUN_0024da60,0x0024DA60,0x0024DA6C,12
FUN_0024da70,0x0024DA70,0x0024DC54,484
FUN_0024dc60,0x0024DC60,0x0024DD1C,188
FUN_0024dd20,0x0024DD20,0x0024DD80,96
FUN_0024dd80,0x0024DD80,0x0024DE04,132
FUN_0024de10,0x0024DE10,0x0024DE6C,92
FUN_0024de70,0x0024DE70,0x0024DF00,144
FUN_0024df00,0x0024DF00,0x0024E020,288
FUN_0024e020,0x0024E020,0x0024E058,56
FUN_0024e060,0x0024E060,0x0024E10C,172
FUN_0024e110,0x0024E110,0x0024E25C,332
FUN_0024e260,0x0024E260,0x0024E3E4,388
FUN_0024e3f0,0x0024E3F0,0x0024E510,288
FUN_0024e510,0x0024E510,0x0024E5EC,220
FUN_0024e5f0,0x0024E5F0,0x0024E604,20
FUN_0024e610,0x0024E610,0x0024E6E0,208
FUN_0024e6e0,0x0024E6E0,0x0024E894,436
FUN_0024e8a0,0x0024E8A0,0x0024E984,228
FUN_0024e990,0x0024E990,0x0024EEEC,1372
FUN_0024eb38,0x0024EB38,0x0024EEEC,948
FUN_0024eec4,0x0024EEC4,0x0024EEDC,24
FUN_0024eeec,0x0024EEEC,0x0024EFE8,252
FUN_0024efe8,0x0024EFE8,0x0024F018,48
FUN_0024f020,0x0024F020,0x0024F3E8,968
FUN_0024f3f0,0x0024F3F0,0x0024F560,368
FUN_0024f560,0x0024F560,0x0024F5E0,128
FUN_0024f5e0,0x0024F5E0,0x0024F61C,60
FUN_0024f620,0x0024F620,0x0024F9E4,964
FUN_0024f9f0,0x0024F9F0,0x0024FB6C,380
FUN_0024fb70,0x0024FB70,0x0024FBD0,96
FUN_0024fbd0,0x0024FBD0,0x0024FC3C,108
FUN_0024fc40,0x0024FC40,0x0024FCE8,168
FUN_0024fcf0,0x0024FCF0,0x0024FE18,296
FUN_0024fe20,0x0024FE20,0x0024FEA4,132
FUN_0024feb0,0x0024FEB0,0x002500A0,496
FUN_002500a0,0x002500A0,0x002500C4,36
FUN_002500d0,0x002500D0,0x00250138,104
FUN_00250140,0x00250140,0x002501A4,100
FUN_002501b0,0x002501B0,0x00250220,112
FUN_00250220,0x00250220,0x002503F0,464
FUN_002503f0,0x002503F0,0x00250570,384
FUN_00250570,0x00250570,0x00250654,228
FUN_00250660,0x00250660,0x0025079C,316
FUN_002507a0,0x002507A0,0x002507F4,84
FUN_00250800,0x00250800,0x00250854,84
FUN_00250860,0x00250860,0x0025097C,284
FUN_00250980,0x00250980,0x002509C0,64
FUN_002509c0,0x002509C0,0x00250A00,64
FUN_00250a00,0x00250A00,0x00250A5C,92
FUN_00250a60,0x00250A60,0x00250B1C,188
FUN_00250b20,0x00250B20,0x00250B48,40
FUN_00250b50,0x00250B50,0x00250B78,40
FUN_00250b80,0x00250B80,0x00250CB4,308
FUN_00250cb4,0x00250CB4,0x00250CE0,44
FUN_00250ce0,0x00250CE0,0x00250E24,324
FUN_00250e30,0x00250E30,0x00250E68,56
FUN_00250e70,0x00250E70,0x00250ED4,100
FUN_00250ee0,0x00250EE0,0x00250EF8,24
FUN_00250f00,0x00250F00,0x00250F64,100
FUN_00250f68,0x00250F68,0x00250F70,8
FUN_00250f70,0x00250F70,0x00250FF4,132
FUN_00250ff8,0x00250FF8,0x00251000,8
FUN_00251000,0x00251000,0x00251020,32
FUN_00251020,0x00251020,0x002510DC,188
FUN_002510e0,0x002510E0,0x00251190,176
FUN_00251190,0x00251190,0x00251264,212
FUN_00251268,0x00251268,0x00251310,168
FUN_00251310,0x00251310,0x002513D0,192
FUN_002513d0,0x002513D0,0x00251484,180
FUN_00251488,0x00251488,0x00251538,176
FUN_00251538,0x00251538,0x002515D4,156
FUN_002515d8,0x002515D8,0x0025168C,180
FUN_00251690,0x00251690,0x0025172C,156
FUN_00251730,0x00251730,0x002517E0,176
FUN_002517e0,0x002517E0,0x00251888,168
FUN_00251888,0x00251888,0x00251984,252
FUN_00251988,0x00251988,0x00251A3C,180
FUN_00251a40,0x00251A40,0x00251B5C,284
FUN_00251b60,0x00251B60,0x00251C2C,204
FUN_00251c30,0x00251C30,0x00251D24,244
FUN_00251d30,0x00251D30,0x00251D94,100
FUN_00251da0,0x00251DA0,0x00251E60,192
FUN_00251e60,0x00251E60,0x00251EAC,76
FUN_00251eb0,0x00251EB0,0x00252010,352
FUN_00252010,0x00252010,0x00252090,128
FUN_00252090,0x00252090,0x002520A8,24
FUN_002520b0,0x002520B0,0x00252178,200
FUN_00252180,0x00252180,0x002521A8,40
FUN_002521b0,0x002521B0,0x00252320,368
FUN_00252320,0x00252320,0x00252518,504
FUN_00252520,0x00252520,0x0025259C,124
FUN_002525a0,0x002525A0,0x00252694,244
FUN_002526a0,0x002526A0,0x00252B2C,1164
FUN_00252b30,0x00252B30,0x00252B44,20
FUN_00252b50,0x00252B50,0x00252B84,52
FUN_00252b90,0x00252B90,0x00252CB8,296
FUN_00252cc0,0x00252CC0,0x00252EE4,548
FUN_00252ef0,0x00252EF0,0x00252FD0,224
FUN_00252fd0,0x00252FD0,0x00253190,448
FUN_00253190,0x00253190,0x002531DC,76
FUN_002531e0,0x002531E0,0x00253350,368
FUN_00253350,0x00253350,0x00253634,740
FUN_00253640,0x00253640,0x00253698,88
FUN_002536a0,0x002536A0,0x00253744,164
FUN_00253750,0x00253750,0x002539E8,664
FUN_002539f0,0x002539F0,0x00253A44,84
FUN_00253a50,0x00253A50,0x00253B30,224
FUN_00253b30,0x00253B30,0x00253B5C,44
FUN_00253b60,0x00253B60,0x00253BF8,152
FUN_00253c00,0x00253C00,0x00253E58,600
FUN_00253e60,0x00253E60,0x00253ED8,120
FUN_00253ee0,0x00253EE0,0x00253F3C,92
FUN_00253f40,0x00253F40,0x002540FC,444
FUN_00254100,0x00254100,0x0025448C,908
FUN_00254490,0x00254490,0x002546A4,532
FUN_002546b0,0x002546B0,0x00254A40,912
FUN_00254a40,0x00254A40,0x00254A54,20
FUN_00254a60,0x00254A60,0x00254A68,8
FUN_00254a70,0x00254A70,0x00254AB8,72
FUN_00254ac0,0x00254AC0,0x00254B48,136
FUN_00254b50,0x00254B50,0x00254EA4,852
FUN_00254eb0,0x00254EB0,0x00254EB8,8
FUN_00254ec0,0x00254EC0,0x00254ED4,20
FUN_00254ee0,0x00254EE0,0x00254FE0,256
FUN_00254fe0,0x00254FE0,0x002550A0,192
FUN_002550a0,0x002550A0,0x002551C4,292
FUN_002551d0,0x002551D0,0x002551E0,16
FUN_002551e0,0x002551E0,0x00255234,84
FUN_00255240,0x00255240,0x0025534C,268
FUN_00255350,0x00255350,0x002553D8,136
FUN_002553e0,0x002553E0,0x002554D8,248
FUN_002554e0,0x002554E0,0x002555DC,252
FUN_002555e0,0x002555E0,0x0025564C,108
FUN_00255650,0x00255650,0x002556C0,112
FUN_002556c0,0x002556C0,0x0025576C,172
FUN_00255770,0x00255770,0x002557EC,124
FUN_002557f0,0x002557F0,0x00255824,52
FUN_00255830,0x00255830,0x002558A0,112
FUN_002558a0,0x002558A0,0x00255964,196
FUN_00255970,0x00255970,0x00255A04,148
FUN_00255a10,0x00255A10,0x00255A1C,12
FUN_00255a20,0x00255A20,0x00255ADC,188
FUN_00255ae0,0x00255AE0,0x00255B60,128
FUN_00255b60,0x00255B60,0x00255B68,8
FUN_00255b70,0x00255B70,0x00255DEC,636
gap_00255df0,0x00255DF0,0x00255E14,36
gap_00255e20,0x00255E20,0x00255E44,36
FUN_00255e50,0x00255E50,0x00255F0C,188
FUN_00255f10,0x00255F10,0x00255F9C,140
FUN_00255fa0,0x00255FA0,0x00255FE0,64
FUN_00255fe0,0x00255FE0,0x00256048,104
FUN_00256050,0x00256050,0x00256090,64
FUN_00256090,0x00256090,0x002560D0,64
FUN_002560d0,0x002560D0,0x0025610C,60
FUN_00256110,0x00256110,0x002561E8,216
FUN_002561f0,0x002561F0,0x00256238,72
FUN_00256240,0x00256240,0x002562B4,116
FUN_002562c0,0x002562C0,0x0025635C,156
FUN_00256360,0x00256360,0x00256464,260
FUN_00256470,0x00256470,0x00256530,192
FUN_00256530,0x00256530,0x002565AC,124
FUN_002565b0,0x002565B0,0x002567A0,496
FUN_002567a0,0x002567A0,0x0025680C,108
FUN_00256810,0x00256810,0x002568D8,200
FUN_002568e0,0x002568E0,0x002569D8,248
FUN_002569e0,0x002569E0,0x00256AA0,192
FUN_00256aa0,0x00256AA0,0x00256BF4,340
FUN_00256c00,0x00256C00,0x00256C14,20
FUN_00256c20,0x00256C20,0x00256C90,112
FUN_00256c90,0x00256C90,0x00256DF8,360
FUN_00256e00,0x00256E00,0x00256ECC,204
FUN_00256ed0,0x00256ED0,0x00256FB0,224
FUN_00256fb0,0x00256FB0,0x00257214,612
FUN_00257220,0x00257220,0x0025724C,44
FUN_00257250,0x00257250,0x00257368,280
FUN_00257370,0x00257370,0x00257484,276
FUN_00257490,0x00257490,0x0025769C,524
FUN_002576a0,0x002576A0,0x00257858,440
FUN_00257860,0x00257860,0x002578F4,148
FUN_00257900,0x00257900,0x00257908,8
FUN_00257910,0x00257910,0x00257BA4,660
FUN_00257bb0,0x00257BB0,0x00257BB8,8
FUN_00257bc0,0x00257BC0,0x00257CDC,284
FUN_00257ce0,0x00257CE0,0x00257D30,80
FUN_00257d30,0x00257D30,0x00257D64,52
FUN_00257d70,0x00257D70,0x00257DC4,84
FUN_00257dd0,0x00257DD0,0x00257F3C,364
FUN_00257f40,0x00257F40,0x00257FBC,124
FUN_00257fc0,0x00257FC0,0x00258038,120
FUN_00258040,0x00258040,0x0025829C,604
FUN_002582a0,0x002582A0,0x00258484,484
FUN_00258490,0x00258490,0x00258790,768
FUN_00258790,0x00258790,0x00258898,264
FUN_002588a0,0x002588A0,0x00258904,100
FUN_00258910,0x00258910,0x00258984,116
FUN_00258990,0x00258990,0x00258A1C,140
FUN_00258a20,0x00258A20,0x00258A6C,76
FUN_00258a70,0x00258A70,0x00258AC4,84
FUN_00258ad0,0x00258AD0,0x00258B20,80
FUN_00258b20,0x00258B20,0x00258B68,72
FUN_00258b70,0x00258B70,0x00258BC0,80
FUN_00258bc0,0x00258BC0,0x00258BF8,56
FUN_00258c00,0x00258C00,0x00258C8C,140
FUN_00258c90,0x00258C90,0x00258CD0,64
FUN_00258cd0,0x00258CD0,0x00258D64,148
FUN_00258d70,0x00258D70,0x00258F58,488
FUN_00258f60,0x00258F60,0x002592B4,852
FUN_002592c0,0x002592C0,0x00259360,160
FUN_00259360,0x00259360,0x00259454,244
FUN_00259460,0x00259460,0x002594C8,104
FUN_002594d0,0x002594D0,0x002595CC,252
FUN_002595d0,0x002595D0,0x0025978C,444
FUN_00259790,0x00259790,0x00259810,128
FUN_00259810,0x00259810,0x002598F0,224
FUN_002598f0,0x002598F0,0x002599CC,220
FUN_002599d0,0x002599D0,0x00259AF4,292
FUN_00259b00,0x00259B00,0x00259C24,292
FUN_00259c30,0x00259C30,0x00259D54,292
FUN_00259d60,0x00259D60,0x00259DF0,144
FUN_00259df0,0x00259DF0,0x00259E80,144
FUN_00259e80,0x00259E80,0x00259FA4,292
FUN_00259fb0,0x00259FB0,0x0025A110,352
FUN_0025a110,0x0025A110,0x0025A1A4,148
FUN_0025a1b0,0x0025A1B0,0x0025A244,148
FUN_0025a250,0x0025A250,0x0025A36C,284
FUN_0025a370,0x0025A370,0x0025A514,420
FUN_0025a520,0x0025A520,0x0025A65C,316
FUN_0025a660,0x0025A660,0x0025A714,180
FUN_0025a720,0x0025A720,0x0025A840,288
FUN_0025a840,0x0025A840,0x0025A944,260
FUN_0025a950,0x0025A950,0x0025A95C,12
FUN_0025a960,0x0025A960,0x0025A9B0,80
FUN_0025a9b0,0x0025A9B0,0x0025AA18,104
FUN_0025aa20,0x0025AA20,0x0025AA28,8
FUN_0025aa30,0x0025AA30,0x0025ADC4,916
FUN_0025add0,0x0025ADD0,0x0025B0DC,780
FUN_0025b0e0,0x0025B0E0,0x0025B220,320
FUN_0025b220,0x0025B220,0x0025B63C,1052
FUN_0025b640,0x0025B640,0x0025B854,532
FUN_0025b860,0x0025B860,0x0025B9D4,372
FUN_0025b9e0,0x0025B9E0,0x0025BBBC,476
FUN_0025bbc0,0x0025BBC0,0x0025BD9C,476
FUN_0025bda0,0x0025BDA0,0x0025BEF4,340
FUN_0025bf00,0x0025BF00,0x0025BF80,128
FUN_0025bf80,0x0025BF80,0x0025CC0C,3212
gap_0025cc10,0x0025CC10,0x0025CC2C,28
gap_0025cc30,0x0025CC30,0x0025CC9C,108
FUN_0025cca0,0x0025CCA0,0x0025CCF4,84
FUN_0025cd00,0x0025CD00,0x0025CE40,320
FUN_0025ce40,0x0025CE40,0x0025CF20,224
FUN_0025cf20,0x0025CF20,0x0025CF98,120
FUN_0025cfa0,0x0025CFA0,0x0025D000,96
FUN_0025d000,0x0025D000,0x0025D138,312
FUN_0025d140,0x0025D140,0x0025D180,64
FUN_0025d180,0x0025D180,0x0025D534,948
FUN_0025d540,0x0025D540,0x0025D574,52
FUN_0025d580,0x0025D580,0x0025D5EC,108
FUN_0025d5f0,0x0025D5F0,0x0025D6A4,180
FUN_0025d6b0,0x0025D6B0,0x0025D75C,172
FUN_0025d760,0x0025D760,0x0025D8A0,320
FUN_0025d8a0,0x0025D8A0,0x0025DBD8,824
FUN_0025dbe0,0x0025DBE0,0x0025DC10,48
FUN_0025dc10,0x0025DC10,0x0025E110,1280
FUN_0025e110,0x0025E110,0x0025E168,88
FUN_0025e170,0x0025E170,0x0025E1B4,68
FUN_0025e1c0,0x0025E1C0,0x0025E21C,92
FUN_0025e220,0x0025E220,0x0025E734,1300
FUN_0025e740,0x0025E740,0x0025E9D8,664
FUN_0025e9e0,0x0025E9E0,0x0025E9EC,12
gap_0025e9f0,0x0025E9F0,0x0025EA28,56
FUN_0025ea30,0x0025EA30,0x0025F06C,1596
FUN_0025f070,0x0025F070,0x0025F324,692
FUN_0025f330,0x0025F330,0x0025F350,32
FUN_0025f350,0x0025F350,0x0025F3F0,160
FUN_0025f3f0,0x0025F3F0,0x0025F418,40
FUN_0025f420,0x0025F420,0x0025F4C4,164
FUN_0025f4d0,0x0025F4D0,0x0025F79C,716
FUN_0025f7a0,0x0025F7A0,0x0025F8F4,340
FUN_0025f900,0x0025F900,0x0025FA80,384
FUN_0025fa80,0x0025FA80,0x0025FAD8,88
FUN_0025fae0,0x0025FAE0,0x0025FAE8,8
FUN_0025faf0,0x0025FAF0,0x0025FD5C,620
FUN_0025fd60,0x0025FD60,0x0025FFDC,636
FUN_0025ffe0,0x0025FFE0,0x00260330,848
FUN_00260330,0x00260330,0x00260620,752
FUN_00260464,0x00260464,0x002605CC,360
FUN_00260620,0x00260620,0x0026068C,108
FUN_00260690,0x00260690,0x00260A4C,956
FUN_00260a50,0x00260A50,0x00260EF8,1192
FUN_00260f00,0x00260F00,0x00261390,1168
FUN_00261390,0x00261390,0x002618D4,1348
FUN_002618e0,0x002618E0,0x00261BB4,724
FUN_00261bc0,0x00261BC0,0x00261BF0,48
FUN_00261bf0,0x00261BF0,0x00261F64,884
FUN_00261d8c,0x00261D8C,0x00261F4C,448
FUN_00261f64,0x00261F64,0x00262010,172
gap_00262010,0x00262010,0x00262030,32
FUN_00262030,0x00262030,0x002620F0,192
FUN_002620f0,0x002620F0,0x002621DC,236
FUN_002621e0,0x002621E0,0x0026228C,172
FUN_00262290,0x00262290,0x002622CC,60
FUN_002622d0,0x002622D0,0x002622E8,24
FUN_002622f0,0x002622F0,0x0026232C,60
FUN_00262330,0x00262330,0x00262358,40
FUN_00262360,0x00262360,0x0026237C,28
FUN_00262380,0x00262380,0x0026238C,12
FUN_00262390,0x00262390,0x00262428,152
FUN_00262430,0x00262430,0x002625DC,428
FUN_002625e0,0x002625E0,0x00262620,64
FUN_00262620,0x00262620,0x00262648,40
FUN_00262650,0x00262650,0x00262758,264
FUN_00262760,0x00262760,0x00262768,8
FUN_00262770,0x00262770,0x002627DC,108
FUN_002627e0,0x002627E0,0x002627E8,8
FUN_002627f0,0x002627F0,0x00262820,48
FUN_00262820,0x00262820,0x00262828,8
FUN_00262830,0x00262830,0x00262838,8
FUN_00262840,0x00262840,0x00262888,72
FUN_00262890,0x00262890,0x002628C4,52
FUN_002628d0,0x002628D0,0x00262904,52
FUN_00262910,0x00262910,0x002629FC,236
FUN_00262a00,0x00262A00,0x00262A74,116
FUN_00262a80,0x00262A80,0x00262ACC,76
FUN_00262ad0,0x00262AD0,0x00262ADC,12
FUN_00262ae0,0x00262AE0,0x00262B14,52
FUN_00262b20,0x00262B20,0x00262C10,240
FUN_00262c10,0x00262C10,0x00262D30,288
FUN_00262d30,0x00262D30,0x00262D6C,60
FUN_00262d70,0x00262D70,0x00262D78,8
FUN_00262d80,0x00262D80,0x00262DDC,92
FUN_00262de0,0x00262DE0,0x00262E3C,92
FUN_00262e40,0x00262E40,0x00262E58,24
FUN_00262e60,0x00262E60,0x00262FC8,360
FUN_00262fd0,0x00262FD0,0x002630C8,248
FUN_002630d0,0x002630D0,0x0026315C,140
FUN_00263160,0x00263160,0x002631AC,76
FUN_002631b0,0x002631B0,0x002631E8,56
FUN_002631f0,0x002631F0,0x00263324,308
FUN_00263330,0x00263330,0x002633B8,136
FUN_002633c0,0x002633C0,0x00263400,64
FUN_00263400,0x00263400,0x00263450,80
FUN_00263450,0x00263450,0x002634FC,172
FUN_00263500,0x00263500,0x002635D8,216
FUN_002635e0,0x002635E0,0x002635F4,20
FUN_00263600,0x00263600,0x00263608,8
FUN_00263610,0x00263610,0x00263694,132
FUN_002636a0,0x002636A0,0x002636C4,36
FUN_002636d0,0x002636D0,0x002636DC,12
FUN_002636e0,0x002636E0,0x00263734,84
FUN_00263740,0x00263740,0x002637F8,184
FUN_00263800,0x00263800,0x0026397C,380
FUN_00263980,0x00263980,0x00263CA8,808
FUN_00263cb0,0x00263CB0,0x00263D08,88
FUN_00263d10,0x00263D10,0x00263D74,100
FUN_00263d80,0x00263D80,0x00263E78,248
FUN_00263e80,0x00263E80,0x00263F08,136
FUN_00263f10,0x00263F10,0x00263F6C,92
FUN_00263f70,0x00263F70,0x00263FB0,64
FUN_00263fb0,0x00263FB0,0x00264020,112
FUN_00264020,0x00264020,0x00264068,72
FUN_00264070,0x00264070,0x00264194,292
FUN_002641a0,0x002641A0,0x002642A0,256
FUN_002642a0,0x002642A0,0x002642A8,8
FUN_002642b0,0x002642B0,0x002645A0,752
FUN_002645a0,0x002645A0,0x00264740,416
FUN_00264740,0x00264740,0x00264770,48
FUN_00264770,0x00264770,0x0026490C,412
FUN_00264910,0x00264910,0x00264AFC,492
FUN_00264b00,0x00264B00,0x00264B18,24
FUN_00264b20,0x00264B20,0x00264C40,288
FUN_00264c40,0x00264C40,0x00264D60,288
FUN_00264d60,0x00264D60,0x00264DF8,152
FUN_00264e00,0x00264E00,0x00264E24,36
FUN_00264e30,0x00264E30,0x00264E7C,76
FUN_00264e80,0x00264E80,0x002652B0,1072
FUN_0026520c,0x0026520C,0x002652B0,164
FUN_00265298,0x00265298,0x002652A0,8
FUN_002652b0,0x002652B0,0x002652DC,44
FUN_002652e0,0x002652E0,0x00265BCC,2284
FUN_00265bd0,0x00265BD0,0x00265C04,52
FUN_00265c10,0x00265C10,0x00265C18,8
FUN_00265c20,0x00265C20,0x00265D18,248
thunk_FUN_002652e0,0x00265D20,0x00265D28,8
FUN_00265d30,0x00265D30,0x00265F30,512
FUN_00265f30,0x00265F30,0x00265F38,8
gap_00265f40,0x00265F40,0x00265F48,8
gap_00265f50,0x00265F50,0x00265F5C,12
gap_00265f60,0x00265F60,0x00265F68,8
gap_00265f70,0x00265F70,0x00265F78,8
gap_00265f80,0x00265F80,0x00265F88,8
FUN_00265f90,0x00265F90,0x002660D0,320
FUN_002660d0,0x002660D0,0x002660D8,8
FUN_002660e0,0x002660E0,0x002661B8,216
FUN_002661c0,0x002661C0,0x0026621C,92
FUN_00266220,0x00266220,0x002662B0,144
FUN_002662b0,0x002662B0,0x002663F8,328
FUN_00266400,0x00266400,0x00266488,136
FUN_00266490,0x00266490,0x00266534,164
FUN_00266540,0x00266540,0x00266594,84
FUN_002665a0,0x002665A0,0x002665F4,84
FUN_00266600,0x00266600,0x00266654,84
FUN_00266660,0x00266660,0x00266920,704
thunk_FUN_0013ce70,0x00266920,0x00266928,8
FUN_00266930,0x00266930,0x00266CD4,932
FUN_00266ce0,0x00266CE0,0x00266D38,88
FUN_00266d40,0x00266D40,0x00266DDC,156
FUN_00266de0,0x00266DE0,0x00266EC8,232
FUN_00266ed0,0x00266ED0,0x0026727C,940
FUN_00267280,0x00267280,0x00267350,208
FUN_00267350,0x00267350,0x00267468,280
FUN_00267468,0x00267468,0x00267568,256
gap_00267568,0x00267568,0x00267584,28
gap_00267590,0x00267590,0x002676C4,308
FUN_002676d0,0x002676D0,0x00267750,128
FUN_00267750,0x00267750,0x002678E0,400
FUN_002678e0,0x002678E0,0x00267A54,372
FUN_00267a60,0x00267A60,0x00267B44,228
FUN_00267b50,0x00267B50,0x00267C18,200
FUN_00267c20,0x00267C20,0x00267DB0,400
FUN_00267db0,0x00267DB0,0x00267F24,372
gap_00267f30,0x00267F30,0x002680B4,388
FUN_002680c0,0x002680C0,0x00268250,400
FUN_00268250,0x00268250,0x002683C4,372
FUN_002683d0,0x002683D0,0x00268560,400
FUN_00268560,0x00268560,0x002686D4,372
FUN_002686e0,0x002686E0,0x00268870,400
FUN_00268870,0x00268870,0x002689E4,372
FUN_002689f0,0x002689F0,0x002689F8,8
gap_00268a00,0x00268A00,0x00268B8C,396
FUN_00268b90,0x00268B90,0x00268BA4,20
FUN_00268bb0,0x00268BB0,0x00268BF0,64
FUN_00268bf0,0x00268BF0,0x00268C94,164
FUN_00268ca0,0x00268CA0,0x00268D4C,172
FUN_00268d50,0x00268D50,0x00268DDC,140
FUN_00268de0,0x00268DE0,0x00268DF4,20
FUN_00268e00,0x00268E00,0x00268E14,20
FUN_00268e20,0x00268E20,0x00268E34,20
FUN_00268e40,0x00268E40,0x00268E54,20
FUN_00268e60,0x00268E60,0x00268E74,20
FUN_00268e80,0x00268E80,0x00268E90,16
FUN_00268e90,0x00268E90,0x00268ECC,60
FUN_00268ed0,0x00268ED0,0x00268F2C,92
FUN_00268f30,0x00268F30,0x00269068,312
FUN_00269070,0x00269070,0x0026910C,156
gap_00269110,0x00269110,0x00269118,8
gap_00269120,0x00269120,0x00269128,8
gap_00269130,0x00269130,0x00269138,8
gap_00269140,0x00269140,0x00269148,8
gap_00269150,0x00269150,0x00269158,8
gap_00269160,0x00269160,0x00269168,8
gap_00269170,0x00269170,0x00269178,8
gap_00269180,0x00269180,0x00269188,8
gap_00269190,0x00269190,0x0026919C,12
gap_002691a0,0x002691A0,0x002691B8,24
gap_002691c0,0x002691C0,0x002691C8,8
gap_002691d0,0x002691D0,0x002691D8,8
gap_002691e0,0x002691E0,0x002691F8,24
gap_00269200,0x00269200,0x00269208,8
gap_00269210,0x00269210,0x00269218,8
gap_00269220,0x00269220,0x00269228,8
gap_00269230,0x00269230,0x00269238,8
gap_00269240,0x00269240,0x00269248,8
gap_00269250,0x00269250,0x00269258,8
gap_00269260,0x00269260,0x00269268,8
gap_00269270,0x00269270,0x00269278,8
gap_00269280,0x00269280,0x00269288,8
gap_00269290,0x00269290,0x00269298,8
FUN_002692a0,0x002692A0,0x002692F4,84
FUN_00269300,0x00269300,0x00269320,32
FUN_00269320,0x00269320,0x0026944C,300
FUN_00269450,0x00269450,0x00269560,272
FUN_00269560,0x00269560,0x002696A8,328
FUN_002696b0,0x002696B0,0x00269798,232
FUN_002697a0,0x002697A0,0x002697AC,12
FUN_002697b0,0x002697B0,0x00269854,164
FUN_00269860,0x00269860,0x00269970,272
FUN_00269970,0x00269970,0x00269A34,196
FUN_00269a40,0x00269A40,0x00269AB4,116
FUN_00269ac0,0x00269AC0,0x00269C88,456
FUN_00269c90,0x00269C90,0x00269DC8,312
FUN_00269dd0,0x00269DD0,0x00269E24,84
FUN_00269e30,0x00269E30,0x00269EFC,204
FUN_00269f00,0x00269F00,0x0026A014,276
FUN_0026a020,0x0026A020,0x0026A06C,76
FUN_0026a070,0x0026A070,0x0026A12C,188
FUN_0026a130,0x0026A130,0x0026A290,352
FUN_0026a290,0x0026A290,0x0026A328,152
FUN_0026a330,0x0026A330,0x0026A448,280
FUN_0026a450,0x0026A450,0x0026A4B0,96
FUN_0026a4b0,0x0026A4B0,0x0026A4D8,40
FUN_0026a4e0,0x0026A4E0,0x0026A564,132
FUN_0026a570,0x0026A570,0x0026A5D0,96
FUN_0026a5d0,0x0026A5D0,0x0026A6FC,300
FUN_0026a700,0x0026A700,0x0026A7F0,240
gap_0026a7f0,0x0026A7F0,0x0026A810,32
FUN_0026a810,0x0026A810,0x0026A870,96
FUN_0026a870,0x0026A870,0x0026A95C,236
FUN_0026a960,0x0026A960,0x0026AA58,248
FUN_0026aa60,0x0026AA60,0x0026AB8C,300
FUN_0026ab90,0x0026AB90,0x0026ABDC,76
FUN_0026abe0,0x0026ABE0,0x0026AC64,132
FUN_0026ac70,0x0026AC70,0x0026AD50,224
FUN_0026ad50,0x0026AD50,0x0026AEFC,428
FUN_0026af00,0x0026AF00,0x0026AF08,8
FUN_0026af10,0x0026AF10,0x0026AF5C,76
FUN_0026af60,0x0026AF60,0x0026AFD0,112
FUN_0026afd0,0x0026AFD0,0x0026B614,1604
FUN_0026b620,0x0026B620,0x0026B67C,92
FUN_0026b680,0x0026B680,0x0026B6DC,92
FUN_0026b6e0,0x0026B6E0,0x0026B73C,92
FUN_0026b740,0x0026B740,0x0026B79C,92
FUN_0026b7a0,0x0026B7A0,0x0026B7FC,92
FUN_0026b800,0x0026B800,0x0026B85C,92
FUN_0026b860,0x0026B860,0x0026B8BC,92
FUN_0026b8c0,0x0026B8C0,0x0026B91C,92
FUN_0026b920,0x0026B920,0x0026B97C,92
FUN_0026b980,0x0026B980,0x0026B9DC,92
FUN_0026b9e0,0x0026B9E0,0x0026BA3C,92
FUN_0026ba40,0x0026BA40,0x0026BA9C,92
FUN_0026baa0,0x0026BAA0,0x0026BAFC,92
FUN_0026bb00,0x0026BB00,0x0026BB5C,92
FUN_0026bb60,0x0026BB60,0x0026BBBC,92
FUN_0026bbc0,0x0026BBC0,0x0026BC1C,92
FUN_0026bc20,0x0026BC20,0x0026BC7C,92
FUN_0026bc80,0x0026BC80,0x0026BCDC,92
FUN_0026bce0,0x0026BCE0,0x0026BD3C,92
FUN_0026bd40,0x0026BD40,0x0026BE84,324
FUN_0026be90,0x0026BE90,0x0026BEE4,84
FUN_0026bef0,0x0026BEF0,0x0026BF44,84
FUN_0026bf50,0x0026BF50,0x0026BFA4,84
FUN_0026bfb0,0x0026BFB0,0x0026C004,84
FUN_0026c010,0x0026C010,0x0026C064,84
FUN_0026c070,0x0026C070,0x0026C1B4,324
FUN_0026c1c0,0x0026C1C0,0x0026C36C,428
FUN_0026c370,0x0026C370,0x0026C3D8,104
FUN_0026c3e0,0x0026C3E0,0x0026C424,68
FUN_0026c430,0x0026C430,0x0026C474,68
FUN_0026c480,0x0026C480,0x0026C4E8,104
FUN_0026c4f0,0x0026C4F0,0x0026C534,68
FUN_0026c540,0x0026C540,0x0026C584,68
FUN_0026c590,0x0026C590,0x0026C5D4,68
FUN_0026c5e0,0x0026C5E0,0x0026C67C,156
FUN_0026c680,0x0026C680,0x0026C810,400
FUN_0026c810,0x0026C810,0x0026C8AC,156
FUN_0026c8b0,0x0026C8B0,0x0026C8E0,48
FUN_0026c8e0,0x0026C8E0,0x0026C970,144
FUN_0026c970,0x0026C970,0x0026C9D8,104
FUN_0026c9e0,0x0026C9E0,0x0026CAB0,208
FUN_0026cab0,0x0026CAB0,0x0026CBFC,332
FUN_0026cc00,0x0026CC00,0x0026CCFC,252
FUN_0026cd00,0x0026CD00,0x0026CE80,384
FUN_0026ce80,0x0026CE80,0x0026CF1C,156
FUN_0026cf20,0x0026CF20,0x0026D0AC,396
FUN_0026d0b0,0x0026D0B0,0x0026D14C,156
FUN_0026d150,0x0026D150,0x0026D2E0,400
FUN_0026d2e0,0x0026D2E0,0x0026D37C,156
FUN_0026d380,0x0026D380,0x0026D500,384
FUN_0026d500,0x0026D500,0x0026D59C,156
FUN_0026d5a0,0x0026D5A0,0x0026D720,384
FUN_0026d720,0x0026D720,0x0026D7BC,156
FUN_0026d7c0,0x0026D7C0,0x0026D940,384
gap_0026d940,0x0026D940,0x0026D960,32
FUN_0026d960,0x0026D960,0x0026D9A8,72
gap_0026d9b0,0x0026D9B0,0x0026D9D0,32
FUN_0026d9d0,0x0026D9D0,0x0026DAA0,208
FUN_0026daa0,0x0026DAA0,0x0026DB00,96
FUN_0026db00,0x0026DB00,0x0026DBD8,216
gap_0026dbe0,0x0026DBE0,0x0026DBF8,24
FUN_0026dc00,0x0026DC00,0x0026DC88,136
FUN_0026dc90,0x0026DC90,0x0026DCE0,80
FUN_0026dce0,0x0026DCE0,0x0026DE4C,364
FUN_0026de50,0x0026DE50,0x0026DE80,48
gap_0026de80,0x0026DE80,0x0026DE88,8
gap_0026de90,0x0026DE90,0x0026DE98,8
eff_hdl_h__assert_ref_24,0x0026DEA0,0x0026E180,736
eff_hdl_h__assert_ref_23,0x0026E180,0x0026E460,736
gap_0026e460,0x0026E460,0x0026E468,8
eff_hdl_h__assert_ref_20,0x0026E470,0x0026E790,800
FUN_0026e790,0x0026E790,0x0026E8E4,340
FUN_0026e8f0,0x0026E8F0,0x0026EC34,836
FUN_0026ec40,0x0026EC40,0x0026ED68,296
FUN_0026ed70,0x0026ED70,0x0026EE64,244
FUN_0026ee70,0x0026EE70,0x0026EEC8,88
FUN_0026eed0,0x0026EED0,0x0026EF18,72
FUN_0026ef20,0x0026EF20,0x0026F040,288
FUN_0026f040,0x0026F040,0x0026F048,8
FUN_0026f050,0x0026F050,0x0026F0AC,92
FUN_0026f0b0,0x0026F0B0,0x0026F21C,364
FUN_0026f220,0x0026F220,0x0026F460,576
eff_hdl_h__assert_ref_19,0x0026F460,0x0026F7D8,888
FUN_0026f7e0,0x0026F7E0,0x0026F814,52
eff_hdl_h__assert_ref_30,0x0026F820,0x0026F948,296
eff_hdl_h__assert_ref_25,0x0026F950,0x0026FB34,484
eff_hdl_h__assert_ref_26,0x0026FB40,0x0026FBE0,160
eff_hdl_h__assert_ref_27,0x0026FBE0,0x0026FCA0,192
FUN_0026fca0,0x0026FCA0,0x0026FCC0,32
FUN_0026fcc0,0x0026FCC0,0x0026FCE0,32
FUN_0026fce0,0x0026FCE0,0x0026FEC0,480
FUN_0026fec0,0x0026FEC0,0x0026FF24,100
FUN_0026ff30,0x0026FF30,0x0026FF84,84
FUN_0026ff90,0x0026FF90,0x0026FFE0,80
FUN_0026ffe0,0x0026FFE0,0x002700C0,224
FUN_002700c0,0x002700C0,0x00270210,336
FUN_00270210,0x00270210,0x00270218,8
gap_00270220,0x00270220,0x00270228,8
gap_00270230,0x00270230,0x00270238,8
gap_00270240,0x00270240,0x00270248,8
gap_00270250,0x00270250,0x00270258,8
gap_00270260,0x00270260,0x00270268,8
gap_00270270,0x00270270,0x00270278,8
gap_00270280,0x00270280,0x00270288,8
gap_00270290,0x00270290,0x00270298,8
gap_002702a0,0x002702A0,0x002702A8,8
gap_002702b0,0x002702B0,0x002702B8,8
gap_002702c0,0x002702C0,0x002702C8,8
gap_002702d0,0x002702D0,0x002702D8,8
gap_002702e0,0x002702E0,0x002702E8,8
gap_002702f0,0x002702F0,0x002702F8,8
gap_00270300,0x00270300,0x00270308,8
FUN_00270310,0x00270310,0x0027035C,76
FUN_00270360,0x00270360,0x002703AC,76
FUN_002703b0,0x002703B0,0x002703E4,52
FUN_002703f0,0x002703F0,0x00270424,52
FUN_00270430,0x00270430,0x00270464,52
FUN_00270470,0x00270470,0x002704A4,52
FUN_002704b0,0x002704B0,0x002704E4,52
FUN_002704f0,0x002704F0,0x00270524,52
FUN_00270530,0x00270530,0x00270564,52
FUN_00270570,0x00270570,0x002705BC,76
FUN_002705c0,0x002705C0,0x0027060C,76
FUN_00270610,0x00270610,0x00270644,52
FUN_00270650,0x00270650,0x00270684,52
FUN_00270690,0x00270690,0x002706C4,52
FUN_002706d0,0x002706D0,0x00270704,52
FUN_00270710,0x00270710,0x00270744,52
FUN_00270750,0x00270750,0x00270784,52
FUN_00270790,0x00270790,0x002707C4,52
FUN_002707d0,0x002707D0,0x00270804,52
eff_hdl_h__assert_ref_29,0x00270810,0x002708A8,152
eff_hdl_h__assert_ref_18,0x002708B0,0x00270948,152
eff_hdl_h__assert_ref_21,0x00270950,0x002709E8,152
FUN_002709f0,0x002709F0,0x00270B90,416
FUN_00270b90,0x00270B90,0x00270BC0,48
FUN_00270bc0,0x00270BC0,0x00270C2C,108
FUN_00270c30,0x00270C30,0x00270C50,32
FUN_00270c50,0x00270C50,0x00270C70,32
FUN_00270c70,0x00270C70,0x00270C90,32
FUN_00270c90,0x00270C90,0x00270CB0,32
eff_hdl_h__assert_ref_14,0x00270CB0,0x00270D84,212
FUN_00270d90,0x00270D90,0x00270E7C,236
FUN_00270e80,0x00270E80,0x00270F58,216
eff_hdl_h__assert_ref_22,0x00270F60,0x00271040,224
eff_hdl_h__assert_ref_11,0x00271040,0x0027119C,348
FUN_002711a0,0x002711A0,0x00271278,216
eff_hdl_h__assert_ref_17,0x00271280,0x00271360,224
eff_hdl_h__assert_ref_12,0x00271360,0x002714BC,348
eff_hdl_h__assert_ref_28,0x002714C0,0x002715A0,224
eff_hdl_h__assert_ref_13,0x002715A0,0x002716FC,348
eff_hdl_h__assert_ref_16,0x00271700,0x00271798,152
FUN_002717a0,0x002717A0,0x00271878,216
eff_hdl_h__assert_ref_15,0x00271880,0x00271960,224
eff_hdl_h__assert_ref_5,0x00271960,0x00271ABC,348
eff_hdl_h__assert_ref_6,0x00271AC0,0x00271B94,212
eff_hdl_h__assert_ref_7,0x00271BA0,0x00271C74,212
eff_hdl_h__assert_ref_8,0x00271C80,0x00271D54,212
eff_hdl_h__assert_ref_9,0x00271D60,0x00271E34,212
eff_hdl_h__assert_ref_10,0x00271E40,0x00271F00,192
FUN_00271f00,0x00271F00,0x00271FEC,236
FUN_00271ff0,0x00271FF0,0x002720DC,236
FUN_002720e0,0x002720E0,0x002721CC,236
FUN_002721d0,0x002721D0,0x002722BC,236
FUN_002722c0,0x002722C0,0x002725B4,756
FUN_002725c0,0x002725C0,0x002726A8,232
FUN_002726b0,0x002726B0,0x00272804,340
FUN_00272810,0x00272810,0x002728F8,232
FUN_00272900,0x00272900,0x00272A54,340
FUN_00272a60,0x00272A60,0x00272B48,232
FUN_00272b50,0x00272B50,0x00272CA4,340
FUN_00272cb0,0x00272CB0,0x00272D98,232
FUN_00272da0,0x00272DA0,0x00272EF4,340
FUN_00272f00,0x00272F00,0x00273034,308
FUN_00273040,0x00273040,0x00273174,308
FUN_00273180,0x00273180,0x002732B4,308
FUN_002732c0,0x002732C0,0x002733F4,308
eff_hdl_h__assert_ref_1,0x00273400,0x002734C0,192
eff_hdl_h__assert_ref_2,0x002734C0,0x00273580,192
eff_hdl_h__assert_ref_3,0x00273580,0x00273640,192
eff_hdl_h__assert_ref_4,0x00273640,0x00273700,192
FUN_00273700,0x00273700,0x00273E6C,1900
FUN_00273e70,0x00273E70,0x002743A0,1328
FUN_002743a0,0x002743A0,0x0027454C,428
FUN_00274550,0x00274550,0x002746FC,428
FUN_00274700,0x00274700,0x002748AC,428
FUN_002748b0,0x002748B0,0x00274A5C,428
FUN_00274a60,0x00274A60,0x00274C70,528
FUN_00274c70,0x00274C70,0x00274CFC,140
FUN_00274d00,0x00274D00,0x00274D8C,140
FUN_00274d90,0x00274D90,0x00274D98,8
FUN_00274da0,0x00274DA0,0x00274DA8,8
FUN_00274db0,0x00274DB0,0x002750A4,756
FUN_002750b0,0x002750B0,0x002753A4,756
FUN_002753b0,0x002753B0,0x00275658,680
FUN_00275660,0x00275660,0x002756C4,100
FUN_002756d0,0x002756D0,0x00275704,52
FUN_00275710,0x00275710,0x002758A4,404
FUN_002758b0,0x002758B0,0x002758C8,24
FUN_002758d0,0x002758D0,0x00275908,56
FUN_00275910,0x00275910,0x00275934,36
FUN_00275940,0x00275940,0x00275948,8
FUN_00275950,0x00275950,0x002759A8,88
FUN_002759b0,0x002759B0,0x002759F8,72
FUN_00275a00,0x00275A00,0x00275A90,144
FUN_00275a90,0x00275A90,0x00275ACC,60
FUN_00275ad0,0x00275AD0,0x00275B20,80
FUN_00275b20,0x00275B20,0x00275B34,20
FUN_00275b40,0x00275B40,0x00275B80,64
FUN_00275b80,0x00275B80,0x00275B90,16
FUN_00275b90,0x00275B90,0x00275B9C,12
FUN_00275ba0,0x00275BA0,0x00275BAC,12
FUN_00275bb0,0x00275BB0,0x00275BC0,16
FUN_00275bc0,0x00275BC0,0x00275BF0,48
FUN_00275bf0,0x00275BF0,0x00275C20,48
FUN_00275c20,0x00275C20,0x00275C50,48
FUN_00275c50,0x00275C50,0x00275C58,8
FUN_00275c60,0x00275C60,0x00275CA8,72
FUN_00275cb0,0x00275CB0,0x00275CE4,52
FUN_00275cf0,0x00275CF0,0x00275EFC,524
FUN_00275f00,0x00275F00,0x00276010,272
FUN_00276010,0x00276010,0x00276BA4,2964
FUN_00276bb0,0x00276BB0,0x00276C28,120
FUN_00276c30,0x00276C30,0x00276C98,104
FUN_00276ca0,0x00276CA0,0x00276D1C,124
FUN_00276d20,0x00276D20,0x00276D48,40
FUN_00276d50,0x00276D50,0x00276DE8,152
FUN_00276df0,0x00276DF0,0x00277028,568
gap_00277030,0x00277030,0x0027703C,12
FUN_00277040,0x00277040,0x002770A0,96
FUN_002770a0,0x002770A0,0x0027714C,172
FUN_00277150,0x00277150,0x002771B4,100
FUN_002771c0,0x002771C0,0x0027723C,124
FUN_00277240,0x00277240,0x002773C0,384
FUN_002773c0,0x002773C0,0x00277414,84
FUN_00277420,0x00277420,0x0027744C,44
FUN_00277450,0x00277450,0x0027749C,76
FUN_002774a0,0x002774A0,0x00277544,164
FUN_00277550,0x00277550,0x002775D8,136
FUN_002775e0,0x002775E0,0x00277604,36
FUN_00277610,0x00277610,0x00277618,8
FUN_00277620,0x00277620,0x00277648,40
FUN_00277650,0x00277650,0x00277788,312
FUN_00277790,0x00277790,0x002777DC,76
FUN_002777e0,0x002777E0,0x00278694,3764
FUN_002786a0,0x002786A0,0x002787B4,276
FUN_002787c0,0x002787C0,0x002787CC,12
FUN_002787d0,0x002787D0,0x00278874,164
gap_00278880,0x00278880,0x00278888,8
FUN_00278890,0x00278890,0x00278A78,488
FUN_00278a80,0x00278A80,0x00278AB0,48
FUN_00278ab0,0x00278AB0,0x00279124,1652
FUN_00279130,0x00279130,0x002791F8,200
FUN_00279200,0x00279200,0x0027934C,332
FUN_00279350,0x00279350,0x00279530,480
FUN_00279530,0x00279530,0x002796A8,376
FUN_002796b0,0x002796B0,0x00279794,228
FUN_002797a0,0x002797A0,0x002797E4,68
FUN_002797f0,0x002797F0,0x0027A318,2856
FUN_0027a320,0x0027A320,0x0027A328,8
FUN_0027a330,0x0027A330,0x0027A340,16
FUN_0027a340,0x0027A340,0x0027A348,8
FUN_0027a350,0x0027A350,0x0027A360,16
FUN_0027a360,0x0027A360,0x0027A368,8
FUN_0027a370,0x0027A370,0x0027A3D4,100
FUN_0027a3e0,0x0027A3E0,0x0027A4C0,224
FUN_0027a4c0,0x0027A4C0,0x0027A5BC,252
FUN_0027a5c0,0x0027A5C0,0x0027A5D4,20
FUN_0027a5e0,0x0027A5E0,0x0027A608,40
FUN_0027a610,0x0027A610,0x0027A61C,12
FUN_0027a620,0x0027A620,0x0027A670,80
FUN_0027a670,0x0027A670,0x0027A7AC,316
FUN_0027a7b0,0x0027A7B0,0x0027A7B8,8
FUN_0027a7c0,0x0027A7C0,0x0027A8FC,316
FUN_0027a900,0x0027A900,0x0027A954,84
FUN_0027a960,0x0027A960,0x0027A96C,12
FUN_0027a970,0x0027A970,0x0027AA14,164
FUN_0027aa20,0x0027AA20,0x0027AA70,80
FUN_0027aa70,0x0027AA70,0x0027AB30,192
FUN_0027ab30,0x0027AB30,0x0027ABE8,184
gap_0027abf0,0x0027ABF0,0x0027AC20,48
FUN_0027ac20,0x0027AC20,0x0027AC78,88
FUN_0027ac80,0x0027AC80,0x0027AC94,20
FUN_0027aca0,0x0027ACA0,0x0027ACB4,20
FUN_0027acc0,0x0027ACC0,0x0027AEB0,496
FUN_0027aeb0,0x0027AEB0,0x0027B144,660
FUN_0027b150,0x0027B150,0x0027B25C,268
FUN_0027b260,0x0027B260,0x0027B8C0,1632
FUN_0027b8c0,0x0027B8C0,0x0027BACC,524
FUN_0027bad0,0x0027BAD0,0x0027BC68,408
FUN_0027bc70,0x0027BC70,0x0027BD3C,204
FUN_0027bd40,0x0027BD40,0x0027BE58,280
thunk_FUN_0027cc20,0x0027BE60,0x0027BE68,8
thunk_FUN_0027cc50,0x0027BE70,0x0027BE78,8
thunk_FUN_0027ccd0,0x0027BE80,0x0027BE88,8
FUN_0027be90,0x0027BE90,0x0027C00C,380
FUN_0027c010,0x0027C010,0x0027C074,100
FUN_0027c080,0x0027C080,0x0027C0CC,76
FUN_0027c0d0,0x0027C0D0,0x0027C158,136
FUN_0027c160,0x0027C160,0x0027C2A8,328
FUN_0027c2b0,0x0027C2B0,0x0027C304,84
FUN_0027c310,0x0027C310,0x0027C364,84
FUN_0027c370,0x0027C370,0x0027C3E0,112
FUN_0027c3e0,0x0027C3E0,0x0027C450,112
thunk_FUN_0027c460,0x0027C450,0x0027C458,8
FUN_0027c460,0x0027C460,0x0027C548,232
FUN_0027c550,0x0027C550,0x0027C648,248
FUN_0027c650,0x0027C650,0x0027C664,20
gap_0027c670,0x0027C670,0x0027C6FC,140
FUN_0027c700,0x0027C700,0x0027C850,336
FUN_0027c850,0x0027C850,0x0027C9B8,360
FUN_0027c9c0,0x0027C9C0,0x0027CB90,464
FUN_0027cb90,0x0027CB90,0x0027CC18,136
FUN_0027cc20,0x0027CC20,0x0027CC44,36
FUN_0027cc50,0x0027CC50,0x0027CC78,40
FUN_0027cc80,0x0027CC80,0x0027CCB0,48
FUN_0027ccb0,0x0027CCB0,0x0027CCCC,28
FUN_0027ccd0,0x0027CCD0,0x0027CCF0,32
FUN_0027ccf0,0x0027CCF0,0x0027CD20,48
FUN_0027cd20,0x0027CD20,0x0027CD48,40
FUN_0027cd50,0x0027CD50,0x0027CD64,20
FUN_0027cd70,0x0027CD70,0x0027CD84,20
FUN_0027cd90,0x0027CD90,0x0027CDC0,48
FUN_0027cdc0,0x0027CDC0,0x0027CDFC,60
FUN_0027ce00,0x0027CE00,0x0027CEB8,184
FUN_0027cec0,0x0027CEC0,0x0027CF04,68
FUN_0027cf10,0x0027CF10,0x0027CF40,48
FUN_0027cf40,0x0027CF40,0x0027CF6C,44
FUN_0027cf70,0x0027CF70,0x0027CF98,40
FUN_0027cfa0,0x0027CFA0,0x0027CFB4,20
FUN_0027cfc0,0x0027CFC0,0x0027CFE4,36
FUN_0027cff0,0x0027CFF0,0x0027D00C,28
FUN_0027d010,0x0027D010,0x0027D038,40
FUN_0027d040,0x0027D040,0x0027D06C,44
FUN_0027d070,0x0027D070,0x0027D090,32
FUN_0027d090,0x0027D090,0x0027D0B4,36
FUN_0027d0c0,0x0027D0C0,0x0027D0F0,48
FUN_0027d0f0,0x0027D0F0,0x0027D11C,44
FUN_0027d120,0x0027D120,0x0027D150,48
FUN_0027d150,0x0027D150,0x0027D184,52
FUN_0027d190,0x0027D190,0x0027D1C4,52
FUN_0027d1d0,0x0027D1D0,0x0027D1EC,28
FUN_0027d1f0,0x0027D1F0,0x0027D204,20
FUN_0027d210,0x0027D210,0x0027D228,24
FUN_0027d230,0x0027D230,0x0027D248,24
FUN_0027d250,0x0027D250,0x0027D264,20
FUN_0027d270,0x0027D270,0x0027D284,20
FUN_0027d290,0x0027D290,0x0027D2A0,16
FUN_0027d2a0,0x0027D2A0,0x0027D2B0,16
FUN_0027d2b0,0x0027D2B0,0x0027D2BC,12
FUN_0027d2c0,0x0027D2C0,0x0027D3B0,240
FUN_0027d3b0,0x0027D3B0,0x0027D468,184
FUN_0027d470,0x0027D470,0x0027D560,240
FUN_0027d560,0x0027D560,0x0027D5F8,152
FUN_0027d600,0x0027D600,0x0027D738,312
FUN_0027d740,0x0027D740,0x0027D778,56
FUN_0027d780,0x0027D780,0x0027D7C4,68
FUN_0027d7d0,0x0027D7D0,0x0027D80C,60
FUN_0027d810,0x0027D810,0x0027D8B8,168
FUN_0027d8c0,0x0027D8C0,0x0027D950,144
FUN_0027d950,0x0027D950,0x0027DAC8,376
FUN_0027dad0,0x0027DAD0,0x0027DAD8,8
FUN_0027dae0,0x0027DAE0,0x0027DB6C,140
FUN_0027db70,0x0027DB70,0x0027DBB8,72
FUN_0027dbc0,0x0027DBC0,0x0027DC5C,156
FUN_0027dc60,0x0027DC60,0x0027DCBC,92
FUN_0027dcc0,0x0027DCC0,0x0027DD38,120
FUN_0027dd40,0x0027DD40,0x0027DD90,80
FUN_0027dd90,0x0027DD90,0x0027DDA8,24
FUN_0027ddb0,0x0027DDB0,0x0027DE94,228
FUN_0027dea0,0x0027DEA0,0x0027DEB4,20
FUN_0027dec0,0x0027DEC0,0x0027E124,612
FUN_0027e130,0x0027E130,0x0027E138,8
FUN_0027e140,0x0027E140,0x0027E1A4,100
FUN_0027e1b0,0x0027E1B0,0x0027E4B4,772
FUN_0027e4c0,0x0027E4C0,0x0027E560,160
FUN_0027e560,0x0027E560,0x0027E5CC,108
gap_0027e5d0,0x0027E5D0,0x0027E784,436
FUN_0027e790,0x0027E790,0x0027E920,400
FUN_0027e920,0x0027E920,0x0027EA74,340
FUN_0027ea80,0x0027EA80,0x0027EA94,20
FUN_0027eaa0,0x0027EAA0,0x0027ECA0,512
FUN_0027eca0,0x0027ECA0,0x0027EEC8,552
FUN_0027eed0,0x0027EED0,0x0027F008,312
FUN_0027f010,0x0027F010,0x0027F040,48
FUN_0027f040,0x0027F040,0x0027F0B0,112
FUN_0027f0b0,0x0027F0B0,0x0027F120,112
FUN_0027f120,0x0027F120,0x0027F22C,268
FUN_0027f230,0x0027F230,0x0027F320,240
FUN_0027f320,0x0027F320,0x0027F410,240
FUN_0027f410,0x0027F410,0x0027F44C,60
FUN_0027f450,0x0027F450,0x0027F58C,316
FUN_0027f590,0x0027F590,0x0027F5A4,20
FUN_0027f5b0,0x0027F5B0,0x0027F940,912
FUN_0027f940,0x0027F940,0x0027FDAC,1132
FUN_0027fdb0,0x0027FDB0,0x0027FEB4,260
FUN_0027fec0,0x0027FEC0,0x00280014,340
FUN_00280020,0x00280020,0x0028022C,524
FUN_00280230,0x00280230,0x002802E8,184
FUN_002802f0,0x002802F0,0x002803C4,212
FUN_002803d0,0x002803D0,0x00280478,168
FUN_00280480,0x00280480,0x002804D0,80
FUN_002804d0,0x002804D0,0x00280520,80
FUN_00280520,0x00280520,0x002805A0,128
FUN_002805a0,0x002805A0,0x0028066C,204
FUN_00280670,0x00280670,0x0028081C,428
FUN_00280820,0x00280820,0x0028088C,108
FUN_00280890,0x00280890,0x00280900,112
FUN_00280900,0x00280900,0x00280954,84
FUN_00280960,0x00280960,0x00280A08,168
FUN_00280a10,0x00280A10,0x00280A20,16
FUN_00280a20,0x00280A20,0x00280BB8,408
FUN_00280bc0,0x00280BC0,0x00280C2C,108
FUN_00280c30,0x00280C30,0x00280C38,8
FUN_00280c40,0x00280C40,0x00280C4C,12
FUN_00280c50,0x00280C50,0x00280DB4,356
FUN_00280dc0,0x00280DC0,0x00280E9C,220
FUN_00280ea0,0x00280EA0,0x00280F40,160
FUN_00280f40,0x00280F40,0x00280FF0,176
FUN_00280ff0,0x00280FF0,0x00281040,80
FUN_00281040,0x00281040,0x002811E0,416
FUN_002811e0,0x002811E0,0x002813C4,484
FUN_002813d0,0x002813D0,0x00281470,160
FUN_00281470,0x00281470,0x00281520,176
FUN_00281520,0x00281520,0x0028155C,60
FUN_00281560,0x00281560,0x00281580,32
FUN_00281580,0x00281580,0x00281588,8
FUN_00281590,0x00281590,0x00281A04,1140
FUN_00281a10,0x00281A10,0x00281A24,20
FUN_00281a30,0x00281A30,0x00281A38,8
FUN_00281a40,0x00281A40,0x00281B10,208
FUN_00281b10,0x00281B10,0x00281BD0,192
FUN_00281bd0,0x00281BD0,0x00281C3C,108
FUN_00281c40,0x00281C40,0x00281CD0,144
FUN_00281cd0,0x00281CD0,0x00281CF4,36
FUN_00281d00,0x00281D00,0x00281D0C,12
FUN_00281d10,0x00281D10,0x00281D18,8
FUN_00281d20,0x00281D20,0x00281D2C,12
FUN_00281d30,0x00281D30,0x00281D38,8
FUN_00281d40,0x00281D40,0x00281D4C,12
FUN_00281d50,0x00281D50,0x00281D58,8
FUN_00281d60,0x00281D60,0x00281D6C,12
FUN_00281d70,0x00281D70,0x00281EA0,304
FUN_00281ea0,0x00281EA0,0x00281FFC,348
FUN_00282000,0x00282000,0x002820F8,248
FUN_00282100,0x00282100,0x0028216C,108
FUN_00282170,0x00282170,0x002821EC,124
FUN_002821f0,0x002821F0,0x00282274,132
FUN_00282280,0x00282280,0x002822F0,112
gap_002822f0,0x002822F0,0x00282310,32
FUN_00282310,0x00282310,0x00282600,752
gap_00282600,0x00282600,0x00282610,16
FUN_00282610,0x00282610,0x00282748,312
FUN_00282750,0x00282750,0x00282764,20
FUN_00282770,0x00282770,0x002828C8,344
FUN_002828d0,0x002828D0,0x002829BC,236
FUN_002829c0,0x002829C0,0x00282AD4,276
FUN_00282ae0,0x00282AE0,0x00282B30,80
FUN_00282b30,0x00282B30,0x00282BE4,180
FUN_00282bf0,0x00282BF0,0x00282C78,136
FUN_00282c80,0x00282C80,0x00282C88,8
FUN_00282c90,0x00282C90,0x00282E00,368
FUN_00282e00,0x00282E00,0x002830CC,716
gap_002830d0,0x002830D0,0x002830D8,8
gap_002830e0,0x002830E0,0x002833EC,780
FUN_002833f0,0x002833F0,0x00283428,56
FUN_00283430,0x00283430,0x0028363C,524
FUN_00283640,0x00283640,0x00283654,20
gap_00283660,0x00283660,0x00283668,8
FUN_00283670,0x00283670,0x002839C4,852
FUN_002839d0,0x002839D0,0x00283AD0,256
FUN_00283ad0,0x00283AD0,0x00283AF8,40
gap_00283b00,0x00283B00,0x00283B08,8
FUN_00283b10,0x00283B10,0x00283E60,848
gap_00283e60,0x00283E60,0x00283E90,48
FUN_00283e90,0x00283E90,0x00283F84,244
FUN_00283f90,0x00283F90,0x00284230,672
FUN_00284230,0x00284230,0x00284244,20
FUN_00284250,0x00284250,0x00284280,48
FUN_00284280,0x00284280,0x00284304,132
FUN_00284310,0x00284310,0x002843E0,208
gap_002843e0,0x002843E0,0x0028441C,60
FUN_00284420,0x00284420,0x00284574,340
FUN_00284580,0x00284580,0x0028472C,428
FUN_00284730,0x00284730,0x0028491C,492
FUN_00284920,0x00284920,0x00284A08,232
gap_00284a10,0x00284A10,0x00284A2C,28
FUN_00284a30,0x00284A30,0x00284C70,576
FUN_00284c70,0x00284C70,0x00284DA8,312
gap_00284db0,0x00284DB0,0x00284DC0,16
FUN_00284dc0,0x00284DC0,0x00284E58,152
gap_00284e60,0x00284E60,0x00284E68,8
FUN_00284e70,0x00284E70,0x00284EEC,124
FUN_00284ef0,0x00284EF0,0x00284F74,132
gap_00284f80,0x00284F80,0x00284F88,8
gap_00284f90,0x00284F90,0x00284F98,8
FUN_00284fa0,0x00284FA0,0x002852A4,772
FUN_002852b0,0x002852B0,0x002855FC,844
FUN_00285600,0x00285600,0x002856D0,208
thunk_FUN_00284fa0,0x002856D0,0x002856D8,8
thunk_FUN_002852b0,0x002856E0,0x002856E8,8
FUN_002856f0,0x002856F0,0x0028573C,76
FUN_00285740,0x00285740,0x002857B8,120
FUN_002857c0,0x002857C0,0x00285800,64
FUN_00285800,0x00285800,0x0028589C,156
FUN_002858a0,0x002858A0,0x002858E8,72
thunk_FUN_002858fc,0x002858E8,0x002858F0,8
FUN_002858f0,0x002858F0,0x002858FC,12
FUN_002858fc,0x002858FC,0x00285918,28
FUN_00285918,0x00285918,0x00285924,12
gap_00285924,0x00285924,0x00285944,32
FUN_00285950,0x00285950,0x00285998,72
thunk_FUN_002859ac,0x00285998,0x002859A0,8
FUN_002859a0,0x002859A0,0x002859AC,12
FUN_002859ac,0x002859AC,0x002859C8,28
FUN_002859c8,0x002859C8,0x002859D4,12
gap_002859d4,0x002859D4,0x002859F4,32
FUN_00285a00,0x00285A00,0x00285A48,72
FUN_00285a50,0x00285A50,0x00285B64,276
FUN_00285b70,0x00285B70,0x00285E3C,716
FUN_00285e3c,0x00285E3C,0x00285E74,56
FUN_00285e80,0x00285E80,0x00285FF4,372
FUN_00286000,0x00286000,0x00286118,280
FUN_00286120,0x00286120,0x00286310,496
FUN_00286310,0x00286310,0x002864AC,412
FUN_002864b0,0x002864B0,0x00286A40,1424
FUN_00286a40,0x00286A40,0x00286AEC,172
FUN_00286af0,0x00286AF0,0x00286BC8,216
FUN_00286bd0,0x00286BD0,0x00286C30,96
FUN_00286c30,0x00286C30,0x00286CA0,112
FUN_00286ca0,0x00286CA0,0x00286D00,96
FUN_00286d00,0x00286D00,0x00286D80,128
FUN_00286d80,0x00286D80,0x00286DF0,112
FUN_00286df0,0x00286DF0,0x00286E4C,92
FUN_00286e50,0x00286E50,0x00286F98,328
FUN_00286fa0,0x00286FA0,0x00286FA8,8
FUN_00286fb0,0x00286FB0,0x00286FB8,8
FUN_00286fc0,0x00286FC0,0x00286FC8,8
FUN_00286fd0,0x00286FD0,0x00286FD8,8
FUN_00286fe0,0x00286FE0,0x00287060,128
FUN_00287060,0x00287060,0x00287144,228
FUN_00287150,0x00287150,0x00287568,1048
FUN_00287570,0x00287570,0x002876DC,364
FUN_002876e0,0x002876E0,0x00287710,48
FUN_00287710,0x00287710,0x00287788,120
FUN_00287790,0x00287790,0x002877A0,16
FUN_002877a0,0x002877A0,0x002877AC,12
FUN_002877b0,0x002877B0,0x002877B8,8
FUN_002877c0,0x002877C0,0x002877C8,8
FUN_002877d0,0x002877D0,0x00287804,52
FUN_00287810,0x00287810,0x00287860,80
FUN_00287860,0x00287860,0x002878C8,104
FUN_002878d0,0x002878D0,0x00287924,84
FUN_00287930,0x00287930,0x00287C18,744
FUN_00287c30,0x00287C30,0x00287DA0,368
FUN_00287da0,0x00287DA0,0x00287EB4,276
gap_00287ec0,0x00287EC0,0x00287EC8,8
gap_00287ed0,0x00287ED0,0x00287EF0,32
gap_00287ef0,0x00287EF0,0x00287EF8,8
gap_00287f00,0x00287F00,0x00287F08,8
gap_00287f10,0x00287F10,0x00287F18,8
gap_00287f20,0x00287F20,0x00287F28,8
gap_00287f30,0x00287F30,0x00287F38,8
FUN_00287f40,0x00287F40,0x00287F94,84
FUN_00287fa0,0x00287FA0,0x00288364,964
FUN_00288370,0x00288370,0x0028872C,956
FUN_00288730,0x00288730,0x0028888C,348
FUN_00288890,0x00288890,0x002889E4,340
FUN_002889f0,0x002889F0,0x00288C24,564
FUN_00288c30,0x00288C30,0x00288DCC,412
FUN_00288dd0,0x00288DD0,0x00288F00,304
FUN_00288f00,0x00288F00,0x00288F50,80
FUN_00288f50,0x00288F50,0x0028903C,236
FUN_00289040,0x00289040,0x002891FC,444
FUN_00289200,0x00289200,0x002892B0,176
gap_002892b0,0x002892B0,0x002892C0,16
FUN_002892c0,0x002892C0,0x002892E8,40
FUN_002892f0,0x002892F0,0x00289318,40
FUN_00289320,0x00289320,0x00289348,40
FUN_00289350,0x00289350,0x00289380,48
gap_00289380,0x00289380,0x00289388,8
FUN_00289390,0x00289390,0x00289630,672
FUN_00289630,0x00289630,0x00289654,36
FUN_00289660,0x00289660,0x002896E4,132
gap_002896f0,0x002896F0,0x002896F8,8
FUN_00289700,0x00289700,0x002897D4,212
FUN_002897e0,0x002897E0,0x00289898,184
gap_002898a0,0x002898A0,0x002898A8,8
FUN_002898b0,0x002898B0,0x00289B30,640
FUN_00289b30,0x00289B30,0x00289BBC,140
gap_00289bc0,0x00289BC0,0x00289BC8,8
FUN_00289bd0,0x00289BD0,0x00289E04,564
FUN_00289e10,0x00289E10,0x00289E34,36
FUN_00289e40,0x00289E40,0x00289ED8,152
FUN_00289ee0,0x00289EE0,0x00289F08,40
FUN_00289f10,0x00289F10,0x00289FF0,224
FUN_00289ff0,0x00289FF0,0x0028A074,132
FUN_0028a080,0x0028A080,0x0028A100,128
FUN_0028a100,0x0028A100,0x0028A34C,588
gap_0028a350,0x0028A350,0x0028A358,8
FUN_0028a360,0x0028A360,0x0028A454,244
FUN_0028a460,0x0028A460,0x0028A4F8,152
gap_0028a500,0x0028A500,0x0028A508,8
FUN_0028a510,0x0028A510,0x0028A5A8,152
FUN_0028a5b0,0x0028A5B0,0x0028A648,152
FUN_0028a650,0x0028A650,0x0028A6E4,148
FUN_0028a6f0,0x0028A6F0,0x0028A85C,364
FUN_0028a860,0x0028A860,0x0028A934,212
FUN_0028a940,0x0028A940,0x0028AA40,256
FUN_0028aa40,0x0028AA40,0x0028AB6C,300
FUN_0028ab70,0x0028AB70,0x0028ACC0,336
FUN_0028acc0,0x0028ACC0,0x0028ACE4,36
FUN_0028acf0,0x0028ACF0,0x0028AD24,52
gap_0028ad30,0x0028AD30,0x0028AD38,8
FUN_0028ad40,0x0028AD40,0x0028ADE0,160
FUN_0028ade0,0x0028ADE0,0x0028AEDC,252
FUN_0028aee0,0x0028AEE0,0x0028B2D4,1012
FUN_0028b2e0,0x0028B2E0,0x0028B44C,364
FUN_0028b450,0x0028B450,0x0028B458,8
FUN_0028b460,0x0028B460,0x0028B470,16
FUN_0028b470,0x0028B470,0x0028B478,8
FUN_0028b480,0x0028B480,0x0028B48C,12
FUN_0028b490,0x0028B490,0x0028B59C,268
FUN_0028b5a0,0x0028B5A0,0x0028B84C,684
FUN_0028b850,0x0028B850,0x0028C1F0,2464
FUN_0028c1f0,0x0028C1F0,0x0028C2F8,264
FUN_0028c300,0x0028C300,0x0028C440,320
FUN_0028c440,0x0028C440,0x0028C4A4,100
gap_0028c4b0,0x0028C4B0,0x0028C4B8,8
gap_0028c4c0,0x0028C4C0,0x0028C4CC,12
FUN_0028c4d0,0x0028C4D0,0x0028C758,648
FUN_0028c760,0x0028C760,0x0028C870,272
FUN_0028c870,0x0028C870,0x0028CA94,548
FUN_0028caa0,0x0028CAA0,0x0028D878,3544
FUN_0028d880,0x0028D880,0x0028D88C,12
FUN_0028d890,0x0028D890,0x0028D8E4,84
gap_0028d8f0,0x0028D8F0,0x0028D93C,76
gap_0028d940,0x0028D940,0x0028D96C,44
FUN_0028d970,0x0028D970,0x0028DA10,160
gap_0028da10,0x0028DA10,0x0028DA1C,12
FUN_0028da20,0x0028DA20,0x0028DA30,16
gap_0028da30,0x0028DA30,0x0028DA40,16
gap_0028da40,0x0028DA40,0x0028DA48,8
gap_0028da50,0x0028DA50,0x0028DA58,8
gap_0028da60,0x0028DA60,0x0028DA70,16
gap_0028da70,0x0028DA70,0x0028DA78,8
gap_0028da80,0x0028DA80,0x0028DA88,8
gap_0028da90,0x0028DA90,0x0028DA98,8
FUN_0028daa0,0x0028DAA0,0x0028DAA8,8
FUN_0028dab0,0x0028DAB0,0x0028DAB8,8
FUN_0028dac0,0x0028DAC0,0x0028DACC,12
gap_0028dad0,0x0028DAD0,0x0028DAE8,24
gap_0028daf0,0x0028DAF0,0x0028DAF8,8
FUN_0028db00,0x0028DB00,0x0028DC9C,412
FUN_0028dca0,0x0028DCA0,0x0028DCD4,52
FUN_0028dce0,0x0028DCE0,0x0028DDBC,220
FUN_0028ddc0,0x0028DDC0,0x0028DFD8,536
FUN_0028dfe0,0x0028DFE0,0x0028E03C,92
FUN_0028e040,0x0028E040,0x0028E070,48
FUN_0028e070,0x0028E070,0x0028E2B0,576
FUN_0028e2b0,0x0028E2B0,0x0028E3C0,272
FUN_0028e3c0,0x0028E3C0,0x0028E4DC,284
CBuildMonster__GetChara_logref_1,0x0028E4E0,0x0028E624,324
CBuildMonster__Regist_logref_1,0x0028E630,0x0028E7F0,448
FUN_0028e7f0,0x0028E7F0,0x0028E81C,44
FUN_0028e820,0x0028E820,0x0028E830,16
FUN_0028e830,0x0028E830,0x0028EB74,836
FUN_0028eb80,0x0028EB80,0x0028ED30,432
FUN_0028ed30,0x0028ED30,0x0028EF34,516
FUN_0028ef40,0x0028EF40,0x0028F2E8,936
FUN_0028f2f0,0x0028F2F0,0x0028F4A4,436
FUN_0028f4b0,0x0028F4B0,0x0028F830,896
FUN_0028f830,0x0028F830,0x0028F8E4,180
FUN_0028f8f0,0x0028F8F0,0x0028F96C,124
FUN_0028f970,0x0028F970,0x0028FA20,176
FUN_0028fa20,0x0028FA20,0x0028FACC,172
FUN_0028fad0,0x0028FAD0,0x0028FBCC,252
FUN_0028fbd0,0x0028FBD0,0x0028FCE4,276
FUN_0028fcf0,0x0028FCF0,0x0028FDC0,208
FUN_0028fdc0,0x0028FDC0,0x0028FE1C,92
FUN_0028fe20,0x0028FE20,0x0028FE28,8
FUN_0028fe30,0x0028FE30,0x0028FE38,8
dq_2nd_chk_cpp__assert_ref_1,0x0028FE40,0x0028FF7C,316
dq_2nd_chk_cpp__assert_ref_2,0x0028FF80,0x00290048,200
FUN_00290050,0x00290050,0x00290094,68
FUN_002900a0,0x002900A0,0x00290164,196
FUN_00290170,0x00290170,0x002901EC,124
FUN_002901f0,0x002901F0,0x00290298,168
FUN_002902a0,0x002902A0,0x00290398,248
FUN_002903a0,0x002903A0,0x002903AC,12
FUN_002903b0,0x002903B0,0x002904CC,284
FUN_002904d0,0x002904D0,0x0029060C,316
FUN_00290610,0x00290610,0x002906F0,224
FUN_002906f0,0x002906F0,0x002907E8,248
FUN_002907f0,0x002907F0,0x002908E8,248
FUN_002908f0,0x002908F0,0x002909D8,232
FUN_002909e0,0x002909E0,0x00290AC0,224
FUN_00290ac0,0x00290AC0,0x00290BA0,224
FUN_00290ba0,0x00290BA0,0x00290CB0,272
FUN_00290cb0,0x00290CB0,0x00290DC0,272
FUN_00290dc0,0x00290DC0,0x00290EE8,296
FUN_00290ef0,0x00290EF0,0x00290FE0,240
FUN_00290fe0,0x00290FE0,0x002910EC,268
FUN_002910f0,0x002910F0,0x0029118C,156
FUN_00291190,0x00291190,0x00291248,184
FUN_00291250,0x00291250,0x002913A4,340
FUN_002913b0,0x002913B0,0x002914D4,292
FUN_002914e0,0x002914E0,0x00291604,292
FUN_00291610,0x00291610,0x002917D8,456
FUN_002917e0,0x002917E0,0x00291828,72
FUN_00291830,0x00291830,0x00291838,8
gap_00291840,0x00291840,0x00291848,8
FUN_00291850,0x00291850,0x00291980,304
FUN_00291980,0x00291980,0x002919E8,104
FUN_002919f0,0x002919F0,0x00291A38,72
FUN_00291a40,0x00291A40,0x00291A98,88
FUN_00291aa0,0x00291AA0,0x00291ADC,60
FUN_00291ae0,0x00291AE0,0x00291BF4,276
gap_00291c00,0x00291C00,0x00291C08,8
gap_00291c10,0x00291C10,0x00291C18,8
gap_00291c20,0x00291C20,0x00291D58,312
FUN_00291d60,0x00291D60,0x00291DC0,96
FUN_00291dc0,0x00291DC0,0x00291F20,352
FUN_00291f20,0x00291F20,0x00291F40,32
FUN_00291f40,0x00291F40,0x00291F60,32
FUN_00291f60,0x00291F60,0x00291F80,32
FUN_00291f80,0x00291F80,0x00291FA0,32
FUN_00291fa0,0x00291FA0,0x00292000,96
FUN_00292000,0x00292000,0x00292048,72
FUN_00292050,0x00292050,0x002920DC,140
FUN_002920e0,0x002920E0,0x0029212C,76
FUN_00292130,0x00292130,0x0029218C,92
FUN_00292190,0x00292190,0x00292248,184
FUN_00292250,0x00292250,0x00292334,228
FUN_00292340,0x00292340,0x002925A4,612
FUN_002925b0,0x002925B0,0x0029261C,108
FUN_00292620,0x00292620,0x0029269C,124
FUN_002926a0,0x002926A0,0x00292728,136
gap_00292730,0x00292730,0x00292738,8
gap_00292740,0x00292740,0x0029279C,92
FUN_002927a0,0x002927A0,0x002927FC,92
FUN_00292800,0x00292800,0x0029285C,92
FUN_00292860,0x00292860,0x002928CC,108
FUN_002928d0,0x002928D0,0x0029294C,124
FUN_00292950,0x00292950,0x002929A4,84
FUN_002929b0,0x002929B0,0x002929FC,76
FUN_00292a00,0x00292A00,0x00292A58,88
FUN_00292a60,0x00292A60,0x00292AB8,88
FUN_00292ac0,0x00292AC0,0x00292B1C,92
FUN_00292b20,0x00292B20,0x00292B74,84
FUN_00292b80,0x00292B80,0x00292C64,228
FUN_00292c70,0x00292C70,0x00292CAC,60
FUN_00292cb0,0x00292CB0,0x00292D08,88
FUN_00292d10,0x00292D10,0x00292D84,116
FUN_00292d90,0x00292D90,0x00292E04,116
FUN_00292e10,0x00292E10,0x00292E64,84
FUN_00292e70,0x00292E70,0x00292ED4,100
FUN_00292ee0,0x00292EE0,0x00292F34,84
FUN_00292f40,0x00292F40,0x00292F94,84
FUN_00292fa0,0x00292FA0,0x00292FF4,84
FUN_00293000,0x00293000,0x00293048,72
FUN_00293050,0x00293050,0x00293094,68
FUN_002930a0,0x002930A0,0x002930F8,88
FUN_00293100,0x00293100,0x00293250,336
FUN_00293250,0x00293250,0x002933B8,360
FUN_002933c0,0x002933C0,0x00293500,320
FUN_00293500,0x00293500,0x0029363C,316
FUN_00293640,0x00293640,0x0029369C,92
FUN_002936a0,0x002936A0,0x00293784,228
FUN_00293790,0x00293790,0x00293864,212
FUN_00293870,0x00293870,0x002938E8,120
FUN_002938f0,0x002938F0,0x00293948,88
FUN_00293950,0x00293950,0x002939A8,88
FUN_002939b0,0x002939B0,0x00293A34,132
FUN_00293a40,0x00293A40,0x00293ABC,124
FUN_00293ac0,0x00293AC0,0x00293BA4,228
FUN_00293bb0,0x00293BB0,0x00293C4C,156
FUN_00293c50,0x00293C50,0x00293CB0,96
FUN_00293cb0,0x00293CB0,0x00293D1C,108
FUN_00293d20,0x00293D20,0x00293D84,100
FUN_00293d90,0x00293D90,0x00294000,624
FUN_00294000,0x00294000,0x0029404C,76
FUN_00294050,0x00294050,0x002940B4,100
FUN_002940c0,0x002940C0,0x002941FC,316
FUN_00294200,0x00294200,0x00294340,320
FUN_00294340,0x00294340,0x002943B0,112
FUN_002943b0,0x002943B0,0x00294428,120
FUN_00294430,0x00294430,0x0029448C,92
FUN_00294490,0x00294490,0x002944F4,100
FUN_00294500,0x00294500,0x00294574,116
FUN_00294580,0x00294580,0x002945CC,76
FUN_002945d0,0x002945D0,0x0029460C,60
FUN_00294610,0x00294610,0x00294668,88
FUN_00294670,0x00294670,0x002946E4,116
FUN_002946f0,0x002946F0,0x0029472C,60
FUN_00294730,0x00294730,0x00294784,84
FUN_00294790,0x00294790,0x002947E4,84
FUN_002947f0,0x002947F0,0x00294844,84
FUN_00294850,0x00294850,0x0029488C,60
FUN_00294890,0x00294890,0x002948F0,96
FUN_002948f0,0x002948F0,0x0029494C,92
FUN_00294950,0x00294950,0x0029498C,60
FUN_00294990,0x00294990,0x002949E4,84
FUN_002949f0,0x002949F0,0x00294A3C,76
FUN_00294a40,0x00294A40,0x00294A94,84
FUN_00294aa0,0x00294AA0,0x00294AEC,76
FUN_00294af0,0x00294AF0,0x00294B44,84
FUN_00294b50,0x00294B50,0x00294BCC,124
FUN_00294bd0,0x00294BD0,0x00294C18,72
FUN_00294c20,0x00294C20,0x00294C5C,60
FUN_00294c60,0x00294C60,0x00294CB4,84
FUN_00294cc0,0x00294CC0,0x00294CFC,60
FUN_00294d00,0x00294D00,0x00294D58,88
FUN_00294d60,0x00294D60,0x00294D9C,60
FUN_00294da0,0x00294DA0,0x00294DF8,88
FUN_00294e00,0x00294E00,0x00294E6C,108
FUN_00294e70,0x00294E70,0x00294EC8,88
FUN_00294ed0,0x00294ED0,0x00294F28,88
FUN_00294f30,0x00294F30,0x00294F6C,60
FUN_00294f70,0x00294F70,0x00294FC8,88
FUN_00294fd0,0x00294FD0,0x0029502C,92
FUN_00295030,0x00295030,0x00295090,96
FUN_00295090,0x00295090,0x00295110,128
FUN_00295110,0x00295110,0x002951BC,172
FUN_002951c0,0x002951C0,0x00295218,88
FUN_00295220,0x00295220,0x00295280,96
FUN_00295280,0x00295280,0x002953C8,328
FUN_002953d0,0x002953D0,0x002953D8,8
FUN_002953e0,0x002953E0,0x002953E8,8
FUN_002953f0,0x002953F0,0x002954AC,188
FUN_002954b0,0x002954B0,0x00295564,180
FUN_00295570,0x00295570,0x002955C4,84
FUN_002955d0,0x002955D0,0x00295668,152
FUN_00295670,0x00295670,0x002956A0,48
FUN_002956a0,0x002956A0,0x002956D0,48
FUN_002956d0,0x002956D0,0x002956F0,32
FUN_002956f0,0x002956F0,0x00295710,32
FUN_00295710,0x00295710,0x00295730,32
FUN_00295730,0x00295730,0x00295750,32
dq_2nd_chk_cpp__assert_ref_3,0x00295750,0x0029585C,268
FUN_00295860,0x00295860,0x002959A0,320
FUN_002959a0,0x002959A0,0x00295A28,136
FUN_00295a30,0x00295A30,0x00295A74,68
thunk_FUN_00295a90,0x00295A80,0x00295A88,8
FUN_00295a90,0x00295A90,0x00295A98,8
FUN_00295aa0,0x00295AA0,0x00295ADC,60
FUN_00295ae0,0x00295AE0,0x00295AE8,8
FUN_00295af0,0x00295AF0,0x00295AF8,8
FUN_00295b00,0x00295B00,0x00295B08,8
FUN_00295b10,0x00295B10,0x00295B18,8
thunk_FUN_00354510,0x00295B20,0x00295B28,8
FUN_00295b30,0x00295B30,0x00295B38,8
thunk_FUN_00354570,0x00295B40,0x00295B48,8
FUN_00295b50,0x00295B50,0x00295B58,8
FUN_00295b60,0x00295B60,0x00295B68,8
thunk_FUN_003545d0,0x00295B70,0x00295B78,8
FUN_00295b80,0x00295B80,0x00295B88,8
FUN_00295b90,0x00295B90,0x00295B98,8
thunk_FUN_00354630,0x00295BA0,0x00295BA8,8
FUN_00295bb0,0x00295BB0,0x00295BB8,8
thunk_FUN_00353f40,0x00295BC0,0x00295BC8,8
FUN_00295bd0,0x00295BD0,0x00295BD8,8
FUN_00295be0,0x00295BE0,0x00295C00,32
thunk_FUN_00354690,0x00295C00,0x00295C08,8
FUN_00295c10,0x00295C10,0x00295C18,8
FUN_00295c20,0x00295C20,0x00295C40,32
thunk_FUN_00354700,0x00295C40,0x00295C48,8
FUN_00295c50,0x00295C50,0x00295CE8,152
FUN_00295cf0,0x00295CF0,0x00295D64,116
FUN_00295d70,0x00295D70,0x00296158,1000
FUN_00296160,0x00296160,0x00296168,8
FUN_00296170,0x00296170,0x002964EC,892
FUN_002964f0,0x002964F0,0x00296650,352
FUN_00296650,0x00296650,0x002966F0,160
FUN_002966f0,0x002966F0,0x002966F8,8
FUN_00296700,0x00296700,0x00296710,16
FUN_00296710,0x00296710,0x00296718,8
FUN_00296720,0x00296720,0x00296BB8,1176
FUN_00296bc0,0x00296BC0,0x00296C28,104
FUN_00296c30,0x00296C30,0x00296D4C,284
FUN_00296d50,0x00296D50,0x00296DCC,124
FUN_00296dd0,0x00296DD0,0x00296E5C,140
FUN_00296e60,0x00296E60,0x00296E8C,44
FUN_00296e90,0x00296E90,0x00296E9C,12
FUN_00296ea0,0x00296EA0,0x00296EB8,24
FUN_00296ec0,0x00296EC0,0x00296EF8,56
FUN_00296f00,0x00296F00,0x00296F34,52
FUN_00296f40,0x00296F40,0x00297098,344
FUN_002970a0,0x002970A0,0x002970A8,8
FUN_002970b0,0x002970B0,0x0029715C,172
FUN_00297160,0x00297160,0x002971F4,148
FUN_00297200,0x00297200,0x00297440,576
FUN_00297440,0x00297440,0x0029747C,60
FUN_00297480,0x00297480,0x00297538,184
FUN_00297540,0x00297540,0x00297574,52
FUN_00297580,0x00297580,0x00297588,8
FUN_00297590,0x00297590,0x00297720,400
FUN_00297720,0x00297720,0x0029775C,60
FUN_00297760,0x00297760,0x0029782C,204
FUN_00297830,0x00297830,0x00297B54,804
FUN_00297b60,0x00297B60,0x00297C88,296
FUN_00297c90,0x00297C90,0x00297D60,208
FUN_00297d60,0x00297D60,0x00297EF0,400
FUN_00297ef0,0x00297EF0,0x002980F4,516
FUN_00298100,0x00298100,0x002981DC,220
FUN_002981e0,0x002981E0,0x002982B4,212
FUN_002982c0,0x002982C0,0x002985B0,752
FUN_002985b0,0x002985B0,0x002985D8,40
FUN_002985e0,0x002985E0,0x002986C0,224
FUN_002986c0,0x002986C0,0x002986FC,60
FUN_00298700,0x00298700,0x002987D0,208
FUN_002987d0,0x002987D0,0x00298830,96
FUN_00298830,0x00298830,0x00298AD8,680
FUN_00298ae0,0x00298AE0,0x00298B24,68
FUN_00298b30,0x00298B30,0x00298C7C,332
dq_monster_ai_h__assert_ref_5,0x00298C80,0x00298CE8,104
FUN_00298cf0,0x00298CF0,0x00298DE8,248
FUN_00298df0,0x00298DF0,0x00298EBC,204
FUN_00298ec0,0x00298EC0,0x00298F58,152
FUN_00298f60,0x00298F60,0x002991D4,628
FUN_002991e0,0x002991E0,0x00299280,160
FUN_00299280,0x00299280,0x002993EC,364
FUN_002993ec,0x002993EC,0x002994DC,240
FUN_002994e0,0x002994E0,0x002995B0,208
FUN_002995b0,0x002995B0,0x0029965C,172
FUN_00299660,0x00299660,0x0029979C,316
dq_monster_ai_cpp__assert_ref_4,0x002997A0,0x00299844,164
FUN_00299850,0x00299850,0x00299BA4,852
FUN_00299bb0,0x00299BB0,0x00299C74,196
FUN_00299c80,0x00299C80,0x00299D18,152
FUN_00299d20,0x00299D20,0x00299F38,536
FUN_00299f40,0x00299F40,0x0029A240,768
FUN_0029a240,0x0029A240,0x0029A3E8,424
FUN_0029a3f0,0x0029A3F0,0x0029A618,552
FUN_0029a620,0x0029A620,0x0029A628,8
FUN_0029a630,0x0029A630,0x0029A678,72
FUN_0029a680,0x0029A680,0x0029A70C,140
FUN_0029a710,0x0029A710,0x0029A7DC,204
FUN_0029a7e0,0x0029A7E0,0x0029A95C,380
FUN_0029a960,0x0029A960,0x0029AA80,288
FUN_0029aa80,0x0029AA80,0x0029AB54,212
FUN_0029ab60,0x0029AB60,0x0029ACB8,344
FUN_0029acc0,0x0029ACC0,0x0029AE9C,476
dq_monster_ai_cpp__assert_ref_3,0x0029AEA0,0x0029B0E0,576
FUN_0029b0e0,0x0029B0E0,0x0029B148,104
FUN_0029b150,0x0029B150,0x0029B178,40
FUN_0029b180,0x0029B180,0x0029B1B8,56
FUN_0029b1c0,0x0029B1C0,0x0029B21C,92
FUN_0029b220,0x0029B220,0x0029B250,48
FUN_0029b250,0x0029B250,0x0029B25C,12
FUN_0029b260,0x0029B260,0x0029B298,56
FUN_0029b2a0,0x0029B2A0,0x0029B2B8,24
FUN_0029b2c0,0x0029B2C0,0x0029B2E8,40
FUN_0029b2f0,0x0029B2F0,0x0029B304,20
FUN_0029b310,0x0029B310,0x0029B35C,76
FUN_0029b360,0x0029B360,0x0029B4C4,356
dq_monster_ai_cpp__assert_ref_2,0x0029B4D0,0x0029B66C,412
FUN_0029b670,0x0029B670,0x0029B67C,12
FUN_0029b680,0x0029B680,0x0029B6F4,116
FUN_0029b700,0x0029B700,0x0029B778,120
FUN_0029b780,0x0029B780,0x0029B7E0,96
FUN_0029b7e0,0x0029B7E0,0x0029B83C,92
FUN_0029b840,0x0029B840,0x0029B8A8,104
FUN_0029b8b0,0x0029B8B0,0x0029B91C,108
FUN_0029b920,0x0029B920,0x0029B97C,92
FUN_0029b980,0x0029B980,0x0029BC74,756
FUN_0029bc80,0x0029BC80,0x0029BCE8,104
FUN_0029bcf0,0x0029BCF0,0x0029BCF8,8
FUN_0029bd00,0x0029BD00,0x0029BD68,104
gap_0029bd70,0x0029BD70,0x0029BD7C,12
dq_monster_ai_cpp__assert_ref_1,0x0029BD80,0x0029BF14,404
FUN_0029bf20,0x0029BF20,0x0029BFA4,132
FUN_0029bfb0,0x0029BFB0,0x0029C070,192
FUN_0029c070,0x0029C070,0x0029C0A0,48
FUN_0029c0a0,0x0029C0A0,0x0029C0E0,64
FUN_0029c0e0,0x0029C0E0,0x0029C134,84
FUN_0029c140,0x0029C140,0x0029C2D0,400
FUN_0029c2d0,0x0029C2D0,0x0029C310,64
FUN_0029c310,0x0029C310,0x0029C94C,1596
FUN_0029c950,0x0029C950,0x0029C9A4,84
FUN_0029c9b0,0x0029C9B0,0x0029CA40,144
dq_monster_ai_cpp__assert_ref_5,0x0029CA40,0x0029CCC8,648
FUN_0029ccd0,0x0029CCD0,0x0029CDC8,248
FUN_0029cdd0,0x0029CDD0,0x0029D928,2904
FUN_0029d930,0x0029D930,0x0029D93C,12
FUN_0029d940,0x0029D940,0x0029D9CC,140
FUN_0029d9d0,0x0029D9D0,0x0029DA14,68
FUN_0029da20,0x0029DA20,0x0029DA88,104
FUN_0029da90,0x0029DA90,0x0029DA98,8
FUN_0029daa0,0x0029DAA0,0x0029DAA8,8
FUN_0029dab0,0x0029DAB0,0x0029DAC0,16
FUN_0029dac0,0x0029DAC0,0x0029DB08,72
FUN_0029db10,0x0029DB10,0x0029DDA8,664
FUN_0029ddb0,0x0029DDB0,0x0029DDC0,16
FUN_0029ddc0,0x0029DDC0,0x0029DE00,64
FUN_0029de00,0x0029DE00,0x0029DEE0,224
FUN_0029dee0,0x0029DEE0,0x0029DFD4,244
FUN_0029dfe0,0x0029DFE0,0x0029E20C,556
gap_0029e20c,0x0029E20C,0x0029E224,24
FUN_0029e230,0x0029E230,0x0029E2F0,192
FUN_0029e2f0,0x0029E2F0,0x0029E420,304
FUN_0029e420,0x0029E420,0x0029E428,8
FUN_0029e430,0x0029E430,0x0029E4C4,148
FUN_0029e4d0,0x0029E4D0,0x0029E8B4,996
FUN_0029e8c0,0x0029E8C0,0x0029F50C,3148
FUN_0029f510,0x0029F510,0x0029FBF4,1764
FUN_0029fc00,0x0029FC00,0x0029FF74,884
FUN_0029ff80,0x0029FF80,0x002A014C,460
FUN_002a0150,0x002A0150,0x002A0228,216
FUN_002a0230,0x002A0230,0x002A041C,492
FUN_002a0420,0x002A0420,0x002A04D0,176
FUN_002a04d0,0x002A04D0,0x002A0514,68
FUN_002a0520,0x002A0520,0x002A0558,56
FUN_002a0560,0x002A0560,0x002A05B8,88
FUN_002a05c0,0x002A05C0,0x002A061C,92
FUN_002a0620,0x002A0620,0x002A0670,80
FUN_002a0670,0x002A0670,0x002A0768,248
FUN_002a0770,0x002A0770,0x002A07C0,80
FUN_002a07c0,0x002A07C0,0x002A0A70,688
FUN_002a0a70,0x002A0A70,0x002A0A7C,12
FUN_002a0a80,0x002A0A80,0x002A0AA8,40
FUN_002a0ab0,0x002A0AB0,0x002A0D74,708
FUN_002a0d80,0x002A0D80,0x002A137C,1532
FUN_002a1380,0x002A1380,0x002A14D4,340
thunk_FUN_002a1650,0x002A14E0,0x002A14E8,8
FUN_002a14f0,0x002A14F0,0x002A14F8,8
FUN_002a1500,0x002A1500,0x002A1644,324
FUN_002a1650,0x002A1650,0x002A1844,500
FUN_002a1850,0x002A1850,0x002A19F0,416
FUN_002a19f0,0x002A19F0,0x002A19F8,8
FUN_002a19f8,0x002A19F8,0x002A1A14,28
FUN_002a1a20,0x002A1A20,0x002A1A9C,124
FUN_002a1aa0,0x002A1AA0,0x002A1AEC,76
FUN_002a1af0,0x002A1AF0,0x002A1BB0,192
FUN_002a1bb0,0x002A1BB0,0x002A1DFC,588
FUN_002a1e00,0x002A1E00,0x002A1F18,280
FUN_002a1f20,0x002A1F20,0x002A1F80,96
FUN_002a1f80,0x002A1F80,0x002A2070,240
FUN_002a2070,0x002A2070,0x002A2230,448
FUN_002a2230,0x002A2230,0x002A2560,816
FUN_002a2560,0x002A2560,0x002A26F0,400
FUN_002a26f0,0x002A26F0,0x002A28C0,464
FUN_002a28c0,0x002A28C0,0x002A28C8,8
FUN_002a28d0,0x002A28D0,0x002A2B18,584
FUN_002a2b20,0x002A2B20,0x002A2C10,240
FUN_002a2c10,0x002A2C10,0x002A3888,3192
FUN_002a3890,0x002A3890,0x002A39F4,356
FUN_002a3a00,0x002A3A00,0x002A749C,15004
FUN_002a74a0,0x002A74A0,0x002A75D0,304
FUN_002a75d0,0x002A75D0,0x002A9B7C,9644
FUN_002a96f0,0x002A96F0,0x002A9B74,1156
FUN_002a9b7c,0x002A9B7C,0x002A9E18,668
FUN_002a9e20,0x002A9E20,0x002AAAB8,3224
FUN_002aaac0,0x002AAAC0,0x002AACC0,512
FUN_002aacc0,0x002AACC0,0x002AB2A8,1512
FUN_002ab2b0,0x002AB2B0,0x002AC72C,5244
gap_002ac730,0x002AC730,0x002AC73C,12
FUN_002ac740,0x002AC740,0x002AC9FC,700
FUN_002aca00,0x002ACA00,0x002ACB34,308
FUN_002acb40,0x002ACB40,0x002ACC58,280
FUN_002acc60,0x002ACC60,0x002ACDE0,384
FUN_002acde0,0x002ACDE0,0x002ACED0,240
FUN_002aced0,0x002ACED0,0x002ACFA8,216
FUN_002acfb0,0x002ACFB0,0x002AD390,992
FUN_002ad390,0x002AD390,0x002AD5E0,592
FUN_002ad5e0,0x002AD5E0,0x002AD6E0,256
FUN_002ad6e0,0x002AD6E0,0x002AD8AC,460
FUN_002ad8b0,0x002AD8B0,0x002AD8B8,8
FUN_002ad8c0,0x002AD8C0,0x002AD934,116
FUN_002ad940,0x002AD940,0x002AD984,68
FUN_002ad990,0x002AD990,0x002ADA3C,172
FUN_002ada40,0x002ADA40,0x002ADA90,80
FUN_002ada90,0x002ADA90,0x002ADD5C,716
FUN_002add60,0x002ADD60,0x002ADDF8,152
FUN_002ade00,0x002ADE00,0x002ADE5C,92
FUN_002ade60,0x002ADE60,0x002ADFBC,348
FUN_002adfc0,0x002ADFC0,0x002AE004,68
FUN_002ae010,0x002AE010,0x002AE094,132
FUN_002ae0a0,0x002AE0A0,0x002AE374,724
FUN_002ae380,0x002AE380,0x002AE634,692
FUN_002ae640,0x002AE640,0x002AE780,320
FUN_002ae780,0x002AE780,0x002AE7C4,68
FUN_002ae7d0,0x002AE7D0,0x002AE81C,76
FUN_002ae820,0x002AE820,0x002AE8C8,168
FUN_002ae8d0,0x002AE8D0,0x002AE940,112
FUN_002ae940,0x002AE940,0x002AE998,88
FUN_002ae9a0,0x002AE9A0,0x002AEA00,96
FUN_002aea00,0x002AEA00,0x002AEA5C,92
FUN_002aea60,0x002AEA60,0x002AEAF0,144
FUN_002aeaf0,0x002AEAF0,0x002AEB34,68
FUN_002aeb40,0x002AEB40,0x002AECE8,424
FUN_002aecf0,0x002AECF0,0x002AED30,64
FUN_002aed30,0x002AED30,0x002AED70,64
FUN_002aed70,0x002AED70,0x002AEDD0,96
FUN_002aedd0,0x002AEDD0,0x002AEE58,136
FUN_002aee60,0x002AEE60,0x002AEFE4,388
FUN_002aeff0,0x002AEFF0,0x002AF034,68
FUN_002af040,0x002AF040,0x002AF0D4,148
FUN_002af0e0,0x002AF0E0,0x002AF148,104
FUN_002af150,0x002AF150,0x002AF2B0,352
FUN_002af2b0,0x002AF2B0,0x002AF4DC,556
gap_002af4e0,0x002AF4E0,0x002AF504,36
FUN_002af510,0x002AF510,0x002AF58C,124
gap_002af590,0x002AF590,0x002AF5A4,20
FUN_002af5b0,0x002AF5B0,0x002AF65C,172
FUN_002af660,0x002AF660,0x002AF6D0,112
FUN_002af6d0,0x002AF6D0,0x002AF740,112
FUN_002af740,0x002AF740,0x002AF7B0,112
FUN_002af7b0,0x002AF7B0,0x002AF820,112
FUN_002af820,0x002AF820,0x002AF840,32
FUN_002af840,0x002AF840,0x002AF888,72
FUN_002af890,0x002AF890,0x002AF954,196
FUN_002af960,0x002AF960,0x002AFA1C,188
FUN_002afa1c,0x002AFA1C,0x002AFA34,24
FUN_002afa40,0x002AFA40,0x002AFA6C,44
FUN_002afa70,0x002AFA70,0x002AFAF4,132
FUN_002afb00,0x002AFB00,0x002AFB80,128
FUN_002afb80,0x002AFB80,0x002AFBC8,72
FUN_002afbd0,0x002AFBD0,0x002AFD5C,396
FUN_002afd60,0x002AFD60,0x002AFEC8,360
FUN_002afed0,0x002AFED0,0x002AFF08,56
FUN_002aff10,0x002AFF10,0x002B01B4,676
FUN_002b01c0,0x002B01C0,0x002B0344,388
FUN_002b0350,0x002B0350,0x002B0410,192
FUN_002b0410,0x002B0410,0x002B07F0,992
FUN_002b07f0,0x002B07F0,0x002B0AC8,728
FUN_002b0ad0,0x002B0AD0,0x002B0B34,100
FUN_002b0b40,0x002B0B40,0x002B0CAC,364
FUN_002b0cb0,0x002B0CB0,0x002B0D6C,188
FUN_002b0d70,0x002B0D70,0x002B0E40,208
FUN_002b0e40,0x002B0E40,0x002B0F10,208
FUN_002b0f10,0x002B0F10,0x002B0FBC,172
FUN_002b0fc0,0x002B0FC0,0x002B0FD0,16
FUN_002b0fd0,0x002B0FD0,0x002B1008,56
FUN_002b1010,0x002B1010,0x002B1090,128
FUN_002b1090,0x002B1090,0x002B1478,1000
FUN_002b1480,0x002B1480,0x002B15E0,352
dq_monster_ai_h__assert_ref_4,0x002B15E0,0x002B1B28,1352
FUN_002b1b30,0x002B1B30,0x002B1D54,548
FUN_002b1d60,0x002B1D60,0x002B1F48,488
FUN_002b1f50,0x002B1F50,0x002B1FC0,112
FUN_002b1fc0,0x002B1FC0,0x002B2008,72
FUN_002b2010,0x002B2010,0x002B206C,92
FUN_002b2070,0x002B2070,0x002B20A8,56
FUN_002b20b0,0x002B20B0,0x002B20E4,52
FUN_002b20f0,0x002B20F0,0x002B213C,76
FUN_002b2140,0x002B2140,0x002B2784,1604
dq_monster_ai_h__assert_ref_3,0x002B2790,0x002B2EF0,1888
FUN_002b2ef0,0x002B2EF0,0x002B2F68,120
FUN_002b2f70,0x002B2F70,0x002B3608,1688
FUN_002b3610,0x002B3610,0x002B37C0,432
FUN_002b37c0,0x002B37C0,0x002B3924,356
FUN_002b3930,0x002B3930,0x002B3C78,840
dq_monster_ai_h__assert_ref_1,0x002B3C80,0x002B3E28,424
FUN_002b3e30,0x002B3E30,0x002B3F44,276
FUN_002b3f50,0x002B3F50,0x002B4044,244
FUN_002b4050,0x002B4050,0x002B4A60,2576
FUN_002b4a60,0x002B4A60,0x002B4BF4,404
FUN_002b4c00,0x002B4C00,0x002B4C54,84
FUN_002b4c60,0x002B4C60,0x002B6C28,8136
FUN_002b6c30,0x002B6C30,0x002B6C60,48
FUN_002b6c60,0x002B6C60,0x002B6C68,8
FUN_002b6c70,0x002B6C70,0x002B6E1C,428
FUN_002b6e20,0x002B6E20,0x002B6EFC,220
FUN_002b6f00,0x002B6F00,0x002B6F5C,92
btl_playdata_cpp__assert_ref_1,0x002B6F60,0x002B7BA8,3144
FUN_002b7bb0,0x002B7BB0,0x002B7C1C,108
FUN_002b7c1c,0x002B7C1C,0x002B7C6C,80
FUN_002b7c6c,0x002B7C6C,0x002B7C98,44
FUN_002b7ca0,0x002B7CA0,0x002B7CB0,16
FUN_002b7cb0,0x002B7CB0,0x002B7CE0,48
FUN_002b7ce0,0x002B7CE0,0x002B7CF0,16
FUN_002b7cf0,0x002B7CF0,0x002B7CFC,12
FUN_002b7d00,0x002B7D00,0x002B7D90,144
FUN_002b7d90,0x002B7D90,0x002B7DD4,68
FUN_002b7de0,0x002B7DE0,0x002B7DEC,12
FUN_002b7df0,0x002B7DF0,0x002B7E60,112
FUN_002b7e60,0x002B7E60,0x002B7F24,196
FUN_002b7f30,0x002B7F30,0x002B7F4C,28
FUN_002b7f50,0x002B7F50,0x002B7F8C,60
FUN_002b7f90,0x002B7F90,0x002B7FC4,52
FUN_002b7fd0,0x002B7FD0,0x002B8024,84
FUN_002b8030,0x002B8030,0x002B8090,96
FUN_002b8090,0x002B8090,0x002B887C,2028
FUN_002b8880,0x002B8880,0x002B89B4,308
FUN_002b89c0,0x002B89C0,0x002B8A40,128
FUN_002b8a40,0x002B8A40,0x002B8AFC,188
FUN_002b8afc,0x002B8AFC,0x002B8B60,100
FUN_002b8b60,0x002B8B60,0x002B8B78,24
gap_002b8b78,0x002B8B78,0x002B8B98,32
FUN_002b8ba0,0x002B8BA0,0x002B8BD4,52
FUN_002b8be0,0x002B8BE0,0x002B8CA0,192
FUN_002b8ca0,0x002B8CA0,0x002B8D4C,172
FUN_002b8d50,0x002B8D50,0x002B8EC0,368
FUN_002b8ec0,0x002B8EC0,0x002B92AC,1004
FUN_002b92b0,0x002B92B0,0x002B939C,236
FUN_002b93a0,0x002B93A0,0x002B93A8,8
FUN_002b93b0,0x002B93B0,0x002B93B8,8
FUN_002b93c0,0x002B93C0,0x002B93CC,12
FUN_002b93d0,0x002B93D0,0x002B9618,584
FUN_002b9620,0x002B9620,0x002B974C,300
FUN_002b9750,0x002B9750,0x002B9758,8
FUN_002b9760,0x002B9760,0x002B985C,252
FUN_002b9860,0x002B9860,0x002B9A00,416
FUN_002b9a00,0x002B9A00,0x002BA298,2200
FUN_002ba2a0,0x002BA2A0,0x002BA528,648
FUN_002ba530,0x002BA530,0x002BB824,4852
FUN_002bb830,0x002BB830,0x002BBD74,1348
FUN_002bbd80,0x002BBD80,0x002BC084,772
FUN_002bc090,0x002BC090,0x002BC0D0,64
FUN_002bc0d0,0x002BC0D0,0x002BC0D8,8
FUN_002bc0e0,0x002BC0E0,0x002BC13C,92
FUN_002bc140,0x002BC140,0x002BC1A0,96
FUN_002bc1a0,0x002BC1A0,0x002BC300,352
FUN_002bc300,0x002BC300,0x002BC35C,92
FUN_002bc360,0x002BC360,0x002BC368,8
FUN_002bc370,0x002BC370,0x002BC3A8,56
FUN_002bc3b0,0x002BC3B0,0x002BC3BC,12
FUN_002bc3c0,0x002BC3C0,0x002BC3C8,8
FUN_002bc3d0,0x002BC3D0,0x002BC408,56
FUN_002bc410,0x002BC410,0x002BC48C,124
FUN_002bc490,0x002BC490,0x002BC49C,12
FUN_002bc4a0,0x002BC4A0,0x002BC4D8,56
FUN_002bc4e0,0x002BC4E0,0x002BC564,132
FUN_002bc570,0x002BC570,0x002BC598,40
FUN_002bc5a0,0x002BC5A0,0x002BC624,132
FUN_002bc630,0x002BC630,0x002BC63C,12
FUN_002bc640,0x002BC640,0x002BC70C,204
FUN_002bc710,0x002BC710,0x002BC76C,92
FUN_002bc770,0x002BC770,0x002BC844,212
FUN_002bc850,0x002BC850,0x002BC974,292
FUN_002bc980,0x002BC980,0x002BCA78,248
FUN_002bca80,0x002BCA80,0x002BCB8C,268
FUN_002bcb90,0x002BCB90,0x002BCBE0,80
FUN_002bcbe0,0x002BCBE0,0x002BCC30,80
thunk_FUN_00152bf0,0x002BCC30,0x002BCC38,8
FUN_002bcc40,0x002BCC40,0x002BCD4C,268
FUN_002bcd50,0x002BCD50,0x002BCD74,36
FUN_002bcd80,0x002BCD80,0x002BCF18,408
FUN_002bcf20,0x002BCF20,0x002BD098,376
FUN_002bd0a0,0x002BD0A0,0x002BD504,1124
FUN_002bd510,0x002BD510,0x002BD524,20
thunk_FUN_0025f350,0x002BD530,0x002BD538,8
FUN_002bd540,0x002BD540,0x002BD548,8
FUN_002bd550,0x002BD550,0x002BD578,40
FUN_002bd580,0x002BD580,0x002BD5A8,40
FUN_002bd5b0,0x002BD5B0,0x002BD5BC,12
FUN_002bd5c0,0x002BD5C0,0x002BD608,72
FUN_002bd610,0x002BD610,0x002BD6E0,208
FUN_002bd6e0,0x002BD6E0,0x002BD6E8,8
FUN_002bd6f0,0x002BD6F0,0x002BD908,536
FUN_002bd910,0x002BD910,0x002BD978,104
FUN_002bd980,0x002BD980,0x002BDA78,248
FUN_002bda80,0x002BDA80,0x002BDC00,384
FUN_002bdc00,0x002BDC00,0x002BDCA4,164
FUN_002bdcb0,0x002BDCB0,0x002BDED4,548
FUN_002bdee0,0x002BDEE0,0x002BDF10,48
FUN_002bdf10,0x002BDF10,0x002BE078,360
FUN_002be080,0x002BE080,0x002BE24C,460
FUN_002be250,0x002BE250,0x002BE258,8
FUN_002be260,0x002BE260,0x002BE280,32
FUN_002be280,0x002BE280,0x002BE314,148
FUN_002be320,0x002BE320,0x002BE418,248
FUN_002be420,0x002BE420,0x002BE5A4,388
FUN_002be5b0,0x002BE5B0,0x002BE624,116
FUN_002be630,0x002BE630,0x002BE6E8,184
FUN_002be6f0,0x002BE6F0,0x002BE7CC,220
FUN_002be7d0,0x002BE7D0,0x002BE910,320
FUN_002be910,0x002BE910,0x002BE9DC,204
FUN_002be9e0,0x002BE9E0,0x002BEA50,112
FUN_002bea50,0x002BEA50,0x002BEA98,72
FUN_002beaa0,0x002BEAA0,0x002BEC2C,396
FUN_002bec30,0x002BEC30,0x002BECA0,112
FUN_002beca0,0x002BECA0,0x002BED3C,156
FUN_002bed40,0x002BED40,0x002BED48,8
FUN_002bed50,0x002BED50,0x002BEDC8,120
FUN_002bedd0,0x002BEDD0,0x002BEE14,68
FUN_002bee20,0x002BEE20,0x002BEE98,120
FUN_002beea0,0x002BEEA0,0x002BEEF8,88
FUN_002bef00,0x002BEF00,0x002BEF40,64
FUN_002bef40,0x002BEF40,0x002BEFE4,164
FUN_002beff0,0x002BEFF0,0x002BF01C,44
FUN_002bf020,0x002BF020,0x002BF0C8,168
FUN_002bf0d0,0x002BF0D0,0x002BF230,352
FUN_002bf230,0x002BF230,0x002BF298,104
FUN_002bf2a0,0x002BF2A0,0x002BF2F8,88
FUN_002bf300,0x002BF300,0x002BF308,8
FUN_002bf310,0x002BF310,0x002BF378,104
FUN_002bf380,0x002BF380,0x002BF3EC,108
FUN_002bf3f0,0x002BF3F0,0x002BF480,144
FUN_002bf480,0x002BF480,0x002BF5A4,292
FUN_002bf5b0,0x002BF5B0,0x002BF5C4,20
FUN_002bf5d0,0x002BF5D0,0x002BF5E0,16
FUN_002bf5e0,0x002BF5E0,0x002BF648,104
FUN_002bf650,0x002BF650,0x002BF670,32
FUN_002bf670,0x002BF670,0x002BF940,720
FUN_002bf940,0x002BF940,0x002BF980,64
gap_002bf980,0x002BF980,0x002BFC10,656
FUN_002bfc10,0x002BFC10,0x002BFF28,792
FUN_002bff28,0x002BFF28,0x002C019C,628
FUN_002c01a0,0x002C01A0,0x002C0204,100
FUN_002c0210,0x002C0210,0x002C0248,56
FUN_002c0250,0x002C0250,0x002C029C,76
FUN_002c02a0,0x002C02A0,0x002C02AC,12
FUN_002c02b0,0x002C02B0,0x002C02C8,24
FUN_002c02d0,0x002C02D0,0x002C02FC,44
FUN_002c0300,0x002C0300,0x002C030C,12
FUN_002c0310,0x002C0310,0x002C031C,12
FUN_002c0320,0x002C0320,0x002C0380,96
FUN_002c0380,0x002C0380,0x002C038C,12
FUN_002c0390,0x002C0390,0x002C039C,12
FUN_002c03a0,0x002C03A0,0x002C03B4,20
FUN_002c03c0,0x002C03C0,0x002C03CC,12
FUN_002c03d0,0x002C03D0,0x002C03F0,32
FUN_002c03f0,0x002C03F0,0x002C041C,44
FUN_002c0420,0x002C0420,0x002C0480,96
FUN_002c0480,0x002C0480,0x002C04D4,84
FUN_002c04e0,0x002C04E0,0x002C0990,1200
FUN_002c0674,0x002C0674,0x002C08A4,560
FUN_002c0990,0x002C0990,0x002C099C,12
FUN_002c099c,0x002C099C,0x002C0A5C,192
FUN_002c0a60,0x002C0A60,0x002C0B0C,172
FUN_002c0b10,0x002C0B10,0x002C0B18,8
FUN_002c0b20,0x002C0B20,0x002C0B28,8
FUN_002c0b30,0x002C0B30,0x002C0C44,276
FUN_002c0c44,0x002C0C44,0x002C0C5C,24
FUN_002c0c78,0x002C0C78,0x002C0CB0,56
FUN_002c0cb0,0x002C0CB0,0x002C0CCC,28
FUN_002c0cd0,0x002C0CD0,0x002C0D50,128
FUN_002c0d50,0x002C0D50,0x002C0E98,328
FUN_002c0ea0,0x002C0EA0,0x002C0FA0,256
FUN_002c0fa0,0x002C0FA0,0x002C139C,1020
FUN_002c13a0,0x002C13A0,0x002C13B0,16
FUN_002c13b0,0x002C13B0,0x002C1444,148
FUN_002c1450,0x002C1450,0x002C175C,780
FUN_002c1760,0x002C1760,0x002C1988,552
FUN_002c1990,0x002C1990,0x002C1C44,692
FUN_002c1c50,0x002C1C50,0x002C1C88,56
FUN_002c1c90,0x002C1C90,0x002C1C98,8
FUN_002c1ca0,0x002C1CA0,0x002C2350,1712
FUN_002c2350,0x002C2350,0x002C2810,1216
FUN_002c2810,0x002C2810,0x002C2824,20
FUN_002c2830,0x002C2830,0x002C2838,8
FUN_002c2840,0x002C2840,0x002C284C,12
FUN_002c2850,0x002C2850,0x002C2864,20
FUN_002c2870,0x002C2870,0x002C3614,3492
FUN_002c3620,0x002C3620,0x002C3660,64
FUN_002c3660,0x002C3660,0x002C3E08,1960
FUN_002c3e10,0x002C3E10,0x002C3E20,16
FUN_002c3e20,0x002C3E20,0x002C4218,1016
FUN_002c4220,0x002C4220,0x002C4B18,2296
FUN_002c4b20,0x002C4B20,0x002C4B30,16
FUN_002c4b30,0x002C4B30,0x002C4C84,340
FUN_002c4c90,0x002C4C90,0x002C5394,1796
FUN_002c53a0,0x002C53A0,0x002C53A8,8
FUN_002c53b0,0x002C53B0,0x002C53C8,24
FUN_002c53d0,0x002C53D0,0x002C542C,92
FUN_002c5430,0x002C5430,0x002C5478,72
FUN_002c5480,0x002C5480,0x002C5684,516
FUN_002c5690,0x002C5690,0x002C5780,240
FUN_002c5780,0x002C5780,0x002C5864,228
FUN_002c5870,0x002C5870,0x002C58F4,132
FUN_002c5900,0x002C5900,0x002C59A8,168
FUN_002c59b0,0x002C59B0,0x002C5A44,148
FUN_002c5a50,0x002C5A50,0x002C5AAC,92
FUN_002c5ab0,0x002C5AB0,0x002C5B2C,124
FUN_002c5b30,0x002C5B30,0x002C5C98,360
FUN_002c5ca0,0x002C5CA0,0x002C5D08,104
FUN_002c5d10,0x002C5D10,0x002C5E30,288
FUN_002c5e30,0x002C5E30,0x002C6070,576
FUN_002c6070,0x002C6070,0x002C6260,496
FUN_002c6260,0x002C6260,0x002C6300,160
FUN_002c6300,0x002C6300,0x002C6618,792
FUN_002c6620,0x002C6620,0x002C669C,124
FUN_002c66a0,0x002C66A0,0x002C6744,164
FUN_002c6750,0x002C6750,0x002C6950,512
FUN_002c6950,0x002C6950,0x002C6B30,480
FUN_002c6b30,0x002C6B30,0x002C6BA4,116
FUN_002c6bb0,0x002C6BB0,0x002C6D58,424
FUN_002c6d60,0x002C6D60,0x002C6EF0,400
FUN_002c6ef0,0x002C6EF0,0x002C7038,328
FUN_002c7040,0x002C7040,0x002C74F0,1200
FUN_002c74f0,0x002C74F0,0x002C79A0,1200
FUN_002c79a0,0x002C79A0,0x002C79DC,60
FUN_002c79e0,0x002C79E0,0x002C79EC,12
FUN_002c79f0,0x002C79F0,0x002C7A84,148
FUN_002c7a90,0x002C7A90,0x002C7C44,436
FUN_002c7c50,0x002C7C50,0x002C7D90,320
FUN_002c7d90,0x002C7D90,0x002C7DCC,60
FUN_002c7dd0,0x002C7DD0,0x002C7E54,132
FUN_002c7e60,0x002C7E60,0x002C7E90,48
FUN_002c7e90,0x002C7E90,0x002C7F6C,220
FUN_002c7f6c,0x002C7F6C,0x002C7F90,36
FUN_002c7fa0,0x002C7FA0,0x002C7FD8,56
FUN_002c7fd8,0x002C7FD8,0x002C7FF4,28
FUN_002c8000,0x002C8000,0x002C8100,256
FUN_002c8100,0x002C8100,0x002C810C,12
FUN_002c8110,0x002C8110,0x002C8298,392
FUN_002c82a0,0x002C82A0,0x002C8634,916
FUN_002c8640,0x002C8640,0x002C8904,708
FUN_002c8910,0x002C8910,0x002C8A14,260
FUN_002c8a20,0x002C8A20,0x002C8B2C,268
FUN_002c8b30,0x002C8B30,0x002C8D38,520
FUN_002c8d40,0x002C8D40,0x002C8DDC,156
FUN_002c8de0,0x002C8DE0,0x002C9044,612
FUN_002c9050,0x002C9050,0x002C93CC,892
FUN_002c93d0,0x002C93D0,0x002C94F8,296
FUN_002c9500,0x002C9500,0x002C95F0,240
FUN_002c95f0,0x002C95F0,0x002C9698,168
FUN_002c96a0,0x002C96A0,0x002C9DA4,1796
FUN_002c9db0,0x002C9DB0,0x002C9E20,112
FUN_002c9e20,0x002C9E20,0x002C9EC0,160
FUN_002c9ec0,0x002C9EC0,0x002C9F60,160
FUN_002c9f60,0x002C9F60,0x002CA000,160
FUN_002ca000,0x002CA000,0x002CA198,408
FUN_002ca1a0,0x002CA1A0,0x002CB160,4032
FUN_002cb160,0x002CB160,0x002CB6B8,1368
FUN_002cb6c0,0x002CB6C0,0x002CB96C,684
FUN_002cb970,0x002CB970,0x002CBB2C,444
FUN_002cbb30,0x002CBB30,0x002CBBE0,176
FUN_002cbbe0,0x002CBBE0,0x002CBCA4,196
FUN_002cbcb0,0x002CBCB0,0x002CBE80,464
FUN_002cbe80,0x002CBE80,0x002CC064,484
FUN_002cc070,0x002CC070,0x002CC194,292
FUN_002cc1a0,0x002CC1A0,0x002CC1D0,48
FUN_002cc1d0,0x002CC1D0,0x002CC224,84
FUN_002cc230,0x002CC230,0x002CC2B4,132
FUN_002cc2c0,0x002CC2C0,0x002CC344,132
FUN_002cc350,0x002CC350,0x002CC400,176
FUN_002cc400,0x002CC400,0x002CC4D4,212
FUN_002cc4e0,0x002CC4E0,0x002CC554,116
FUN_002cc560,0x002CC560,0x002CC608,168
FUN_002cc610,0x002CC610,0x002CC698,136
FUN_002cc6a0,0x002CC6A0,0x002CC6EC,76
FUN_002cc6f0,0x002CC6F0,0x002CC980,656
FUN_002cc980,0x002CC980,0x002CCAA8,296
FUN_002ccab0,0x002CCAB0,0x002CD09C,1516
FUN_002cd0a0,0x002CD0A0,0x002CD0C0,32
FUN_002cd0c0,0x002CD0C0,0x002CD274,436
FUN_002cd280,0x002CD280,0x002CD378,248
FUN_002cd380,0x002CD380,0x002CD4FC,380
FUN_002cd500,0x002CD500,0x002CD6DC,476
FUN_002cd6e0,0x002CD6E0,0x002CD6F0,16
FUN_002cd6f0,0x002CD6F0,0x002CD9B8,712
FUN_002cd9c0,0x002CD9C0,0x002CDD18,856
thunk_FUN_0021f0a0_002cdd20,0x002CDD20,0x002CDD28,8
FUN_002cdd30,0x002CDD30,0x002CF0B0,4992
FUN_002cf0b0,0x002CF0B0,0x002CF0D4,36
FUN_002cf0e0,0x002CF0E0,0x002CF0E8,8
FUN_002cf0f0,0x002CF0F0,0x002CF0F8,8
FUN_002cf100,0x002CF100,0x002CF130,48
FUN_002cf130,0x002CF130,0x002CF138,8
FUN_002cf140,0x002CF140,0x002CF41C,732
FUN_002cf420,0x002CF420,0x002CF4F8,216
FUN_002cf500,0x002CF500,0x002CF50C,12
FUN_002cf510,0x002CF510,0x002CF5F4,228
FUN_002cf600,0x002CF600,0x002D049C,3740
FUN_002d04a0,0x002D04A0,0x002D0888,1000
FUN_002d0890,0x002D0890,0x002D0B88,760
FUN_002d0b88,0x002D0B88,0x002D0B98,16
FUN_002d0b98,0x002D0B98,0x002D0BA4,12
FUN_002d0ba4,0x002D0BA4,0x002D0C78,212
FUN_002d0c78,0x002D0C78,0x002D12EC,1652
FUN_002d12ec,0x002D12EC,0x002D1308,28
FUN_002d1310,0x002D1310,0x002D1714,1028
FUN_002d1720,0x002D1720,0x002D1858,312
FUN_002d1860,0x002D1860,0x002D19EC,396
FUN_002d19f0,0x002D19F0,0x002D1C4C,604
FUN_002d1c50,0x002D1C50,0x002D1D74,292
FUN_002d1d80,0x002D1D80,0x002D1E88,264
FUN_002d1e90,0x002D1E90,0x002D1F78,232
FUN_002d1f80,0x002D1F80,0x002D1F98,24
FUN_002d1fa0,0x002D1FA0,0x002D1FAC,12
FUN_002d1fb0,0x002D1FB0,0x002D1FD0,32
FUN_002d1fd0,0x002D1FD0,0x002D2120,336
FUN_002d2120,0x002D2120,0x002D2154,52
FUN_002d2160,0x002D2160,0x002D21C8,104
FUN_002d21d0,0x002D21D0,0x002D21D8,8
FUN_002d21e0,0x002D21E0,0x002D2210,48
FUN_002d2210,0x002D2210,0x002D22D4,196
FUN_002d22e0,0x002D22E0,0x002D23AC,204
FUN_002d23b0,0x002D23B0,0x002D23B8,8
FUN_002d23c0,0x002D23C0,0x002D2450,144
FUN_002d2450,0x002D2450,0x002D249C,76
FUN_002d24a0,0x002D24A0,0x002D2524,132
FUN_002d2530,0x002D2530,0x002D25B0,128
FUN_002d25b0,0x002D25B0,0x002D26A0,240
FUN_002d26a0,0x002D26A0,0x002D2824,388
FUN_002d2830,0x002D2830,0x002D283C,12
FUN_002d2840,0x002D2840,0x002D2848,8
FUN_002d2850,0x002D2850,0x002D2858,8
FUN_002d2860,0x002D2860,0x002D28C8,104
FUN_002d28d0,0x002D28D0,0x002D2920,80
FUN_002d2920,0x002D2920,0x002D2998,120
FUN_002d29a0,0x002D29A0,0x002D29B0,16
FUN_002d29b0,0x002D29B0,0x002D2A58,168
FUN_002d2a60,0x002D2A60,0x002D2B10,176
FUN_002d2b10,0x002D2B10,0x002D2BA4,148
FUN_002d2bb0,0x002D2BB0,0x002D2C28,120
FUN_002d2c30,0x002D2C30,0x002D2CB4,132
FUN_002d2cc0,0x002D2CC0,0x002D2D1C,92
FUN_002d2d20,0x002D2D20,0x002D2DF0,208
FUN_002d2df0,0x002D2DF0,0x002D2E98,168
FUN_002d2ea0,0x002D2EA0,0x002D2EB0,16
FUN_002d2eb0,0x002D2EB0,0x002D2F58,168
FUN_002d2f60,0x002D2F60,0x002D3010,176
FUN_002d3010,0x002D3010,0x002D3074,100
FUN_002d3080,0x002D3080,0x002D30AC,44
FUN_002d30b0,0x002D30B0,0x002D30F8,72
FUN_002d3100,0x002D3100,0x002D310C,12
FUN_002d3110,0x002D3110,0x002D313C,44
FUN_002d3140,0x002D3140,0x002D3148,8
FUN_002d3150,0x002D3150,0x002D31AC,92
FUN_002d31b0,0x002D31B0,0x002D3218,104
FUN_002d3220,0x002D3220,0x002D3324,260
FUN_002d3330,0x002D3330,0x002D3338,8
FUN_002d3340,0x002D3340,0x002D3378,56
FUN_002d3380,0x002D3380,0x002D3388,8
FUN_002d3390,0x002D3390,0x002D33C8,56
FUN_002d33d0,0x002D33D0,0x002D3404,52
FUN_002d3410,0x002D3410,0x002D349C,140
FUN_002d34a0,0x002D34A0,0x002D34D8,56
FUN_002d34e0,0x002D34E0,0x002D3518,56
FUN_002d3520,0x002D3520,0x002D3558,56
FUN_002d3560,0x002D3560,0x002D3590,48
FUN_002d3590,0x002D3590,0x002D35C8,56
FUN_002d35d0,0x002D35D0,0x002D3604,52
FUN_002d3610,0x002D3610,0x002D3618,8
FUN_002d3620,0x002D3620,0x002D3628,8
FUN_002d3630,0x002D3630,0x002D3674,68
FUN_002d3680,0x002D3680,0x002D36E0,96
FUN_002d36e0,0x002D36E0,0x002D3710,48
FUN_002d3710,0x002D3710,0x002D3768,88
FUN_002d3770,0x002D3770,0x002D37FC,140
FUN_002d3800,0x002D3800,0x002D38D8,216
FUN_002d38e0,0x002D38E0,0x002D3920,64
FUN_002d3920,0x002D3920,0x002D3990,112
FUN_002d3990,0x002D3990,0x002D3A04,116
FUN_002d3a10,0x002D3A10,0x002D3ABC,172
FUN_002d3ac0,0x002D3AC0,0x002D3B3C,124
FUN_002d3b40,0x002D3B40,0x002D3BBC,124
FUN_002d3bc0,0x002D3BC0,0x002D3C74,180
FUN_002d3c80,0x002D3C80,0x002D3CE0,96
FUN_002d3ce0,0x002D3CE0,0x002D3D48,104
FUN_002d3d50,0x002D3D50,0x002D3DB0,96
FUN_002d3db0,0x002D3DB0,0x002D3DE8,56
FUN_002d3df0,0x002D3DF0,0x002D3E28,56
FUN_002d3e30,0x002D3E30,0x002D3E58,40
FUN_002d3e60,0x002D3E60,0x002D3E88,40
FUN_002d3e90,0x002D3E90,0x002D3F80,240
FUN_002d3f80,0x002D3F80,0x002D4054,212
FUN_002d4060,0x002D4060,0x002D40BC,92
FUN_002d40c0,0x002D40C0,0x002D411C,92
FUN_002d4120,0x002D4120,0x002D4160,64
FUN_002d4160,0x002D4160,0x002D41D4,116
FUN_002d41e0,0x002D41E0,0x002D4214,52
FUN_002d4220,0x002D4220,0x002D4260,64
FUN_002d4260,0x002D4260,0x002D42AC,76
FUN_002d42b0,0x002D42B0,0x002D42C0,16
FUN_002d42c0,0x002D42C0,0x002D42D4,20
FUN_002d42e0,0x002D42E0,0x002D42F4,20
FUN_002d4300,0x002D4300,0x002D453C,572
FUN_002d4540,0x002D4540,0x002D4830,752
FUN_002d4830,0x002D4830,0x002D4890,96
FUN_002d4890,0x002D4890,0x002D4910,128
FUN_002d4910,0x002D4910,0x002D49C8,184
FUN_002d49d0,0x002D49D0,0x002D4A30,96
FUN_002d4a30,0x002D4A30,0x002D4B0C,220
FUN_002d4b10,0x002D4B10,0x002D4BE4,212
FUN_002d4bf0,0x002D4BF0,0x002D4C78,136
FUN_002d4c80,0x002D4C80,0x002D4D1C,156
FUN_002d4d20,0x002D4D20,0x002D4DA8,136
FUN_002d4db0,0x002D4DB0,0x002D4E44,148
FUN_002d4e50,0x002D4E50,0x002D4ECC,124
FUN_002d4ed0,0x002D4ED0,0x002D4F50,128
FUN_002d4f50,0x002D4F50,0x002D4F9C,76
FUN_002d4fa0,0x002D4FA0,0x002D4FF4,84
FUN_002d5000,0x002D5000,0x002D509C,156
FUN_002d50a0,0x002D50A0,0x002D514C,172
FUN_002d5150,0x002D5150,0x002D5260,272
FUN_002d5260,0x002D5260,0x002D536C,268
FUN_002d5370,0x002D5370,0x002D540C,156
FUN_002d5410,0x002D5410,0x002D5498,136
FUN_002d54a0,0x002D54A0,0x002D55D4,308
FUN_002d55e0,0x002D55E0,0x002D55E8,8
FUN_002d55f0,0x002D55F0,0x002D55F8,8
FUN_002d5600,0x002D5600,0x002D5630,48
FUN_002d5630,0x002D5630,0x002D5660,48
FUN_002d5660,0x002D5660,0x002D5730,208
FUN_002d5730,0x002D5730,0x002D5800,208
FUN_002d5800,0x002D5800,0x002D5918,280
FUN_002d5920,0x002D5920,0x002D5928,8
FUN_002d5930,0x002D5930,0x002D5944,20
FUN_002d5950,0x002D5950,0x002D598C,60
FUN_002d5990,0x002D5990,0x002D59CC,60
FUN_002d59d0,0x002D59D0,0x002D5A10,64
FUN_002d5a10,0x002D5A10,0x002D5A64,84
FUN_002d5a70,0x002D5A70,0x002D5CAC,572
FUN_002d5cb0,0x002D5CB0,0x002D5D10,96
FUN_002d5d10,0x002D5D10,0x002D5D70,96
FUN_002d5d70,0x002D5D70,0x002D5DF8,136
FUN_002d5e00,0x002D5E00,0x002D5E50,80
FUN_002d5e50,0x002D5E50,0x002D5EB8,104
FUN_002d5ec0,0x002D5EC0,0x002D5EE8,40
FUN_002d5ef0,0x002D5EF0,0x002D5F18,40
FUN_002d5f20,0x002D5F20,0x002D5F4C,44
FUN_002d5f50,0x002D5F50,0x002D5F84,52
FUN_002d5f90,0x002D5F90,0x002D600C,124
FUN_002d6010,0x002D6010,0x002D608C,124
FUN_002d6090,0x002D6090,0x002D60DC,76
FUN_002d60e0,0x002D60E0,0x002D612C,76
FUN_002d6130,0x002D6130,0x002D617C,76
FUN_002d6180,0x002D6180,0x002D61C4,68
FUN_002d61d0,0x002D61D0,0x002D6350,384
FUN_002d6350,0x002D6350,0x002D6358,8
FUN_002d6360,0x002D6360,0x002D6784,1060
FUN_002d6790,0x002D6790,0x002D6798,8
FUN_002d67a0,0x002D67A0,0x002D68BC,284
FUN_002d68c0,0x002D68C0,0x002D6938,120
gap_002d6940,0x002D6940,0x002D6948,8
FUN_002d6950,0x002D6950,0x002D6A28,216
FUN_002d6a30,0x002D6A30,0x002D7494,2660
FUN_002d74a0,0x002D74A0,0x002D7634,404
FUN_002d7640,0x002D7640,0x002D76B4,116
FUN_002d76c0,0x002D76C0,0x002D76C8,8
FUN_002d76d0,0x002D76D0,0x002D7764,148
FUN_002d7770,0x002D7770,0x002D777C,12
FUN_002d7780,0x002D7780,0x002D778C,12
FUN_002d7790,0x002D7790,0x002D77CC,60
FUN_002d77d0,0x002D77D0,0x002D7ACC,764
FUN_002d7ad0,0x002D7AD0,0x002D7AD8,8
FUN_002d7ae0,0x002D7AE0,0x002D7AE8,8
FUN_002d7af0,0x002D7AF0,0x002D7AF8,8
FUN_002d7b00,0x002D7B00,0x002D7B64,100
FUN_002d7b70,0x002D7B70,0x002D7BD4,100
FUN_002d7be0,0x002D7BE0,0x002D7BE8,8
FUN_002d7bf0,0x002D7BF0,0x002D7EBC,716
FUN_002d7ec0,0x002D7EC0,0x002D814C,652
FUN_002d8150,0x002D8150,0x002D81E0,144
FUN_002d81e0,0x002D81E0,0x002D85B4,980
FUN_002d85c0,0x002D85C0,0x002D8774,436
FUN_002d8780,0x002D8780,0x002D8CF0,1392
FUN_002d8cf0,0x002D8CF0,0x002D8DFC,268
FUN_002d8e00,0x002D8E00,0x002D8FC4,452
FUN_002d8fd0,0x002D8FD0,0x002D91A8,472
FUN_002d91b0,0x002D91B0,0x002D938C,476
FUN_002d9390,0x002D9390,0x002D9574,484
FUN_002d9580,0x002D9580,0x002D985C,732
FUN_002d9860,0x002D9860,0x002D9DA0,1344
FUN_002d9da0,0x002D9DA0,0x002D9DA8,8
FUN_002d9db0,0x002D9DB0,0x002D9DEC,60
FUN_002d9df0,0x002D9DF0,0x002D9E88,152
FUN_002d9e90,0x002D9E90,0x002DA1CC,828
FUN_002da1d0,0x002DA1D0,0x002DA1FC,44
FUN_002da200,0x002DA200,0x002DB000,3584
FUN_002db000,0x002DB000,0x002DB024,36
FUN_002db030,0x002DB030,0x002DB5C4,1428
FUN_002db5d0,0x002DB5D0,0x002DB90C,828
FUN_002db910,0x002DB910,0x002DB9A0,144
FUN_002db9a0,0x002DB9A0,0x002DBCAC,780
FUN_002dbcb0,0x002DBCB0,0x002DBF8C,732
FUN_002dbf90,0x002DBF90,0x002DC09C,268
FUN_002dc0a0,0x002DC0A0,0x002DC0E4,68
FUN_002dc0f0,0x002DC0F0,0x002DC1BC,204
FUN_002dc1c0,0x002DC1C0,0x002DC3C8,520
FUN_002dc3c8,0x002DC3C8,0x002DC450,136
FUN_002dc450,0x002DC450,0x002DC4D0,128
gap_002dc4d0,0x002DC4D0,0x002DC51C,76
FUN_002dc520,0x002DC520,0x002DC5F4,212
FUN_002dc600,0x002DC600,0x002DC69C,156
FUN_002dc6a0,0x002DC6A0,0x002DC71C,124
FUN_002dc720,0x002DC720,0x002DC728,8
FUN_002dc730,0x002DC730,0x002DC740,16
FUN_002dc740,0x002DC740,0x002DC748,8
FUN_002dc750,0x002DC750,0x002DC758,8
FUN_002dc760,0x002DC760,0x002DC768,8
FUN_002dc770,0x002DC770,0x002DC908,408
FUN_002dc910,0x002DC910,0x002DC944,52
FUN_002dc950,0x002DC950,0x002DC984,52
FUN_002dc990,0x002DC990,0x002DC9C4,52
FUN_002dc9d0,0x002DC9D0,0x002DCA04,52
FUN_002dca10,0x002DCA10,0x002DCA44,52
FUN_002dca50,0x002DCA50,0x002DCA84,52
FUN_002dca90,0x002DCA90,0x002DCAC4,52
FUN_002dcad0,0x002DCAD0,0x002DCB04,52
FUN_002dcb10,0x002DCB10,0x002DCB44,52
FUN_002dcb50,0x002DCB50,0x002DCB9C,76
FUN_002dcba0,0x002DCBA0,0x002DCBD4,52
FUN_002dcbe0,0x002DCBE0,0x002DCC14,52
FUN_002dcc20,0x002DCC20,0x002DCC54,52
FUN_002dcc60,0x002DCC60,0x002DCC94,52
FUN_002dcca0,0x002DCCA0,0x002DCCD4,52
FUN_002dcce0,0x002DCCE0,0x002DCCF0,16
FUN_002dccf0,0x002DCCF0,0x002DCD60,112
FUN_002dcd60,0x002DCD60,0x002DCD98,56
FUN_002dcda0,0x002DCDA0,0x002DCDB4,20
FUN_002dcdc0,0x002DCDC0,0x002DCDF8,56
FUN_002dce00,0x002DCE00,0x002DD048,584
FUN_002dd050,0x002DD050,0x002DD0C4,116
FUN_002dd0d0,0x002DD0D0,0x002DD12C,92
FUN_002dd130,0x002DD130,0x002DD164,52
FUN_002dd170,0x002DD170,0x002DD220,176
FUN_002dd220,0x002DD220,0x002DD3CC,428
FUN_002dd3d0,0x002DD3D0,0x002DD458,136
FUN_002dd460,0x002DD460,0x002DD508,168
FUN_002dd510,0x002DD510,0x002DD520,16
FUN_002dd520,0x002DD520,0x002DE0D8,3000
FUN_002de0d8,0x002DE0D8,0x002DE108,48
FUN_002de110,0x002DE110,0x002DE74C,1596
FUN_002de750,0x002DE750,0x002DEA48,760
FUN_002dea50,0x002DEA50,0x002DEA58,8
FUN_002dea60,0x002DEA60,0x002DEFF8,1432
FUN_002df000,0x002DF000,0x002DF280,640
FUN_002df280,0x002DF280,0x002DF414,404
FUN_002df420,0x002DF420,0x002DF93C,1308
FUN_002df940,0x002DF940,0x002DFB84,580
FUN_002dfb90,0x002DFB90,0x002E10C8,5432
FUN_002e10d0,0x002E10D0,0x002E11D8,264
FUN_002e11e0,0x002E11E0,0x002E12E8,264
FUN_002e12f0,0x002E12F0,0x002E1318,40
FUN_002e1320,0x002E1320,0x002E1350,48
FUN_002e1350,0x002E1350,0x002E1358,8
FUN_002e1360,0x002E1360,0x002E141C,188
FUN_002e1420,0x002E1420,0x002E1460,64
FUN_002e1460,0x002E1460,0x002E1540,224
FUN_002e1540,0x002E1540,0x002E1690,336
FUN_002e1690,0x002E1690,0x002E17C0,304
FUN_002e17c0,0x002E17C0,0x002E18E4,292
FUN_002e18f0,0x002E18F0,0x002E1970,128
FUN_002e1970,0x002E1970,0x002E1A4C,220
FUN_002e1a50,0x002E1A50,0x002E1AC4,116
FUN_002e1ad0,0x002E1AD0,0x002E1AD8,8
FUN_002e1ae0,0x002E1AE0,0x002E1B54,116
FUN_002e1b60,0x002E1B60,0x002E1B74,20
FUN_002e1b80,0x002E1B80,0x002E1B8C,12
FUN_002e1b90,0x002E1B90,0x002E1C04,116
FUN_002e1c10,0x002E1C10,0x002E1C1C,12
FUN_002e1c20,0x002E1C20,0x002E1C94,116
FUN_002e1ca0,0x002E1CA0,0x002E1CB4,20
FUN_002e1cc0,0x002E1CC0,0x002E1CD8,24
FUN_002e1ce0,0x002E1CE0,0x002E1CFC,28
FUN_002e1d00,0x002E1D00,0x002E1D90,144
FUN_002e1d90,0x002E1D90,0x002E1E4C,188
FUN_002e1e50,0x002E1E50,0x002E1E90,64
FUN_002e1e90,0x002E1E90,0x002E1FD0,320
FUN_002e1fd0,0x002E1FD0,0x002E20F0,288
FUN_002e20f0,0x002E20F0,0x002E2190,160
FUN_002e2190,0x002E2190,0x002E2230,160
FUN_002e2230,0x002E2230,0x002E22D0,160
FUN_002e22d0,0x002E22D0,0x002E2314,68
FUN_002e2320,0x002E2320,0x002E240C,236
FUN_002e2410,0x002E2410,0x002E2574,356
FUN_002e2580,0x002E2580,0x002E258C,12
FUN_002e2590,0x002E2590,0x002E2688,248
FUN_002e2690,0x002E2690,0x002E2698,8
FUN_002e26a0,0x002E26A0,0x002E26AC,12
FUN_002e26b0,0x002E26B0,0x002E2744,148
FUN_002e2750,0x002E2750,0x002E27C0,112
FUN_002e27c0,0x002E27C0,0x002E28E8,296
FUN_002e28f0,0x002E28F0,0x002E29D8,232
FUN_002e29e0,0x002E29E0,0x002E2AE0,256
FUN_002e2ae0,0x002E2AE0,0x002E2B68,136
FUN_002e2b70,0x002E2B70,0x002E2CE4,372
FUN_002e2cf0,0x002E2CF0,0x002E2D38,72
FUN_002e2d40,0x002E2D40,0x002E2D48,8
FUN_002e2d50,0x002E2D50,0x002E2DB0,96
FUN_002e2db0,0x002E2DB0,0x002E2E2C,124
FUN_002e2e30,0x002E2E30,0x002E2EC8,152
FUN_002e2ed0,0x002E2ED0,0x002E3064,404
FUN_002e2fb4,0x002E2FB4,0x002E3008,84
FUN_002e3064,0x002E3064,0x002E3194,304
FUN_002e3194,0x002E3194,0x002E31CC,56
FUN_002e31d0,0x002E31D0,0x002E32DC,268
FUN_002e32e0,0x002E32E0,0x002E3690,944
FUN_002e3690,0x002E3690,0x002E3754,196
FUN_002e3760,0x002E3760,0x002E37CC,108
FUN_002e37d0,0x002E37D0,0x002E3A3C,620
FUN_002e3a40,0x002E3A40,0x002E41F0,1968
FUN_002e3b44,0x002E3B44,0x002E4170,1580
FUN_002e41f0,0x002E41F0,0x002E446C,636
FUN_002e4470,0x002E4470,0x002E4594,292
FUN_002e45a0,0x002E45A0,0x002E45CC,44
FUN_002e45d0,0x002E45D0,0x002E4638,104
FUN_002e4640,0x002E4640,0x002E464C,12
FUN_002e4650,0x002E4650,0x002E4664,20
FUN_002e4670,0x002E4670,0x002E4688,24
FUN_002e4690,0x002E4690,0x002E46A0,16
FUN_002e46a0,0x002E46A0,0x002E46B0,16
FUN_002e46b0,0x002E46B0,0x002E4A00,848
FUN_002e4a00,0x002E4A00,0x002E4A14,20
FUN_002e4a20,0x002E4A20,0x002E4BA4,388
FUN_002e4bb0,0x002E4BB0,0x002E4C00,80
FUN_002e4c00,0x002E4C00,0x002E4E7C,636
FUN_002e4e80,0x002E4E80,0x002E4EB4,52
FUN_002e4ec0,0x002E4EC0,0x002E4EF4,52
FUN_002e4f00,0x002E4F00,0x002E4F34,52
FUN_002e4f40,0x002E4F40,0x002E4F74,52
FUN_002e4f80,0x002E4F80,0x002E4FB4,52
FUN_002e4fc0,0x002E4FC0,0x002E4FCC,12
FUN_002e4fd0,0x002E4FD0,0x002E50A8,216
FUN_002e50b0,0x002E50B0,0x002E50BC,12
FUN_002e50c0,0x002E50C0,0x002E50C8,8
FUN_002e50d0,0x002E50D0,0x002E5304,564
FUN_002e5310,0x002E5310,0x002E5328,24
FUN_002e5330,0x002E5330,0x002E553C,524
FUN_002e5540,0x002E5540,0x002E554C,12
FUN_002e5550,0x002E5550,0x002E5558,8
FUN_002e5560,0x002E5560,0x002E5A24,1220
FUN_002e5a30,0x002E5A30,0x002E5A38,8
FUN_002e5a40,0x002E5A40,0x002E5A48,8
FUN_002e5a50,0x002E5A50,0x002E5A5C,12
FUN_002e5a60,0x002E5A60,0x002E5A6C,12
FUN_002e5a70,0x002E5A70,0x002E5D64,756
FUN_002e5d70,0x002E5D70,0x002E5D8C,28
FUN_002e5d90,0x002E5D90,0x002E5D98,8
FUN_002e5da0,0x002E5DA0,0x002E5DA8,8
FUN_002e5db0,0x002E5DB0,0x002E5DB8,8
FUN_002e5dc0,0x002E5DC0,0x002E5EA0,224
FUN_002e5ea0,0x002E5EA0,0x002E5F3C,156
FUN_002e5f40,0x002E5F40,0x002E5F78,56
FUN_002e5f80,0x002E5F80,0x002E5FA8,40
FUN_002e5fb0,0x002E5FB0,0x002E5FD8,40
FUN_002e5fe0,0x002E5FE0,0x002E5FF0,16
FUN_002e5ff0,0x002E5FF0,0x002E6020,48
FUN_002e6020,0x002E6020,0x002E604C,44
FUN_002e6050,0x002E6050,0x002E60E4,148
FUN_002e60f0,0x002E60F0,0x002E6138,72
FUN_002e6140,0x002E6140,0x002E6168,40
FUN_002e6170,0x002E6170,0x002E6410,672
thunk_FUN_002e6430,0x002E6410,0x002E6418,8
thunk_FUN_002e6a90_002e6420,0x002E6420,0x002E6428,8
FUN_002e6430,0x002E6430,0x002E69C8,1432
FUN_002e69d0,0x002E69D0,0x002E6A88,184
FUN_002e6a90,0x002E6A90,0x002E6F78,1256
FUN_002e6f80,0x002E6F80,0x002E7420,1184
FUN_002e7420,0x002E7420,0x002E7A5C,1596
FUN_002e7a60,0x002E7A60,0x002E8438,2520
FUN_002e8440,0x002E8440,0x002E8534,244
FUN_002e8540,0x002E8540,0x002E8944,1028
FUN_002e8950,0x002E8950,0x002E9C3C,4844
FUN_002e9c40,0x002E9C40,0x002EA000,960
FUN_002ea000,0x002EA000,0x002EA584,1412
FUN_002ea590,0x002EA590,0x002EAA64,1236
FUN_002eaa70,0x002EAA70,0x002EAB1C,172
FUN_002eab20,0x002EAB20,0x002EBF3C,5148
FUN_002ebf40,0x002EBF40,0x002EBFD8,152
FUN_002ebfe0,0x002EBFE0,0x002ED670,5776
FUN_002ed670,0x002ED670,0x002ED6A0,48
FUN_002ed6a0,0x002ED6A0,0x002EDE84,2020
FUN_002ede84,0x002EDE84,0x002EEA9C,3096
gap_002eea9c,0x002EEA9C,0x002EEACC,48
FUN_002eead0,0x002EEAD0,0x002EEAE4,20
FUN_002eeaf0,0x002EEAF0,0x002EEBD8,232
FUN_002eebe0,0x002EEBE0,0x002EED4C,364
FUN_002eed50,0x002EED50,0x002EEDA0,80
FUN_002eeda0,0x002EEDA0,0x002EF0C4,804
FUN_002ef0d0,0x002EF0D0,0x002EF460,912
FUN_002ef460,0x002EF460,0x002EF530,208
FUN_002ef530,0x002EF530,0x002EF594,100
FUN_002ef5a0,0x002EF5A0,0x002F0154,2996
FUN_002f0160,0x002F0160,0x002F04E0,896
FUN_002f04e0,0x002F04E0,0x002F130C,3628
FUN_002f1310,0x002F1310,0x002F1318,8
FUN_002f1320,0x002F1320,0x002F1348,40
FUN_002f1350,0x002F1350,0x002F1358,8
FUN_002f1360,0x002F1360,0x002F1368,8
FUN_002f1370,0x002F1370,0x002F1378,8
FUN_002f1380,0x002F1380,0x002F1388,8
FUN_002f1390,0x002F1390,0x002F1398,8
FUN_002f13a0,0x002F13A0,0x002F13AC,12
FUN_002f13b0,0x002F13B0,0x002F1CA4,2292
FUN_002f1ca4,0x002F1CA4,0x002F2A34,3472
gap_002f2a34,0x002F2A34,0x002F2A54,32
FUN_002f2a60,0x002F2A60,0x002F2BC4,356
FUN_002f2bd0,0x002F2BD0,0x002F2C50,128
FUN_002f2c50,0x002F2C50,0x002F40A4,5204
FUN_002f40a4,0x002F40A4,0x002F40D4,48
FUN_002f40e0,0x002F40E0,0x002F42AC,460
FUN_002f42b0,0x002F42B0,0x002F43D4,292
FUN_002f43e0,0x002F43E0,0x002F44F0,272
FUN_002f44f0,0x002F44F0,0x002F4564,116
FUN_002f4570,0x002F4570,0x002F4AC0,1360
FUN_002f4ac0,0x002F4AC0,0x002F4C10,336
FUN_002f4c10,0x002F4C10,0x002F4C98,136
FUN_002f4ca0,0x002F4CA0,0x002F4F00,608
FUN_002f4f00,0x002F4F00,0x002F5068,360
FUN_002f5070,0x002F5070,0x002F53E8,888
FUN_002f53f0,0x002F53F0,0x002F5668,632
FUN_002f5670,0x002F5670,0x002F58E8,632
FUN_002f58f0,0x002F58F0,0x002F5A80,400
FUN_002f5a80,0x002F5A80,0x002F5BD4,340
FUN_002f5be0,0x002F5BE0,0x002F5ECC,748
FUN_002f5ed0,0x002F5ED0,0x002F5F9C,204
FUN_002f5f9c,0x002F5F9C,0x002F600C,112
FUN_002f6010,0x002F6010,0x002F6018,8
FUN_002f6020,0x002F6020,0x002F6028,8
FUN_002f6030,0x002F6030,0x002F6038,8
thunk_FUN_002e1350,0x002F6040,0x002F6048,8
FUN_002f6050,0x002F6050,0x002F6058,8
FUN_002f6060,0x002F6060,0x002F6068,8
FUN_002f6070,0x002F6070,0x002F6078,8
FUN_002f6080,0x002F6080,0x002F6088,8
FUN_002f6090,0x002F6090,0x002F6098,8
FUN_002f60a0,0x002F60A0,0x002F60A8,8
FUN_002f60b0,0x002F60B0,0x002F60B8,8
FUN_002f60c0,0x002F60C0,0x002F60C8,8
FUN_002f60d0,0x002F60D0,0x002F617C,172
FUN_002f6180,0x002F6180,0x002F6188,8
FUN_002f6190,0x002F6190,0x002F6198,8
FUN_002f61a0,0x002F61A0,0x002F61D4,52
FUN_002f61e0,0x002F61E0,0x002F61E8,8
FUN_002f61f0,0x002F61F0,0x002F6220,48
FUN_002f6220,0x002F6220,0x002F6298,120
FUN_002f62a0,0x002F62A0,0x002F62E4,68
FUN_002f62f0,0x002F62F0,0x002F64E4,500
FUN_002f64f0,0x002F64F0,0x002F6504,20
FUN_002f6510,0x002F6510,0x002F6518,8
FUN_002f6520,0x002F6520,0x002F6528,8
FUN_002f6530,0x002F6530,0x002F6608,216
FUN_002f6610,0x002F6610,0x002F6618,8
FUN_002f6620,0x002F6620,0x002F6758,312
FUN_002f6760,0x002F6760,0x002F6818,184
FUN_002f6820,0x002F6820,0x002F6830,16
FUN_002f6830,0x002F6830,0x002F6838,8
FUN_002f6840,0x002F6840,0x002F6AE8,680
FUN_002f6af0,0x002F6AF0,0x002F6B34,68
FUN_002f6b40,0x002F6B40,0x002F6EDC,924
FUN_002f6ee0,0x002F6EE0,0x002F6FC4,228
FUN_002f6fd0,0x002F6FD0,0x002F71B8,488
FUN_002f71c0,0x002F71C0,0x002F7388,456
FUN_002f7390,0x002F7390,0x002F7398,8
FUN_002f73a0,0x002F73A0,0x002F73A8,8
FUN_002f73b0,0x002F73B0,0x002F73B8,8
FUN_002f73c0,0x002F73C0,0x002F73F8,56
FUN_002f7400,0x002F7400,0x002F7448,72
FUN_002f7450,0x002F7450,0x002F7488,56
FUN_002f7490,0x002F7490,0x002F7498,8
FUN_002f74a0,0x002F74A0,0x002F74A8,8
FUN_002f74b0,0x002F74B0,0x002F74B8,8
FUN_002f74c0,0x002F74C0,0x002F74C8,8
FUN_002f74d0,0x002F74D0,0x002F74FC,44
FUN_002f7500,0x002F7500,0x002F75C4,196
FUN_002f75d0,0x002F75D0,0x002F75F4,36
FUN_002f7600,0x002F7600,0x002F7688,136
FUN_002f7690,0x002F7690,0x002F76A0,16
FUN_002f76a0,0x002F76A0,0x002F76F0,80
FUN_002f76f0,0x002F76F0,0x002F7AC8,984
FUN_002f7ad0,0x002F7AD0,0x002F7C7C,428
FUN_002f7c80,0x002F7C80,0x002F7E64,484
FUN_002f7e70,0x002F7E70,0x002F7E98,40
FUN_002f7ea0,0x002F7EA0,0x002F7EB4,20
FUN_002f7ec0,0x002F7EC0,0x002F80B0,496
FUN_002f80b0,0x002F80B0,0x002F8150,160
FUN_002f8150,0x002F8150,0x002F81F8,168
FUN_002f8200,0x002F8200,0x002F8EC4,3268
FUN_002f8ed0,0x002F8ED0,0x002F8F3C,108
FUN_002f8f3c,0x002F8F3C,0x002F8F94,88
FUN_002f8f94,0x002F8F94,0x002F8FC4,48
gap_002f8fc4,0x002F8FC4,0x002F8FEC,40
FUN_002f8ff0,0x002F8FF0,0x002F9058,104
FUN_002f9060,0x002F9060,0x002F9094,52
FUN_002f90a0,0x002F90A0,0x002F90A8,8
FUN_002f90b0,0x002F90B0,0x002F92C4,532
FUN_002f92d0,0x002F92D0,0x002F92D8,8
FUN_002f92e0,0x002F92E0,0x002F92E8,8
FUN_002f92f0,0x002F92F0,0x002F945C,364
FUN_002f9460,0x002F9460,0x002F9490,48
FUN_002f9490,0x002F9490,0x002F94CC,60
FUN_002f94d0,0x002F94D0,0x002F9550,128
FUN_002f9550,0x002F9550,0x002F955C,12
FUN_002f9560,0x002F9560,0x002F9574,20
FUN_002f9580,0x002F9580,0x002F95B0,48
FUN_002f95b0,0x002F95B0,0x002F95EC,60
FUN_002f95f0,0x002F95F0,0x002F963C,76
FUN_002f9640,0x002F9640,0x002F964C,12
FUN_002f9650,0x002F9650,0x002F9664,20
FUN_002f9670,0x002F9670,0x002F96A0,48
FUN_002f96a0,0x002F96A0,0x002F96DC,60
FUN_002f96e0,0x002F96E0,0x002F973C,92
FUN_002f9740,0x002F9740,0x002F98DC,412
FUN_002f98e0,0x002F98E0,0x002FA4E8,3080
FUN_002fa4f0,0x002FA4F0,0x002FA530,64
FUN_002fa530,0x002FA530,0x002FA6A8,376
FUN_002fa6b0,0x002FA6B0,0x002FA6F8,72
FUN_002fa700,0x002FA700,0x002FA748,72
FUN_002fa750,0x002FA750,0x002FAA8C,828
FUN_002faa90,0x002FAA90,0x002FAB24,148
FUN_002fab30,0x002FAB30,0x002FAC34,260
FUN_002fac40,0x002FAC40,0x002FAC58,24
FUN_002fac60,0x002FAC60,0x002FAC74,20
FUN_002fac80,0x002FAC80,0x002FAEB0,560
FUN_002faeb0,0x002FAEB0,0x002FAEEC,60
FUN_002faef0,0x002FAEF0,0x002FAF2C,60
FUN_002faf30,0x002FAF30,0x002FAF74,68
FUN_002faf80,0x002FAF80,0x002FAFAC,44
FUN_002fafb0,0x002FAFB0,0x002FAFF8,72
FUN_002fb000,0x002FB000,0x002FB09C,156
FUN_002fb0a0,0x002FB0A0,0x002FB0EC,76
FUN_002fb0f0,0x002FB0F0,0x002FB1BC,204
FUN_002fb1c0,0x002FB1C0,0x002FB200,64
FUN_002fb200,0x002FB200,0x002FB300,256
FUN_002fb300,0x002FB300,0x002FB32C,44
FUN_002fb330,0x002FB330,0x002FB354,36
FUN_002fb360,0x002FB360,0x002FB3A0,64
FUN_002fb3a0,0x002FB3A0,0x002FB530,400
FUN_002fb530,0x002FB530,0x002FB704,468
FUN_002fb710,0x002FB710,0x002FB8A0,400
FUN_002fb8a0,0x002FB8A0,0x002FB9DC,316
FUN_002fb9e0,0x002FB9E0,0x002FBB3C,348
FUN_002fbb40,0x002FBB40,0x002FBC78,312
FUN_002fbc80,0x002FBC80,0x002FBD64,228
FUN_002fbd70,0x002FBD70,0x002FBFA0,560
FUN_002fbfa0,0x002FBFA0,0x002FC214,628
FUN_002fc220,0x002FC220,0x002FC404,484
FUN_002fc410,0x002FC410,0x002FC48C,124
FUN_002fc490,0x002FC490,0x002FC540,176
FUN_002fc540,0x002FC540,0x002FC5E8,168
FUN_002fc5f0,0x002FC5F0,0x002FC65C,108
FUN_002fc660,0x002FC660,0x002FC700,160
FUN_002fc700,0x002FC700,0x002FC770,112
FUN_002fc770,0x002FC770,0x002FC814,164
FUN_002fc820,0x002FC820,0x002FC988,360
FUN_002fc990,0x002FC990,0x002FC9EC,92
FUN_002fc9f0,0x002FC9F0,0x002FCD6C,892
FUN_002fcd70,0x002FCD70,0x002FCDD0,96
FUN_002fcdd0,0x002FCDD0,0x002FCDD8,8
FUN_002fcde0,0x002FCDE0,0x002FCDE8,8
FUN_002fcdf0,0x002FCDF0,0x002FCDF8,8
FUN_002fce00,0x002FCE00,0x002FCE08,8
FUN_002fce10,0x002FCE10,0x002FCE30,32
FUN_002fce30,0x002FCE30,0x002FCE44,20
FUN_002fce50,0x002FCE50,0x002FCEBC,108
FUN_002fcec0,0x002FCEC0,0x002FCF20,96
FUN_002fcf20,0x002FCF20,0x002FCF60,64
FUN_002fcf60,0x002FCF60,0x002FCF6C,12
FUN_002fcf70,0x002FCF70,0x002FCFA8,56
FUN_002fcfb0,0x002FCFB0,0x002FCFE8,56
FUN_002fcff0,0x002FCFF0,0x002FD044,84
FUN_002fd050,0x002FD050,0x002FD0A4,84
FUN_002fd0b0,0x002FD0B0,0x002FD0C4,20
FUN_002fd0d0,0x002FD0D0,0x002FD114,68
FUN_002fd120,0x002FD120,0x002FD3C4,676
FUN_002fd3d0,0x002FD3D0,0x002FD404,52
FUN_002fd410,0x002FD410,0x002FD44C,60
FUN_002fd450,0x002FD450,0x002FD48C,60
FUN_002fd490,0x002FD490,0x002FD550,192
FUN_002fd550,0x002FD550,0x002FD5B0,96
FUN_002fd5b0,0x002FD5B0,0x002FD5EC,60
FUN_002fd5f0,0x002FD5F0,0x002FD62C,60
FUN_002fd630,0x002FD630,0x002FD684,84
FUN_002fd690,0x002FD690,0x002FD6E4,84
FUN_002fd6f0,0x002FD6F0,0x002FD6FC,12
FUN_002fd700,0x002FD700,0x002FD7A0,160
FUN_002fd7a0,0x002FD7A0,0x002FD7C0,32
FUN_002fd7c0,0x002FD7C0,0x002FD7D0,16
FUN_002fd7d0,0x002FD7D0,0x002FD7D8,8
FUN_002fd7e0,0x002FD7E0,0x002FD7E8,8
FUN_002fd7f0,0x002FD7F0,0x002FD7F8,8
FUN_002fd800,0x002FD800,0x002FD808,8
FUN_002fd810,0x002FD810,0x002FD840,48
FUN_002fd840,0x002FD840,0x002FD848,8
FUN_002fd850,0x002FD850,0x002FD88C,60
FUN_002fd890,0x002FD890,0x002FD8F8,104
FUN_002fd900,0x002FD900,0x002FD918,24
FUN_002fd920,0x002FD920,0x002FD954,52
FUN_002fd960,0x002FD960,0x002FD9A4,68
FUN_002fd9b0,0x002FD9B0,0x002FDA3C,140
FUN_002fda40,0x002FDA40,0x002FDA74,52
FUN_002fda80,0x002FDA80,0x002FDAA8,40
FUN_002fdab0,0x002FDAB0,0x002FDAE4,52
FUN_002fdaf0,0x002FDAF0,0x002FDB20,48
FUN_002fdb20,0x002FDB20,0x002FDBDC,188
FUN_002fdbe0,0x002FDBE0,0x002FDC10,48
FUN_002fdc10,0x002FDC10,0x002FDC24,20
FUN_002fdc30,0x002FDC30,0x002FDC44,20
FUN_002fdc50,0x002FDC50,0x002FDCE0,144
FUN_002fdce0,0x002FDCE0,0x002FDCE8,8
FUN_002fdcf0,0x002FDCF0,0x002FDD2C,60
FUN_002fdd30,0x002FDD30,0x002FDE18,232
thunk_FUN_00264740,0x002FDE20,0x002FDE28,8
FUN_002fde30,0x002FDE30,0x002FDFBC,396
FUN_002fdfc0,0x002FDFC0,0x002FE088,200
FUN_002fe090,0x002FE090,0x002FE0C0,48
FUN_002fe0c0,0x002FE0C0,0x002FE0F0,48
FUN_002fe0f0,0x002FE0F0,0x002FE198,168
FUN_002fe1a0,0x002FE1A0,0x002FE21C,124
thunk_FUN_00176df0,0x002FE220,0x002FE228,8
FUN_002fe230,0x002FE230,0x002FE270,64
FUN_002fe270,0x002FE270,0x002FE320,176
FUN_002fe320,0x002FE320,0x002FE328,8
FUN_002fe330,0x002FE330,0x002FE340,16
FUN_002fe340,0x002FE340,0x002FE3A0,96
FUN_002fe3a0,0x002FE3A0,0x002FE40C,108
FUN_002fe410,0x002FE410,0x002FE500,240
FUN_002fe500,0x002FE500,0x002FE528,40
FUN_002fe530,0x002FE530,0x002FE550,32
FUN_002fe550,0x002FE550,0x002FE584,52
FUN_002fe590,0x002FE590,0x002FE5F8,104
FUN_002fe600,0x002FE600,0x002FE668,104
FUN_002fe670,0x002FE670,0x002FE688,24
FUN_002fe690,0x002FE690,0x002FE718,136
FUN_002fe720,0x002FE720,0x002FE79C,124
FUN_002fe7a0,0x002FE7A0,0x002FEC60,1216
FUN_002fec60,0x002FEC60,0x002FECC0,96
FUN_002fecc0,0x002FECC0,0x002FEE4C,396
thunk_FUN_0018fab0,0x002FEE50,0x002FEE58,8
thunk_FUN_0018fb50,0x002FEE60,0x002FEE68,8
FUN_002fee70,0x002FEE70,0x002FF56C,1788
FUN_002ff570,0x002FF570,0x002FF5B4,68
FUN_002ff5c0,0x002FF5C0,0x002FF5F8,56
FUN_002ff600,0x002FF600,0x002FF680,128
FUN_002ff680,0x002FF680,0x002FF834,436
FUN_002ff840,0x002FF840,0x002FF8C4,132
FUN_002ff8d0,0x002FF8D0,0x002FF90C,60
FUN_002ff910,0x002FF910,0x002FF920,16
FUN_002ff920,0x002FF920,0x002FF974,84
FUN_002ff980,0x002FF980,0x002FFA6C,236
FUN_002ffa70,0x002FFA70,0x002FFA80,16
FUN_002ffa80,0x002FFA80,0x002FFA88,8
FUN_002ffa90,0x002FFA90,0x002FFABC,44
FUN_002ffac0,0x002FFAC0,0x002FFB10,80
FUN_002ffb10,0x002FFB10,0x002FFB30,32
FUN_002ffb30,0x002FFB30,0x002FFB58,40
FUN_002ffb60,0x002FFB60,0x002FFB80,32
FUN_002ffb80,0x002FFB80,0x002FFE70,752
FUN_002ffe70,0x002FFE70,0x002FFE78,8
FUN_002ffe80,0x002FFE80,0x002FFE88,8
FUN_002ffe90,0x002FFE90,0x002FFEE4,84
FUN_002ffef0,0x002FFEF0,0x002FFF88,152
FUN_002fff90,0x002FFF90,0x00300054,196
FUN_00300060,0x00300060,0x003000C4,100
FUN_003000d0,0x003000D0,0x00300168,152
FUN_00300170,0x00300170,0x003001D8,104
FUN_003001e0,0x003001E0,0x00300260,128
FUN_00300260,0x00300260,0x00300308,168
FUN_00300310,0x00300310,0x003003CC,188
FUN_003003d0,0x003003D0,0x003003D8,8
FUN_003003e0,0x003003E0,0x0030040C,44
FUN_00300410,0x00300410,0x00300418,8
FUN_00300420,0x00300420,0x00300450,48
FUN_00300450,0x00300450,0x003004B4,100
FUN_003004c0,0x003004C0,0x00300540,128
FUN_00300540,0x00300540,0x003005A4,100
FUN_003005b0,0x003005B0,0x00300630,128
FUN_00300630,0x00300630,0x0030070C,220
FUN_00300710,0x00300710,0x0030079C,140
FUN_003007a0,0x003007A0,0x0030083C,156
FUN_00300840,0x00300840,0x00300870,48
FUN_00300870,0x00300870,0x003008A4,52
FUN_003008b0,0x003008B0,0x00300928,120
FUN_00300930,0x00300930,0x003009CC,156
FUN_003009d0,0x003009D0,0x00300AB4,228
FUN_00300ac0,0x00300AC0,0x00300AE4,36
FUN_00300af0,0x00300AF0,0x00300B20,48
FUN_00300b20,0x00300B20,0x00300B34,20
FUN_00300b40,0x00300B40,0x00300B4C,12
FUN_00300b50,0x00300B50,0x00300BB4,100
FUN_00300bc0,0x00300BC0,0x00300C4C,140
FUN_00300c50,0x00300C50,0x00300C80,48
FUN_00300c80,0x00300C80,0x00300CC8,72
FUN_00300cd0,0x00300CD0,0x00300D34,100
FUN_00300d40,0x00300D40,0x00300DBC,124
FUN_00300dc0,0x00300DC0,0x00300E24,100
FUN_00300e30,0x00300E30,0x00300EAC,124
FUN_00300eb0,0x00300EB0,0x00300EE0,48
FUN_00300ee0,0x00300EE0,0x00300F28,72
FUN_00300f30,0x00300F30,0x00300F60,48
FUN_00300f60,0x00300F60,0x00301048,232
FUN_00301050,0x00301050,0x00301058,8
FUN_00301060,0x00301060,0x00301088,40
FUN_00301090,0x00301090,0x0030109C,12
FUN_003010a0,0x003010A0,0x003010E4,68
FUN_003010f0,0x003010F0,0x00301158,104
FUN_00301160,0x00301160,0x003011B0,80
FUN_003011b0,0x003011B0,0x00301C18,2664
FUN_00301c20,0x00301C20,0x00301C50,48
FUN_00301c50,0x00301C50,0x00301C74,36
FUN_00301c80,0x00301C80,0x00301C88,8
FUN_00301c90,0x00301C90,0x00301D18,136
FUN_00301d20,0x00301D20,0x00301E08,232
FUN_00301e10,0x00301E10,0x00301E7C,108
FUN_00301e80,0x00301E80,0x00301F74,244
FUN_00301f80,0x00301F80,0x003020F8,376
FUN_00302100,0x00302100,0x00302174,116
FUN_00302180,0x00302180,0x003021C4,68
FUN_003021d0,0x003021D0,0x003023E0,528
FUN_003023e0,0x003023E0,0x00302540,352
FUN_00302540,0x00302540,0x00302560,32
FUN_00302560,0x00302560,0x00302654,244
FUN_00302660,0x00302660,0x00302700,160
FUN_00302700,0x00302700,0x0030288C,396
FUN_00302890,0x00302890,0x00302968,216
FUN_00302970,0x00302970,0x003029E8,120
FUN_003029f0,0x003029F0,0x00302AF8,264
FUN_00302b00,0x00302B00,0x00302B08,8
FUN_00302b10,0x00302B10,0x00302B18,8
FUN_00302b20,0x00302B20,0x00302C20,256
FUN_00302c20,0x00302C20,0x00302C58,56
FUN_00302c60,0x00302C60,0x00302C68,8
FUN_00302c70,0x00302C70,0x00302C78,8
FUN_00302c80,0x00302C80,0x00302CB4,52
FUN_00302cc0,0x00302CC0,0x00302D18,88
FUN_00302d20,0x00302D20,0x00302D7C,92
FUN_00302d80,0x00302D80,0x00302D88,8
FUN_00302d90,0x00302D90,0x00302DC4,52
FUN_00302dd0,0x00302DD0,0x00302DD8,8
FUN_00302de0,0x00302DE0,0x00302E14,52
FUN_00302e20,0x00302E20,0x00302E28,8
FUN_00302e30,0x00302E30,0x00302E64,52
FUN_00302e70,0x00302E70,0x00302E78,8
FUN_00302e80,0x00302E80,0x00302EB4,52
FUN_00302ec0,0x00302EC0,0x00302EC8,8
FUN_00302ed0,0x00302ED0,0x00302F08,56
FUN_00302f10,0x00302F10,0x00302F7C,108
FUN_00302f80,0x00302F80,0x00302F88,8
FUN_00302f90,0x00302F90,0x00302F98,8
FUN_00302fa0,0x00302FA0,0x00302FD4,52
FUN_00302fe0,0x00302FE0,0x0030304C,108
FUN_00303050,0x00303050,0x00303058,8
FUN_00303060,0x00303060,0x00303094,52
FUN_003030a0,0x003030A0,0x003030FC,92
FUN_00303100,0x00303100,0x00303108,8
FUN_00303110,0x00303110,0x0030315C,76
FUN_00303160,0x00303160,0x00303168,8
FUN_00303170,0x00303170,0x003031BC,76
FUN_003031c0,0x003031C0,0x003031C8,8
FUN_003031d0,0x003031D0,0x0030321C,76
FUN_00303220,0x00303220,0x00303228,8
FUN_00303230,0x00303230,0x0030327C,76
FUN_00303280,0x00303280,0x00303288,8
FUN_00303290,0x00303290,0x003032DC,76
FUN_003032e0,0x003032E0,0x003032E8,8
gap_003032f0,0x003032F0,0x00303318,40
gap_00303320,0x00303320,0x00303328,8
gap_00303330,0x00303330,0x0030337C,76
FUN_00303380,0x00303380,0x00303388,8
FUN_00303390,0x00303390,0x003033DC,76
FUN_003033e0,0x003033E0,0x00303440,96
FUN_00303440,0x00303440,0x00303448,8
FUN_00303450,0x00303450,0x003034D4,132
FUN_003034e0,0x003034E0,0x003034E8,8
FUN_003034f0,0x003034F0,0x0030355C,108
FUN_00303560,0x00303560,0x00303568,8
FUN_00303570,0x00303570,0x00303578,8
FUN_00303580,0x00303580,0x003035DC,92
FUN_003035e0,0x003035E0,0x00303664,132
FUN_00303670,0x00303670,0x003036BC,76
FUN_003036c0,0x003036C0,0x003036F8,56
FUN_00303700,0x00303700,0x00303758,88
FUN_00303760,0x00303760,0x00303874,276
FUN_00303880,0x00303880,0x00303888,8
FUN_00303890,0x00303890,0x00303898,8
FUN_003038a0,0x003038A0,0x0030398C,236
FUN_00303990,0x00303990,0x00303A74,228
FUN_00303a80,0x00303A80,0x00303A88,8
FUN_00303a90,0x00303A90,0x00303BB4,292
FUN_00303bc0,0x00303BC0,0x00303C18,88
FUN_00303c20,0x00303C20,0x00303C70,80
FUN_00303c70,0x00303C70,0x00303C80,16
FUN_00303c80,0x00303C80,0x00303CB4,52
FUN_00303cc0,0x00303CC0,0x00303D40,128
FUN_00303d40,0x00303D40,0x00303DB4,116
FUN_00303dc0,0x00303DC0,0x00303E28,104
FUN_00303e30,0x00303E30,0x00303E84,84
FUN_00303e90,0x00303E90,0x00303EE4,84
FUN_00303ef0,0x00303EF0,0x00303F48,88
FUN_00303f50,0x00303F50,0x00303FA8,88
FUN_00303fb0,0x00303FB0,0x00304008,88
FUN_00304010,0x00304010,0x00304064,84
gap_00304070,0x00304070,0x00304078,8
gap_00304080,0x00304080,0x003040D4,84
FUN_003040e0,0x003040E0,0x00304138,88
FUN_00304140,0x00304140,0x00304194,84
FUN_003041a0,0x003041A0,0x003041F8,88
FUN_00304200,0x00304200,0x0030425C,92
FUN_00304260,0x00304260,0x003042B8,88
FUN_003042c0,0x003042C0,0x00304328,104
FUN_00304330,0x00304330,0x00304398,104
FUN_003043a0,0x003043A0,0x003043F0,80
FUN_003043f0,0x003043F0,0x00304440,80
FUN_00304440,0x00304440,0x00304490,80
FUN_00304490,0x00304490,0x003044E0,80
FUN_003044e0,0x003044E0,0x00304534,84
FUN_00304540,0x00304540,0x00304590,80
FUN_00304590,0x00304590,0x003045E0,80
FUN_003045e0,0x003045E0,0x00304630,80
FUN_00304630,0x00304630,0x00304680,80
gap_00304680,0x00304680,0x00304688,8
gap_00304690,0x00304690,0x003046E4,84
FUN_003046f0,0x003046F0,0x003046F8,8
FUN_00304700,0x00304700,0x00304774,116
gap_00304780,0x00304780,0x00304788,8
gap_00304790,0x00304790,0x0030479C,12
gap_003047a0,0x003047A0,0x003047D4,52
FUN_003047e0,0x003047E0,0x00304818,56
FUN_00304820,0x00304820,0x00304854,52
FUN_00304860,0x00304860,0x00304894,52
FUN_003048a0,0x003048A0,0x003048D4,52
FUN_003048e0,0x003048E0,0x00304914,52
FUN_00304920,0x00304920,0x00304954,52
FUN_00304960,0x00304960,0x00304994,52
FUN_003049a0,0x003049A0,0x003049D4,52
FUN_003049e0,0x003049E0,0x00304A14,52
FUN_00304a20,0x00304A20,0x00304CEC,716
FUN_00304cf0,0x00304CF0,0x00304D7C,140
FUN_00304d80,0x00304D80,0x00304DC8,72
FUN_00304dd0,0x00304DD0,0x00304E8C,188
FUN_00304e90,0x00304E90,0x00304F4C,188
FUN_00304f50,0x00304F50,0x00304FA0,80
FUN_00304fa0,0x00304FA0,0x0030505C,188
FUN_00305060,0x00305060,0x00305094,52
FUN_003050a0,0x003050A0,0x003050D4,52
FUN_003050e0,0x003050E0,0x00305138,88
FUN_00305140,0x00305140,0x00305198,88
FUN_003051a0,0x003051A0,0x003051F8,88
FUN_00305200,0x00305200,0x00305258,88
FUN_00305260,0x00305260,0x00305554,756
FUN_00305560,0x00305560,0x00305578,24
FUN_00305580,0x00305580,0x00305588,8
FUN_00305590,0x00305590,0x00305650,192
FUN_00305650,0x00305650,0x00305768,280
FUN_00305770,0x00305770,0x00305780,16
FUN_00305780,0x00305780,0x00305788,8
FUN_00305790,0x00305790,0x0030589C,268
FUN_003058a0,0x003058A0,0x003058C4,36
FUN_003058d0,0x003058D0,0x00305960,144
FUN_00305960,0x00305960,0x00305978,24
FUN_00305980,0x00305980,0x003059DC,92
dq_player_ai_cpp__assert_ref_11,0x003059E0,0x00305B78,408
FUN_00305b80,0x00305B80,0x00305B88,8
FUN_00305b90,0x00305B90,0x00305B98,8
FUN_00305ba0,0x00305BA0,0x00305BAC,12
gap_00305bb0,0x00305BB0,0x00305BF0,64
FUN_00305bf0,0x00305BF0,0x00305C40,80
FUN_00305c40,0x00305C40,0x00305C90,80
FUN_00305c90,0x00305C90,0x00305CE0,80
FUN_00305ce0,0x00305CE0,0x00305D30,80
FUN_00305d30,0x00305D30,0x00305D80,80
FUN_00305d80,0x00305D80,0x00305DD0,80
FUN_00305dd0,0x00305DD0,0x00305E64,148
FUN_00305e70,0x00305E70,0x00305EDC,108
FUN_00305ee0,0x00305EE0,0x00305F4C,108
FUN_00305f50,0x00305F50,0x00305F8C,60
FUN_00305f90,0x00305F90,0x00305FCC,60
FUN_00305fd0,0x00305FD0,0x0030600C,60
FUN_00306010,0x00306010,0x0030604C,60
FUN_00306050,0x00306050,0x00306098,72
dq_player_ai_cpp__assert_ref_10,0x003060A0,0x00306C78,3032
dq_player_ai_cpp__assert_ref_9,0x00306C78,0x00306E7C,516
FUN_00306e7c,0x00306E7C,0x00306EB4,56
FUN_00306eb4,0x00306EB4,0x00306EEC,56
FUN_00306eec,0x00306EEC,0x00307028,316
FUN_00307030,0x00307030,0x00307050,32
FUN_00307050,0x00307050,0x0030708C,60
thunk_FUN_0034ea00,0x00307090,0x00307098,8
FUN_003070a0,0x003070A0,0x003070A8,8
FUN_003070b0,0x003070B0,0x003072C8,536
FUN_003072d0,0x003072D0,0x003072E4,20
FUN_003072f0,0x003072F0,0x00307354,100
FUN_00307360,0x00307360,0x0030738C,44
FUN_00307390,0x00307390,0x0030739C,12
FUN_003073a0,0x003073A0,0x003073A8,8
FUN_003073b0,0x003073B0,0x003075F4,580
FUN_00307600,0x00307600,0x00307618,24
FUN_00307620,0x00307620,0x00307628,8
dq_player_ai_cpp__assert_ref_8,0x00307630,0x00307728,248
FUN_00307730,0x00307730,0x00307738,8
FUN_00307740,0x00307740,0x003077A8,104
FUN_003077b0,0x003077B0,0x00307828,120
thunk_FUN_00316590,0x00307830,0x00307838,8
FUN_00307840,0x00307840,0x00307848,8
gap_00307850,0x00307850,0x00307858,8
FUN_00307860,0x00307860,0x003078EC,140
FUN_003078f0,0x003078F0,0x003078F8,8
FUN_00307900,0x00307900,0x00307908,8
FUN_00307910,0x00307910,0x00307918,8
FUN_00307920,0x00307920,0x00307928,8
FUN_00307930,0x00307930,0x00307ADC,428
dq_player_ai_cpp__assert_ref_7,0x00307AE0,0x00307BC0,224
playerai_data_h__assert_ref_1,0x00307BC0,0x00307C14,84
FUN_00307c20,0x00307C20,0x00307C2C,12
FUN_00307c30,0x00307C30,0x00308140,1296
FUN_00308140,0x00308140,0x00308148,8
FUN_00308150,0x00308150,0x00308204,180
FUN_00308210,0x00308210,0x00308224,20
FUN_00308230,0x00308230,0x00308298,104
dq_player_ai_cpp__assert_ref_3,0x003082A0,0x00308430,400
dq_player_ai_cpp__assert_ref_4,0x00308430,0x003085CC,412
dq_player_ai_cpp__assert_ref_5,0x003085D0,0x00308770,416
FUN_00308770,0x00308770,0x003087B0,64
FUN_003087b0,0x003087B0,0x003087F0,64
dq_player_ai_cpp__assert_ref_6,0x003087F0,0x00308864,116
dq_player_ai_cpp__assert_ref_1,0x00308870,0x003088F4,132
FUN_00308900,0x00308900,0x0030895C,92
dq_player_ai_cpp__assert_ref_2,0x00308960,0x003089BC,92
FUN_003089c0,0x003089C0,0x00308A4C,140
FUN_00308a50,0x00308A50,0x00308B30,224
FUN_00308b30,0x00308B30,0x00308B68,56
FUN_00308b70,0x00308B70,0x00308BC8,88
FUN_00308bd0,0x00308BD0,0x00308BF4,36
FUN_00308c00,0x00308C00,0x00308C20,32
FUN_00308c20,0x00308C20,0x00308C38,24
FUN_00308c40,0x00308C40,0x00308C68,40
CBtlPCParts__Create_logref_1,0x00308C70,0x00308E00,400
FUN_00308e00,0x00308E00,0x00308E9C,156
FUN_00308ea0,0x00308EA0,0x00308EA8,8
FUN_00308eb0,0x00308EB0,0x00308F78,200
FUN_00308f80,0x00308F80,0x00309004,132
FUN_00309010,0x00309010,0x00309090,128
FUN_00309090,0x00309090,0x0030915C,204
FUN_00309160,0x00309160,0x003091AC,76
FUN_003091b0,0x003091B0,0x003092A8,248
FUN_003092b0,0x003092B0,0x00309654,932
FUN_00309660,0x00309660,0x00309810,432
FUN_00309810,0x00309810,0x00309888,120
FUN_00309890,0x00309890,0x00309934,164
FUN_00309940,0x00309940,0x0030996C,44
FUN_00309970,0x00309970,0x003099A4,52
FUN_003099b0,0x003099B0,0x00309B1C,364
FUN_00309b20,0x00309B20,0x00309BA0,128
FUN_00309ba0,0x00309BA0,0x00309CAC,268
FUN_00309cb0,0x00309CB0,0x00309D38,136
FUN_00309d40,0x00309D40,0x00309D70,48
FUN_00309d70,0x00309D70,0x00309DA0,48
FUN_00309da0,0x00309DA0,0x00309DDC,60
FUN_00309de0,0x00309DE0,0x00309E30,80
FUN_00309e30,0x00309E30,0x0030A044,532
FUN_0030a050,0x0030A050,0x0030A100,176
FUN_0030a100,0x0030A100,0x0030A2CC,460
FUN_0030a2d0,0x0030A2D0,0x0030A36C,156
FUN_0030a370,0x0030A370,0x0030A760,1008
FUN_0030a760,0x0030A760,0x0030A798,56
FUN_0030a7a0,0x0030A7A0,0x0030A7D4,52
FUN_0030a7e0,0x0030A7E0,0x0030A82C,76
FUN_0030a830,0x0030A830,0x0030A8C4,148
FUN_0030a8d0,0x0030A8D0,0x0030A8E0,16
FUN_0030a8e0,0x0030A8E0,0x0030A8F0,16
FUN_0030a8f0,0x0030A8F0,0x0030A900,16
FUN_0030a900,0x0030A900,0x0030A91C,28
FUN_0030a920,0x0030A920,0x0030A938,24
FUN_0030a940,0x0030A940,0x0030A954,20
FUN_0030a960,0x0030A960,0x0030AC70,784
FUN_0030ac70,0x0030AC70,0x0030B14C,1244
FUN_0030b150,0x0030B150,0x0030B42C,732
FUN_0030b430,0x0030B430,0x0030B55C,300
FUN_0030b560,0x0030B560,0x0030B75C,508
FUN_0030b760,0x0030B760,0x0030B7C8,104
FUN_0030b7d0,0x0030B7D0,0x0030B848,120
FUN_0030b850,0x0030B850,0x0030B864,20
FUN_0030b870,0x0030B870,0x0030B8AC,60
FUN_0030b8b0,0x0030B8B0,0x0030B8E8,56
FUN_0030b8f0,0x0030B8F0,0x0030BB34,580
FUN_0030bb40,0x0030BB40,0x0030BB94,84
FUN_0030bba0,0x0030BBA0,0x0030BBEC,76
FUN_0030bbf0,0x0030BBF0,0x0030BC94,164
FUN_0030bca0,0x0030BCA0,0x0030BD98,248
FUN_0030bda0,0x0030BDA0,0x0030BE60,192
FUN_0030be60,0x0030BE60,0x0030C130,720
FUN_0030c130,0x0030C130,0x0030C258,296
FUN_0030c260,0x0030C260,0x0030C324,196
FUN_0030c330,0x0030C330,0x0030C634,772
FUN_0030c640,0x0030C640,0x0030C65C,28
FUN_0030c660,0x0030C660,0x0030C68C,44
FUN_0030c690,0x0030C690,0x0030C70C,124
FUN_0030c710,0x0030C710,0x0030C888,376
gap_0030c890,0x0030C890,0x0030C8B4,36
FUN_0030c8c0,0x0030C8C0,0x0030C944,132
FUN_0030c950,0x0030C950,0x0030C9A4,84
FUN_0030c9b0,0x0030C9B0,0x0030CA3C,140
FUN_0030ca40,0x0030CA40,0x0030CA74,52
FUN_0030ca80,0x0030CA80,0x0030CB64,228
FUN_0030cb70,0x0030CB70,0x0030CB98,40
FUN_0030cba0,0x0030CBA0,0x0030CC80,224
FUN_0030cc80,0x0030CC80,0x0030D028,936
FUN_0030d030,0x0030D030,0x0030D138,264
FUN_0030d140,0x0030D140,0x0030D2E0,416
FUN_0030d2e0,0x0030D2E0,0x0030D42C,332
FUN_0030d430,0x0030D430,0x0030D740,784
FUN_0030d740,0x0030D740,0x0030E4B0,3440
FUN_0030e4b0,0x0030E4B0,0x0030E788,728
FUN_0030e790,0x0030E790,0x0030E8B0,288
FUN_0030e8b0,0x0030E8B0,0x0030EC28,888
FUN_0030ec30,0x0030EC30,0x0030EC60,48
FUN_0030ec60,0x0030EC60,0x0030EDF4,404
FUN_0030ee00,0x0030EE00,0x0030F16C,876
FUN_0030f170,0x0030F170,0x0030F4B8,840
FUN_0030f4c0,0x0030F4C0,0x0030F65C,412
FUN_0030f660,0x0030F660,0x0030F740,224
FUN_0030f740,0x0030F740,0x0030F928,488
FUN_0030f930,0x0030F930,0x0030FAF4,452
FUN_0030fb00,0x0030FB00,0x0030FC8C,396
FUN_0030fc90,0x0030FC90,0x0030FD84,244
FUN_0030fd90,0x0030FD90,0x0030FF68,472
FUN_0030ff70,0x0030FF70,0x00310194,548
FUN_003101a0,0x003101A0,0x00310218,120
FUN_00310220,0x00310220,0x003103B8,408
FUN_003103c0,0x003103C0,0x003103D8,24
FUN_003103e0,0x003103E0,0x003103F8,24
FUN_00310400,0x00310400,0x00310418,24
FUN_00310420,0x00310420,0x00310438,24
FUN_00310440,0x00310440,0x00310458,24
FUN_00310460,0x00310460,0x00310478,24
FUN_00310480,0x00310480,0x00310498,24
FUN_003104a0,0x003104A0,0x003104B8,24
FUN_003104c0,0x003104C0,0x003104D8,24
FUN_003104e0,0x003104E0,0x003104F8,24
FUN_00310500,0x00310500,0x00310518,24
btl_actana_cpp__assert_ref_1,0x00310520,0x00310758,568
FUN_00310760,0x00310760,0x003116FC,3996
FUN_003116fc,0x003116FC,0x003117DC,224
gap_003117dc,0x003117DC,0x00311804,40
FUN_00311810,0x00311810,0x00311988,376
FUN_00311990,0x00311990,0x00311ACC,316
FUN_00311ad0,0x00311AD0,0x00311BFC,300
FUN_00311c00,0x00311C00,0x00311C88,136
FUN_00311c90,0x00311C90,0x00311DC0,304
FUN_00311dc0,0x00311DC0,0x00311EE8,296
FUN_00311ef0,0x00311EF0,0x00311F68,120
FUN_00311f70,0x00311F70,0x00311FD8,104
FUN_00311fe0,0x00311FE0,0x00312064,132
FUN_00312070,0x00312070,0x00312278,520
FUN_00312280,0x00312280,0x00312364,228
FUN_00312370,0x00312370,0x003125C0,592
FUN_003125c0,0x003125C0,0x003126CC,268
FUN_003126d0,0x003126D0,0x003128C8,504
FUN_003128d0,0x003128D0,0x00312C30,864
FUN_00312c30,0x00312C30,0x00312D98,360
FUN_00312da0,0x00312DA0,0x003131CC,1068
FUN_003131d0,0x003131D0,0x003133D4,516
FUN_003133e0,0x003133E0,0x003134B0,208
FUN_003134b0,0x003134B0,0x003135C4,276
FUN_003135d0,0x003135D0,0x00314680,4272
FUN_00314680,0x00314680,0x003147E8,360
FUN_003147f0,0x003147F0,0x00314908,280
FUN_00314908,0x00314908,0x00314A2C,292
FUN_00314a30,0x00314A30,0x00315624,3060
FUN_00315630,0x00315630,0x00316564,3892
FUN_00316570,0x00316570,0x00316578,8
FUN_00316580,0x00316580,0x0031658C,12
FUN_00316590,0x00316590,0x003165A4,20
FUN_003165b0,0x003165B0,0x003166B4,260
FUN_003166c0,0x003166C0,0x003166C8,8
FUN_003166d0,0x003166D0,0x003166D8,8
FUN_003166e0,0x003166E0,0x003166E8,8
FUN_003166f0,0x003166F0,0x00316738,72
FUN_00316740,0x00316740,0x00316748,8
FUN_00316750,0x00316750,0x0031676C,28
FUN_00316770,0x00316770,0x003167A0,48
FUN_003167a0,0x003167A0,0x003167BC,28
FUN_003167c0,0x003167C0,0x00316858,152
FUN_00316860,0x00316860,0x00316868,8
FUN_00316870,0x00316870,0x00316878,8
FUN_00316880,0x00316880,0x00316890,16
FUN_00316890,0x00316890,0x003169F4,356
FUN_00316a00,0x00316A00,0x003190F0,9968
FUN_003190f0,0x003190F0,0x00319128,56
FUN_00319130,0x00319130,0x003191D4,164
FUN_003191e0,0x003191E0,0x00319214,52
FUN_00319220,0x00319220,0x0031923C,28
gap_00319240,0x00319240,0x00319268,40
FUN_00319270,0x00319270,0x0031930C,156
FUN_00319310,0x00319310,0x003193A8,152
FUN_003193b0,0x003193B0,0x003193E4,52
FUN_003193f0,0x003193F0,0x00319440,80
FUN_00319440,0x00319440,0x00319484,68
FUN_00319490,0x00319490,0x0031949C,12
FUN_003194a0,0x003194A0,0x003196F4,596
FUN_00319700,0x00319700,0x003197D4,212
FUN_003197e0,0x003197E0,0x00319848,104
FUN_00319850,0x00319850,0x0031985C,12
FUN_00319860,0x00319860,0x003199D4,372
FUN_003199e0,0x003199E0,0x00319B48,360
FUN_00319b50,0x00319B50,0x00319C24,212
FUN_00319c30,0x00319C30,0x0031A684,2644
FUN_0031a690,0x0031A690,0x0031A734,164
FUN_0031a740,0x0031A740,0x0031AA00,704
FUN_0031aa00,0x0031AA00,0x0031AB90,400
FUN_0031ab90,0x0031AB90,0x0031ACA8,280
FUN_0031acb0,0x0031ACB0,0x0031AE7C,460
FUN_0031ae80,0x0031AE80,0x0031B068,488
FUN_0031b070,0x0031B070,0x0031B268,504
FUN_0031b270,0x0031B270,0x0031B464,500
FUN_0031b470,0x0031B470,0x0031B584,276
FUN_0031b590,0x0031B590,0x0031B6A4,276
thunk_FUN_0031b590,0x0031B6B0,0x0031B6B8,8
FUN_0031b6c0,0x0031B6C0,0x0031B6E4,36
FUN_0031b6f0,0x0031B6F0,0x0031B8E8,504
FUN_0031b8f0,0x0031B8F0,0x0031BDA4,1204
FUN_0031bdb0,0x0031BDB0,0x0031C034,644
FUN_0031c040,0x0031C040,0x0031C13C,252
FUN_0031c140,0x0031C140,0x0031C2DC,412
FUN_0031c2e0,0x0031C2E0,0x0031C390,176
FUN_0031c390,0x0031C390,0x0031C3E0,80
FUN_0031c3e0,0x0031C3E0,0x0031C418,56
FUN_0031c420,0x0031C420,0x0031C474,84
FUN_0031c480,0x0031C480,0x0031C4E0,96
FUN_0031c4e0,0x0031C4E0,0x0031C534,84
FUN_0031c540,0x0031C540,0x0031C618,216
FUN_0031c620,0x0031C620,0x0031C67C,92
FUN_0031c680,0x0031C680,0x0031C758,216
FUN_0031c760,0x0031C760,0x0031C7C8,104
FUN_0031c7d0,0x0031C7D0,0x0031C7DC,12
FUN_0031c7e0,0x0031C7E0,0x0031C7F4,20
FUN_0031c800,0x0031C800,0x0031C8D4,212
FUN_0031c8e0,0x0031C8E0,0x0031C904,36
FUN_0031c910,0x0031C910,0x0031C938,40
FUN_0031c940,0x0031C940,0x0031C968,40
FUN_0031c970,0x0031C970,0x0031C9A8,56
FUN_0031c9b0,0x0031C9B0,0x0031C9D8,40
FUN_0031c9e0,0x0031C9E0,0x0031CA30,80
FUN_0031ca30,0x0031CA30,0x0031CAC0,144
FUN_0031cac0,0x0031CAC0,0x0031CB58,152
FUN_0031cb60,0x0031CB60,0x0031CC20,192
FUN_0031cc20,0x0031CC20,0x0031CCB8,152
FUN_0031ccc0,0x0031CCC0,0x0031CD34,116
FUN_0031cd40,0x0031CD40,0x0031CDB4,116
FUN_0031cdc0,0x0031CDC0,0x0031CDC8,8
FUN_0031cdd0,0x0031CDD0,0x0031CDD8,8
FUN_0031cde0,0x0031CDE0,0x0031CEFC,284
FUN_0031cf00,0x0031CF00,0x0031CF94,148
FUN_0031cfa0,0x0031CFA0,0x0031CFB0,16
FUN_0031cfb0,0x0031CFB0,0x0031CFC0,16
FUN_0031cfc0,0x0031CFC0,0x0031CFD0,16
FUN_0031cfd0,0x0031CFD0,0x0031CFE0,16
FUN_0031cfe0,0x0031CFE0,0x0031CFF0,16
FUN_0031cff0,0x0031CFF0,0x0031D000,16
FUN_0031d000,0x0031D000,0x0031D010,16
FUN_0031d010,0x0031D010,0x0031D020,16
FUN_0031d020,0x0031D020,0x0031D030,16
FUN_0031d030,0x0031D030,0x0031D040,16
FUN_0031d040,0x0031D040,0x0031D050,16
FUN_0031d050,0x0031D050,0x0031D060,16
FUN_0031d060,0x0031D060,0x0031D070,16
FUN_0031d070,0x0031D070,0x0031D080,16
FUN_0031d080,0x0031D080,0x0031D090,16
FUN_0031d090,0x0031D090,0x0031D0A0,16
FUN_0031d0a0,0x0031D0A0,0x0031D0B0,16
FUN_0031d0b0,0x0031D0B0,0x0031D0C0,16
FUN_0031d0c0,0x0031D0C0,0x0031D0D0,16
FUN_0031d0d0,0x0031D0D0,0x0031D0E0,16
FUN_0031d0e0,0x0031D0E0,0x0031D2AC,460
FUN_0031d2b0,0x0031D2B0,0x0031D340,144
FUN_0031d340,0x0031D340,0x0031D444,260
FUN_0031d450,0x0031D450,0x0031D50C,188
FUN_0031d510,0x0031D510,0x0031D600,240
FUN_0031d600,0x0031D600,0x0031D608,8
FUN_0031d610,0x0031D610,0x0031D618,8
FUN_0031d620,0x0031D620,0x0031D72C,268
FUN_0031d730,0x0031D730,0x0031D7D8,168
FUN_0031d7e0,0x0031D7E0,0x0031D8BC,220
FUN_0031d8c0,0x0031D8C0,0x0031D980,192
FUN_0031d980,0x0031D980,0x0031DA74,244
FUN_0031da80,0x0031DA80,0x0031DB40,192
FUN_0031db40,0x0031DB40,0x0031DC60,288
FUN_0031dc60,0x0031DC60,0x0031DD80,288
FUN_0031dd80,0x0031DD80,0x0031DEA8,296
FUN_0031deb0,0x0031DEB0,0x0031DFD8,296
FUN_0031dfe0,0x0031DFE0,0x0031E0C8,232
FUN_0031e0d0,0x0031E0D0,0x0031E16C,156
FUN_0031e170,0x0031E170,0x0031E21C,172
FUN_0031e220,0x0031E220,0x0031E2D8,184
FUN_0031e2e0,0x0031E2E0,0x0031E398,184
FUN_0031e3a0,0x0031E3A0,0x0031E404,100
FUN_0031e410,0x0031E410,0x0031E474,100
FUN_0031e480,0x0031E480,0x0031E4D8,88
FUN_0031e4e0,0x0031E4E0,0x0031E544,100
FUN_0031e550,0x0031E550,0x0031E5B4,100
FUN_0031e5c0,0x0031E5C0,0x0031E624,100
FUN_0031e630,0x0031E630,0x0031E698,104
FUN_0031e6a0,0x0031E6A0,0x0031E6E0,64
FUN_0031e6e0,0x0031E6E0,0x0031E70C,44
FUN_0031e710,0x0031E710,0x0031E750,64
FUN_0031e750,0x0031E750,0x0031E794,68
FUN_0031e7a0,0x0031E7A0,0x0031E7E4,68
FUN_0031e7f0,0x0031E7F0,0x0031E834,68
FUN_0031e840,0x0031E840,0x0031E8A0,96
FUN_0031e8a0,0x0031E8A0,0x0031E900,96
FUN_0031e900,0x0031E900,0x0031E960,96
FUN_0031e960,0x0031E960,0x0031E9C0,96
FUN_0031e9c0,0x0031E9C0,0x0031EA18,88
FUN_0031ea20,0x0031EA20,0x0031EA80,96
FUN_0031ea80,0x0031EA80,0x0031EB08,136
FUN_0031eb10,0x0031EB10,0x0031EB70,96
FUN_0031eb70,0x0031EB70,0x0031EBD0,96
FUN_0031ebd0,0x0031EBD0,0x0031EC30,96
FUN_0031ec30,0x0031EC30,0x0031EC94,100
FUN_0031eca0,0x0031ECA0,0x0031ED04,100
FUN_0031ed10,0x0031ED10,0x0031ED74,100
FUN_0031ed80,0x0031ED80,0x0031EDE4,100
FUN_0031edf0,0x0031EDF0,0x0031EEF0,256
FUN_0031eef0,0x0031EEF0,0x0031EF54,100
FUN_0031ef60,0x0031EF60,0x0031EFC4,100
FUN_0031efd0,0x0031EFD0,0x0031F034,100
FUN_0031f040,0x0031F040,0x0031F0A4,100
FUN_0031f0b0,0x0031F0B0,0x0031F114,100
FUN_0031f120,0x0031F120,0x0031F184,100
FUN_0031f190,0x0031F190,0x0031F1F4,100
FUN_0031f200,0x0031F200,0x0031F264,100
FUN_0031f270,0x0031F270,0x0031F2D4,100
FUN_0031f2e0,0x0031F2E0,0x0031F340,96
FUN_0031f340,0x0031F340,0x0031F3A0,96
FUN_0031f3a0,0x0031F3A0,0x0031F588,488
FUN_0031f590,0x0031F590,0x0031F5F4,100
FUN_0031f600,0x0031F600,0x0031F664,100
FUN_0031f670,0x0031F670,0x0031F6D4,100
FUN_0031f6e0,0x0031F6E0,0x0031F7A4,196
FUN_0031f7b0,0x0031F7B0,0x0031F834,132
FUN_0031f840,0x0031F840,0x0031F8B4,116
FUN_0031f8c0,0x0031F8C0,0x0031F900,64
FUN_0031f900,0x0031F900,0x0031F940,64
thunk_FUN_0031f950,0x0031F940,0x0031F948,8
FUN_0031f950,0x0031F950,0x0031F9C8,120
FUN_0031f9d0,0x0031F9D0,0x0031FA50,128
FUN_0031fa50,0x0031FA50,0x0031FA6C,28
FUN_0031fa70,0x0031FA70,0x0031FA84,20
FUN_0031fa90,0x0031FA90,0x0031FADC,76
FUN_0031fae0,0x0031FAE0,0x0031FB00,32
FUN_0031fb00,0x0031FB00,0x0031FB34,52
FUN_0031fb40,0x0031FB40,0x0031FC60,288
FUN_0031fc60,0x0031FC60,0x0031FC70,16
FUN_0031fc70,0x0031FC70,0x0031FCB0,64
FUN_0031fcb0,0x0031FCB0,0x0031FCC0,16
FUN_0031fcc0,0x0031FCC0,0x0031FCD0,16
FUN_0031fcd0,0x0031FCD0,0x0031FCE0,16
FUN_0031fce0,0x0031FCE0,0x0031FCE8,8
FUN_0031fcf0,0x0031FCF0,0x0031FD30,64
FUN_0031fd30,0x0031FD30,0x0031FD40,16
FUN_0031fd40,0x0031FD40,0x0031FD5C,28
FUN_0031fd60,0x0031FD60,0x0031FD98,56
FUN_0031fda0,0x0031FDA0,0x0031FE38,152
FUN_0031fe40,0x0031FE40,0x0031FE50,16
FUN_0031fe50,0x0031FE50,0x0031FE60,16
FUN_0031fe60,0x0031FE60,0x0031FE70,16
FUN_0031fe70,0x0031FE70,0x0031FF4C,220
FUN_0031ff50,0x0031FF50,0x0031FF88,56
FUN_0031ff90,0x0031FF90,0x00320220,656
FUN_00320220,0x00320220,0x00320350,304
FUN_00320350,0x00320350,0x00320360,16
FUN_00320360,0x00320360,0x00320374,20
FUN_00320380,0x00320380,0x003203CC,76
FUN_003203d0,0x003203D0,0x0032041C,76
FUN_00320420,0x00320420,0x00320440,32
FUN_00320440,0x00320440,0x003204C0,128
FUN_003204c0,0x003204C0,0x00320524,100
FUN_00320530,0x00320530,0x0032054C,28
FUN_00320550,0x00320550,0x00321614,4292
FUN_00321620,0x00321620,0x00321648,40
FUN_00321650,0x00321650,0x0032165C,12
FUN_00321660,0x00321660,0x0032166C,12
FUN_00321670,0x00321670,0x003216EC,124
FUN_003216f0,0x003216F0,0x00321724,52
FUN_00321730,0x00321730,0x00321758,40
FUN_00321760,0x00321760,0x0032181C,188
FUN_00321820,0x00321820,0x00321834,20
FUN_00321840,0x00321840,0x00321890,80
FUN_00321890,0x00321890,0x003218E0,80
FUN_003218e0,0x003218E0,0x00321930,80
FUN_00321930,0x00321930,0x00321980,80
FUN_00321980,0x00321980,0x003219D0,80
FUN_003219d0,0x003219D0,0x00321A20,80
FUN_00321a20,0x00321A20,0x00321A70,80
FUN_00321a70,0x00321A70,0x00321AC0,80
FUN_00321ac0,0x00321AC0,0x00321B10,80
FUN_00321b10,0x00321B10,0x00321B60,80
FUN_00321b60,0x00321B60,0x00321BB0,80
FUN_00321bb0,0x00321BB0,0x00321C00,80
FUN_00321c00,0x00321C00,0x00321C50,80
FUN_00321c50,0x00321C50,0x00321CA0,80
FUN_00321ca0,0x00321CA0,0x00321CF0,80
FUN_00321cf0,0x00321CF0,0x00321D40,80
FUN_00321d40,0x00321D40,0x00321D90,80
FUN_00321d90,0x00321D90,0x00321DE0,80
FUN_00321de0,0x00321DE0,0x00322394,1460
FUN_003223a0,0x003223A0,0x00322450,176
FUN_00322450,0x00322450,0x0032248C,60
FUN_00322490,0x00322490,0x00322498,8
FUN_003224a0,0x003224A0,0x003224AC,12
FUN_003224b0,0x003224B0,0x003224BC,12
FUN_003224c0,0x003224C0,0x003224CC,12
FUN_003224d0,0x003224D0,0x003224DC,12
FUN_003224e0,0x003224E0,0x003225E4,260
FUN_003225f0,0x003225F0,0x00322718,296
FUN_00322720,0x00322720,0x00322728,8
FUN_00322730,0x00322730,0x00322754,36
FUN_00322760,0x00322760,0x00322768,8
FUN_00322770,0x00322770,0x00322794,36
FUN_003227a0,0x003227A0,0x003227A8,8
FUN_003227b0,0x003227B0,0x003227D4,36
FUN_003227e0,0x003227E0,0x003227E8,8
FUN_003227f0,0x003227F0,0x00322814,36
FUN_00322820,0x00322820,0x00322828,8
FUN_00322830,0x00322830,0x00322854,36
FUN_00322860,0x00322860,0x00322868,8
FUN_00322870,0x00322870,0x003228A0,48
FUN_003228a0,0x003228A0,0x003228A8,8
FUN_003228b0,0x003228B0,0x003228E0,48
FUN_003228e0,0x003228E0,0x003228E8,8
FUN_003228f0,0x003228F0,0x00322920,48
FUN_00322920,0x00322920,0x00322928,8
FUN_00322930,0x00322930,0x00322960,48
FUN_00322960,0x00322960,0x00322968,8
FUN_00322970,0x00322970,0x003229A0,48
FUN_003229a0,0x003229A0,0x003229A8,8
FUN_003229b0,0x003229B0,0x003229E0,48
FUN_003229e0,0x003229E0,0x003229E8,8
FUN_003229f0,0x003229F0,0x00322A20,48
FUN_00322a20,0x00322A20,0x00322A28,8
FUN_00322a30,0x00322A30,0x00322A60,48
FUN_00322a60,0x00322A60,0x00322A68,8
FUN_00322a70,0x00322A70,0x00322A94,36
FUN_00322aa0,0x00322AA0,0x00322AA8,8
FUN_00322ab0,0x00322AB0,0x00322AE0,48
FUN_00322ae0,0x00322AE0,0x00322AE8,8
FUN_00322af0,0x00322AF0,0x00322B14,36
FUN_00322b20,0x00322B20,0x00322B28,8
FUN_00322b30,0x00322B30,0x00322B60,48
FUN_00322b60,0x00322B60,0x00322B68,8
FUN_00322b70,0x00322B70,0x00322B94,36
FUN_00322ba0,0x00322BA0,0x00322BA8,8
FUN_00322bb0,0x00322BB0,0x00322BE0,48
FUN_00322be0,0x00322BE0,0x00322BE8,8
FUN_00322bf0,0x00322BF0,0x00322C14,36
FUN_00322c20,0x00322C20,0x00322D64,324
FUN_00322d70,0x00322D70,0x00322D78,8
FUN_00322d80,0x00322D80,0x00322E60,224
btl_viscom_cpp__assert_ref_5,0x00322E60,0x003230C8,616
FUN_003230d0,0x003230D0,0x00323118,72
btl_viscom_cpp__assert_ref_3,0x00323120,0x0032341C,764
btl_viscom_cpp__assert_ref_4,0x00323420,0x00323824,1028
btl_viscom_cpp__assert_ref_1,0x00323830,0x00323BD0,928
FUN_00323bd0,0x00323BD0,0x00323BDC,12
FUN_00323be0,0x00323BE0,0x00323BEC,12
FUN_00323bf0,0x00323BF0,0x00323BFC,12
FUN_00323c00,0x00323C00,0x00323C0C,12
btl_viscom_cpp__assert_ref_1_00323c10,0x00323C10,0x00323C18,8
btl_viscom_cpp__assert_ref_1_00323c20,0x00323C20,0x00323C28,8
btl_viscom_cpp__assert_ref_2,0x00323C30,0x003240B4,1156
btl_viscom_cpp__assert_ref_37,0x003240C0,0x00324548,1160
FUN_00324550,0x00324550,0x00324558,8
btl_viscom_cpp__assert_ref_38,0x00324560,0x00324988,1064
btl_viscom_cpp__assert_ref_34,0x00324990,0x00324F34,1444
FUN_00324f40,0x00324F40,0x00324F48,8
btl_viscom_cpp__assert_ref_36,0x00324F50,0x00325950,2560
btl_viscom_cpp__assert_ref_31,0x00325950,0x00325E7C,1324
btl_viscom_cpp__assert_ref_33,0x00325E80,0x0032618C,780
btl_viscom_cpp__assert_ref_29,0x00326190,0x0032669C,1292
FUN_003266a0,0x003266A0,0x003266A8,8
FUN_003266b0,0x003266B0,0x003266B8,8
btl_viscom_cpp__assert_ref_30,0x003266C0,0x00326BC8,1288
btl_viscom_cpp__assert_ref_26,0x00326BD0,0x00326FA4,980
btl_viscom_cpp__assert_ref_27,0x00326FB0,0x00327244,660
btl_viscom_cpp__assert_ref_24,0x00327250,0x00327680,1072
btl_viscom_cpp__assert_ref_25,0x00327680,0x00327884,516
FUN_00327890,0x00327890,0x00327898,8
btl_viscom_cpp__assert_ref_21,0x003278A0,0x00328220,2432
btl_viscom_cpp__assert_ref_17,0x00328220,0x00328410,496
btl_viscom_cpp__assert_ref_18,0x00328410,0x0032870C,764
btl_viscom_cpp__assert_ref_19,0x00328710,0x00328A34,804
btl_viscom_cpp__assert_ref_16,0x00328A40,0x00329010,1488
FUN_00329010,0x00329010,0x00329018,8
btl_viscom_cpp__assert_ref_11,0x00329020,0x003293AC,908
btl_viscom_cpp__assert_ref_12,0x003293B0,0x0032958C,476
FUN_00329590,0x00329590,0x00329598,8
btl_viscom_cpp__assert_ref_13,0x003295A0,0x0032970C,364
btl_viscom_cpp__assert_ref_14,0x00329710,0x003297B4,164
btl_viscom_cpp__assert_ref_15,0x003297C0,0x00329944,388
btl_viscom_cpp__assert_ref_7,0x00329950,0x00329A24,212
btl_viscom_cpp__assert_ref_8,0x00329A30,0x00329B04,212
btl_viscom_cpp__assert_ref_9,0x00329B10,0x00329D18,520
btl_viscom_cpp__assert_ref_10,0x00329D20,0x0032A688,2408
FUN_0032a690,0x0032A690,0x0032A698,8
FUN_0032a6a0,0x0032A6A0,0x0032A6A8,8
FUN_0032a6b0,0x0032A6B0,0x0032A6B8,8
FUN_0032a6c0,0x0032A6C0,0x0032A6C8,8
FUN_0032a6d0,0x0032A6D0,0x0032A6F0,32
FUN_0032a6f0,0x0032A6F0,0x0032A6F8,8
FUN_0032a700,0x0032A700,0x0032A708,8
FUN_0032a710,0x0032A710,0x0032A738,40
btl_viscom_cpp__assert_ref_6,0x0032A740,0x0032BD4C,5644
FUN_0032bd50,0x0032BD50,0x0032BD58,8
FUN_0032bd60,0x0032BD60,0x0032BD68,8
FUN_0032bd70,0x0032BD70,0x0032BD78,8
FUN_0032bd80,0x0032BD80,0x0032BD88,8
FUN_0032bd90,0x0032BD90,0x0032BD98,8
FUN_0032bda0,0x0032BDA0,0x0032BDA8,8
FUN_0032bdb0,0x0032BDB0,0x0032BDB8,8
FUN_0032bdc0,0x0032BDC0,0x0032BDC8,8
FUN_0032bdd0,0x0032BDD0,0x0032BDD8,8
FUN_0032bde0,0x0032BDE0,0x0032BE40,96
FUN_0032be40,0x0032BE40,0x0032BF2C,236
FUN_0032bf30,0x0032BF30,0x0032C06C,316
FUN_0032c070,0x0032C070,0x0032C078,8
FUN_0032c080,0x0032C080,0x0032C088,8
FUN_0032c090,0x0032C090,0x0032C098,8
FUN_0032c0a0,0x0032C0A0,0x0032C0A8,8
FUN_0032c0b0,0x0032C0B0,0x0032C0B8,8
FUN_0032c0c0,0x0032C0C0,0x0032C0C8,8
FUN_0032c0d0,0x0032C0D0,0x0032C208,312
FUN_0032c210,0x0032C210,0x0032C218,8
FUN_0032c220,0x0032C220,0x0032C228,8
FUN_0032c230,0x0032C230,0x0032C2AC,124
FUN_0032c2b0,0x0032C2B0,0x0032C33C,140
FUN_0032c340,0x0032C340,0x0032C348,8
FUN_0032c350,0x0032C350,0x0032C480,304
FUN_0032c480,0x0032C480,0x0032C488,8
FUN_0032c490,0x0032C490,0x0032C774,740
FUN_0032c780,0x0032C780,0x0032C788,8
FUN_0032c790,0x0032C790,0x0032C798,8
FUN_0032c7a0,0x0032C7A0,0x0032C7A8,8
FUN_0032c7b0,0x0032C7B0,0x0032CAC8,792
FUN_0032cad0,0x0032CAD0,0x0032CDDC,780
FUN_0032cde0,0x0032CDE0,0x0032CF4C,364
btl_viscom_cpp__assert_ref_35,0x0032CF50,0x0032D65C,1804
FUN_0032d660,0x0032D660,0x0032D668,8
FUN_0032d670,0x0032D670,0x0032D678,8
FUN_0032d680,0x0032D680,0x0032D6B0,48
FUN_0032d6b0,0x0032D6B0,0x0032D85C,428
FUN_0032d860,0x0032D860,0x0032DA08,424
btl_viscom_cpp__assert_ref_32,0x0032DA10,0x0032DE20,1040
FUN_0032de20,0x0032DE20,0x0032DE58,56
FUN_0032de60,0x0032DE60,0x0032DE68,8
FUN_0032de70,0x0032DE70,0x0032DF80,272
FUN_0032df80,0x0032DF80,0x0032E08C,268
FUN_0032e090,0x0032E090,0x0032E180,240
btl_viscom_cpp__assert_ref_28,0x0032E180,0x0032E664,1252
FUN_0032e670,0x0032E670,0x0032E678,8
FUN_0032e680,0x0032E680,0x0032E688,8
FUN_0032e690,0x0032E690,0x0032E698,8
FUN_0032e6a0,0x0032E6A0,0x0032E864,452
FUN_0032e870,0x0032E870,0x0032F400,2960
FUN_0032f400,0x0032F400,0x0032F5A0,416
FUN_0032f5a0,0x0032F5A0,0x0032F5CC,44
FUN_0032f5d0,0x0032F5D0,0x0032F614,68
FUN_0032f620,0x0032F620,0x0032F664,68
FUN_0032f670,0x0032F670,0x0032F690,32
FUN_0032f690,0x0032F690,0x0032F710,128
FUN_0032f710,0x0032F710,0x0032F730,32
FUN_0032f730,0x0032F730,0x0032F7CC,156
FUN_0032f7d0,0x0032F7D0,0x0032F800,48
FUN_0032f800,0x0032F800,0x0032F838,56
btl_viscom_cpp__assert_ref_20,0x0032F840,0x0032F8EC,172
FUN_0032f8f0,0x0032F8F0,0x0032F964,116
btl_viscom_cpp__assert_ref_22,0x0032F970,0x0032F9C8,88
FUN_0032f9d0,0x0032F9D0,0x0032FDA8,984
FUN_0032fdb0,0x0032FDB0,0x0032FE5C,172
btl_viscom_cpp__assert_ref_23,0x0032FE60,0x00330270,1040
FUN_00330270,0x00330270,0x00330278,8
FUN_00330280,0x00330280,0x003302EC,108
FUN_003302f0,0x003302F0,0x0033030C,28
FUN_00330310,0x00330310,0x003303DC,204
FUN_003303e0,0x003303E0,0x00330484,164
FUN_00330490,0x00330490,0x003304CC,60
FUN_003304d0,0x003304D0,0x00330530,96
FUN_00330530,0x00330530,0x00330560,48
gap_00330560,0x00330560,0x00330574,20
FUN_00330580,0x00330580,0x00330660,224
FUN_00330660,0x00330660,0x00330740,224
FUN_00330740,0x00330740,0x00330820,224
FUN_00330820,0x00330820,0x00330900,224
FUN_00330900,0x00330900,0x0033092C,44
FUN_00330930,0x00330930,0x00330970,64
FUN_00330970,0x00330970,0x00330A2C,188
FUN_00330a30,0x00330A30,0x00330AD4,164
FUN_00330ae0,0x00330AE0,0x00330B1C,60
FUN_00330b20,0x00330B20,0x00330B78,88
FUN_00330b80,0x00330B80,0x00330BB0,48
gap_00330bb0,0x00330BB0,0x00330BC4,20
FUN_00330bd0,0x00330BD0,0x00330CB0,224
FUN_00330cb0,0x00330CB0,0x00330D90,224
FUN_00330d90,0x00330D90,0x00330E70,224
FUN_00330e70,0x00330E70,0x00330F50,224
FUN_00330f50,0x00330F50,0x00331030,224
FUN_00331030,0x00331030,0x00331110,224
FUN_00331110,0x00331110,0x003311F0,224
FUN_003311f0,0x003311F0,0x0033121C,44
FUN_00331220,0x00331220,0x00331258,56
FUN_00331260,0x00331260,0x0033132C,204
FUN_00331330,0x00331330,0x003313D4,164
FUN_003313e0,0x003313E0,0x0033141C,60
FUN_00331420,0x00331420,0x00331480,96
FUN_00331480,0x00331480,0x003314B0,48
gap_003314b0,0x003314B0,0x003314C4,20
FUN_003314d0,0x003314D0,0x003315B0,224
FUN_003315b0,0x003315B0,0x00331690,224
FUN_00331690,0x00331690,0x00331770,224
FUN_00331770,0x00331770,0x00331850,224
FUN_00331850,0x00331850,0x00331930,224
FUN_00331930,0x00331930,0x0033195C,44
FUN_00331960,0x00331960,0x003319A0,64
FUN_003319a0,0x003319A0,0x003319F4,84
FUN_00331a00,0x00331A00,0x00331A3C,60
FUN_00331a40,0x00331A40,0x00331A74,52
FUN_00331a80,0x00331A80,0x00331B20,160
FUN_00331b20,0x00331B20,0x00331BD8,184
FUN_00331be0,0x00331BE0,0x00331C98,184
gap_00331ca0,0x00331CA0,0x00331CA8,8
FUN_00331cb0,0x00331CB0,0x00331CBC,12
FUN_00331cc0,0x00331CC0,0x00331CC8,8
FUN_00331cd0,0x00331CD0,0x00331D88,184
FUN_00331d90,0x00331D90,0x00331E30,160
FUN_00331e30,0x00331E30,0x00331EE8,184
FUN_00331ef0,0x00331EF0,0x00331F90,160
FUN_00331f90,0x00331F90,0x00332048,184
FUN_00332050,0x00332050,0x00332120,208
FUN_00332120,0x00332120,0x003321C0,160
FUN_003321c0,0x003321C0,0x00332268,168
FUN_00332270,0x00332270,0x00332318,168
FUN_00332320,0x00332320,0x003323B4,148
FUN_003323c0,0x003323C0,0x00332454,148
FUN_00332460,0x00332460,0x003324CC,108
FUN_003324d0,0x003324D0,0x00332534,100
FUN_00332540,0x00332540,0x003325B4,116
FUN_003325c0,0x003325C0,0x00332608,72
FUN_00332610,0x00332610,0x00332688,120
FUN_00332690,0x00332690,0x003326A8,24
FUN_003326b0,0x003326B0,0x00332840,400
FUN_00332840,0x00332840,0x0033287C,60
FUN_00332880,0x00332880,0x003328A4,36
FUN_003328b0,0x003328B0,0x003328D4,36
FUN_003328e0,0x003328E0,0x0033291C,60
FUN_00332920,0x00332920,0x0033292C,12
FUN_00332930,0x00332930,0x0033293C,12
FUN_00332940,0x00332940,0x0033297C,60
FUN_00332980,0x00332980,0x003329A0,32
FUN_003329a0,0x003329A0,0x00332A70,208
FUN_00332a70,0x00332A70,0x00332A7C,12
FUN_00332a80,0x00332A80,0x00332AA0,32
FUN_00332aa0,0x00332AA0,0x00332C64,452
FUN_00332c70,0x00332C70,0x00332CDC,108
FUN_00332ce0,0x00332CE0,0x00332E64,388
FUN_00332e70,0x00332E70,0x00332E84,20
FUN_00332e90,0x00332E90,0x00332FD4,324
FUN_00332fe0,0x00332FE0,0x00332FEC,12
FUN_00332ff0,0x00332FF0,0x00333010,32
FUN_00333010,0x00333010,0x00333054,68
FUN_00333060,0x00333060,0x00333110,176
FUN_00333110,0x00333110,0x00333148,56
FUN_00333150,0x00333150,0x0033319C,76
FUN_003331a0,0x003331A0,0x003332A8,264
FUN_003332b0,0x003332B0,0x0033340C,348
FUN_00333410,0x00333410,0x00333568,344
FUN_00333570,0x00333570,0x00333578,8
FUN_00333580,0x00333580,0x003336E4,356
FUN_003336f0,0x003336F0,0x0033383C,332
FUN_00333840,0x00333840,0x0033384C,12
FUN_00333850,0x00333850,0x00333C44,1012
FUN_00333c50,0x00333C50,0x00333CB8,104
FUN_00333cc0,0x00333CC0,0x00333D3C,124
FUN_00333d40,0x00333D40,0x00333D48,8
FUN_00333d50,0x00333D50,0x00333E10,192
FUN_00333e10,0x00333E10,0x00333F78,360
FUN_00333f80,0x00333F80,0x00334000,128
FUN_00334000,0x00334000,0x00334008,8
FUN_00334010,0x00334010,0x003340D8,200
FUN_003340e0,0x003340E0,0x0033436C,652
FUN_00334370,0x00334370,0x00334420,176
FUN_00334420,0x00334420,0x003345EC,460
FUN_003345f0,0x003345F0,0x0033591C,4908
FUN_00335920,0x00335920,0x00335AD4,436
FUN_00335ae0,0x00335AE0,0x00336194,1716
FUN_003361a0,0x003361A0,0x003362D4,308
FUN_003362d4,0x003362D4,0x00336318,68
FUN_00336318,0x00336318,0x003363C0,168
FUN_003363c0,0x003363C0,0x00336714,852
FUN_00336714,0x00336714,0x00336754,64
FUN_00336760,0x00336760,0x00336870,272
FUN_00336870,0x00336870,0x003368CC,92
FUN_003368cc,0x003368CC,0x003368E4,24
gap_003368e4,0x003368E4,0x003368FC,24
FUN_00336900,0x00336900,0x0033690C,12
FUN_00336910,0x00336910,0x00336938,40
FUN_00336940,0x00336940,0x00336984,68
FUN_00336990,0x00336990,0x00336AA0,272
FUN_00336aa0,0x00336AA0,0x00336B48,168
FUN_00336b50,0x00336B50,0x00336B60,16
FUN_00336b60,0x00336B60,0x00336BA0,64
FUN_00336ba0,0x00336BA0,0x00336BE0,64
FUN_00336be0,0x00336BE0,0x00336C10,48
FUN_00336c10,0x00336C10,0x00336C40,48
FUN_00336c40,0x00336C40,0x00336DD8,408
FUN_00336de0,0x00336DE0,0x00336E10,48
FUN_00336e10,0x00336E10,0x00336E2C,28
FUN_00336e30,0x00336E30,0x00337690,2144
FUN_00337690,0x00337690,0x003376CC,60
FUN_003376d0,0x003376D0,0x0033770C,60
FUN_00337710,0x00337710,0x0033774C,60
FUN_00337750,0x00337750,0x003377CC,124
FUN_003377d0,0x003377D0,0x0033780C,60
FUN_00337810,0x00337810,0x00337874,100
FUN_00337880,0x00337880,0x003378E4,100
FUN_003378f0,0x003378F0,0x00337954,100
FUN_00337960,0x00337960,0x003379C4,100
FUN_003379d0,0x003379D0,0x00337A34,100
FUN_00337a40,0x00337A40,0x00337A4C,12
FUN_00337a50,0x00337A50,0x00337A5C,12
FUN_00337a60,0x00337A60,0x00337A6C,12
FUN_00337a70,0x00337A70,0x00337A7C,12
FUN_00337a80,0x00337A80,0x00337A8C,12
FUN_00337a90,0x00337A90,0x00337A9C,12
FUN_00337aa0,0x00337AA0,0x00337AAC,12
FUN_00337ab0,0x00337AB0,0x00337ABC,12
FUN_00337ac0,0x00337AC0,0x00337ACC,12
FUN_00337ad0,0x00337AD0,0x00337ADC,12
FUN_00337ae0,0x00337AE0,0x00337B70,144
FUN_00337b70,0x00337B70,0x00337C00,144
FUN_00337c00,0x00337C00,0x00337C90,144
FUN_00337c90,0x00337C90,0x00337D24,148
FUN_00337d30,0x00337D30,0x00337DC4,148
FUN_00337dd0,0x00337DD0,0x00337E48,120
FUN_00337e50,0x00337E50,0x00337E84,52
FUN_00337e90,0x00337E90,0x00337EC0,48
FUN_00337ec0,0x00337EC0,0x00337EF0,48
FUN_00337ef0,0x00337EF0,0x00337F68,120
FUN_00337f70,0x00337F70,0x00337FA4,52
FUN_00337fb0,0x00337FB0,0x00337FE0,48
FUN_00337fe0,0x00337FE0,0x00338010,48
FUN_00338010,0x00338010,0x00338088,120
FUN_00338090,0x00338090,0x003380C4,52
FUN_003380d0,0x003380D0,0x00338100,48
FUN_00338100,0x00338100,0x00338130,48
gap_00338130,0x00338130,0x00338138,8
FUN_00338140,0x00338140,0x003381D0,144
FUN_003381d0,0x003381D0,0x00338288,184
FUN_00338290,0x00338290,0x003382CC,60
FUN_003382d0,0x003382D0,0x00338300,48
FUN_00338300,0x00338300,0x00338330,48
gap_00338330,0x00338330,0x00338338,8
FUN_00338340,0x00338340,0x003383D0,144
FUN_003383d0,0x003383D0,0x00338460,144
FUN_00338460,0x00338460,0x00338494,52
FUN_003384a0,0x003384A0,0x003384D0,48
FUN_003384d0,0x003384D0,0x00338500,48
FUN_00338500,0x00338500,0x00338658,344
FUN_00338660,0x00338660,0x00338694,52
FUN_003386a0,0x003386A0,0x00338744,164
FUN_00338750,0x00338750,0x00338758,8
FUN_00338760,0x00338760,0x00338768,8
FUN_00338770,0x00338770,0x00338778,8
FUN_00338780,0x00338780,0x00338790,16
FUN_00338790,0x00338790,0x003387B8,40
FUN_003387c0,0x003387C0,0x003387D0,16
FUN_003387d0,0x003387D0,0x003387E0,16
FUN_003387e0,0x003387E0,0x003387F0,16
FUN_003387f0,0x003387F0,0x003387F8,8
FUN_00338800,0x00338800,0x00338830,48
FUN_00338830,0x00338830,0x00338848,24
FUN_00338850,0x00338850,0x00338860,16
FUN_00338860,0x00338860,0x00338868,8
FUN_00338870,0x00338870,0x00338878,8
FUN_00338880,0x00338880,0x00338888,8
FUN_00338890,0x00338890,0x00338898,8
FUN_003388a0,0x003388A0,0x003388C4,36
FUN_003388d0,0x003388D0,0x00338924,84
FUN_00338930,0x00338930,0x00338978,72
FUN_00338980,0x00338980,0x00338990,16
FUN_00338990,0x00338990,0x003389A0,16
FUN_003389a0,0x003389A0,0x003389B0,16
FUN_003389b0,0x003389B0,0x00338A18,104
FUN_00338a20,0x00338A20,0x00338A30,16
FUN_00338a30,0x00338A30,0x00338A40,16
FUN_00338a40,0x00338A40,0x00338A50,16
FUN_00338a50,0x00338A50,0x00338A78,40
FUN_00338a80,0x00338A80,0x00338A90,16
FUN_00338a90,0x00338A90,0x00338A98,8
FUN_00338aa0,0x00338AA0,0x00338AD8,56
FUN_00338ae0,0x00338AE0,0x00338B08,40
FUN_00338b10,0x00338B10,0x00338B34,36
FUN_00338b40,0x00338B40,0x00338B58,24
FUN_00338b60,0x00338B60,0x00338B70,16
FUN_00338b70,0x00338B70,0x00338B80,16
FUN_00338b80,0x00338B80,0x00338B9C,28
FUN_00338ba0,0x00338BA0,0x00338BF0,80
FUN_00338bf0,0x00338BF0,0x00338C20,48
FUN_00338c20,0x00338C20,0x00338C3C,28
FUN_00338c40,0x00338C40,0x00338C5C,28
FUN_00338c60,0x00338C60,0x00338CC4,100
FUN_00338cd0,0x00338CD0,0x00338D20,80
FUN_00338d20,0x00338D20,0x00338D58,56
FUN_00338d60,0x00338D60,0x00338DBC,92
FUN_00338dc0,0x00338DC0,0x00338E00,64
FUN_00338e00,0x00338E00,0x00338E5C,92
FUN_00338e60,0x00338E60,0x00338E8C,44
FUN_00338e90,0x00338E90,0x00338EBC,44
FUN_00338ec0,0x00338EC0,0x00338EEC,44
FUN_00338ef0,0x00338EF0,0x00338F28,56
FUN_00338f30,0x00338F30,0x00338F64,52
FUN_00338f70,0x00338F70,0x00338F9C,44
FUN_00338fa0,0x00338FA0,0x00338FD8,56
FUN_00338fe0,0x00338FE0,0x00339014,52
FUN_00339020,0x00339020,0x0033904C,44
FUN_00339050,0x00339050,0x0033906C,28
FUN_00339070,0x00339070,0x0033908C,28
FUN_00339090,0x00339090,0x003390AC,28
FUN_003390b0,0x003390B0,0x003390CC,28
FUN_003390d0,0x003390D0,0x003398A0,2000
FUN_003398a0,0x003398A0,0x003399EC,332
FUN_003399f0,0x003399F0,0x00339B80,400
FUN_00339b80,0x00339B80,0x00339BBC,60
FUN_00339bc0,0x00339BC0,0x00339BDC,28
FUN_00339be0,0x00339BE0,0x00339C0C,44
FUN_00339c10,0x00339C10,0x00339C3C,44
FUN_00339c40,0x00339C40,0x00339C6C,44
FUN_00339c70,0x00339C70,0x00339C9C,44
FUN_00339ca0,0x00339CA0,0x00339CCC,44
FUN_00339cd0,0x00339CD0,0x00339CFC,44
FUN_00339d00,0x00339D00,0x00339D30,48
FUN_00339d30,0x00339D30,0x00339D60,48
FUN_00339d60,0x00339D60,0x00339D90,48
FUN_00339d90,0x00339D90,0x00339DC0,48
FUN_00339dc0,0x00339DC0,0x00339E10,80
FUN_00339e10,0x00339E10,0x00339E48,56
FUN_00339e50,0x00339E50,0x00339E7C,44
FUN_00339e80,0x00339E80,0x00339EAC,44
FUN_00339eb0,0x00339EB0,0x00339EDC,44
FUN_00339ee0,0x00339EE0,0x00339F04,36
FUN_00339f10,0x00339F10,0x0033A03C,300
FUN_0033a040,0x0033A040,0x0033A078,56
FUN_0033a080,0x0033A080,0x0033A0BC,60
FUN_0033a0c0,0x0033A0C0,0x0033A0EC,44
FUN_0033a0f0,0x0033A0F0,0x0033A11C,44
FUN_0033a120,0x0033A120,0x0033A174,84
FUN_0033a180,0x0033A180,0x0033A200,128
FUN_0033a200,0x0033A200,0x0033A230,48
FUN_0033a230,0x0033A230,0x0033A260,48
FUN_0033a260,0x0033A260,0x0033A28C,44
FUN_0033a290,0x0033A290,0x0033A2C0,48
FUN_0033a2c0,0x0033A2C0,0x0033A2E4,36
FUN_0033a2f0,0x0033A2F0,0x0033A324,52
FUN_0033a330,0x0033A330,0x0033A368,56
FUN_0033a370,0x0033A370,0x0033A39C,44
FUN_0033a3a0,0x0033A3A0,0x0033A3FC,92
FUN_0033a400,0x0033A400,0x0033A444,68
FUN_0033a450,0x0033A450,0x0033A47C,44
FUN_0033a480,0x0033A480,0x0033A4AC,44
FUN_0033a4b0,0x0033A4B0,0x0033A4DC,44
FUN_0033a4e0,0x0033A4E0,0x0033A4FC,28
FUN_0033a500,0x0033A500,0x0033A52C,44
FUN_0033a530,0x0033A530,0x0033A55C,44
FUN_0033a560,0x0033A560,0x0033A594,52
FUN_0033a5a0,0x0033A5A0,0x0033A5CC,44
FUN_0033a5d0,0x0033A5D0,0x0033A5EC,28
FUN_0033a5f0,0x0033A5F0,0x0033A61C,44
FUN_0033a620,0x0033A620,0x0033A64C,44
FUN_0033a650,0x0033A650,0x0033A67C,44
FUN_0033a680,0x0033A680,0x0033A6AC,44
FUN_0033a6b0,0x0033A6B0,0x0033A6DC,44
FUN_0033a6e0,0x0033A6E0,0x0033A70C,44
FUN_0033a710,0x0033A710,0x0033A73C,44
FUN_0033a740,0x0033A740,0x0033A76C,44
FUN_0033a770,0x0033A770,0x0033A79C,44
FUN_0033a7a0,0x0033A7A0,0x0033A7CC,44
FUN_0033a7d0,0x0033A7D0,0x0033A7FC,44
FUN_0033a800,0x0033A800,0x0033A8BC,188
FUN_0033a8c0,0x0033A8C0,0x0033A93C,124
FUN_0033a940,0x0033A940,0x0033A9AC,108
thunk_FUN_002b6f00,0x0033A9B0,0x0033A9B8,8
FUN_0033a9c0,0x0033A9C0,0x0033A9D4,20
FUN_0033a9e0,0x0033A9E0,0x0033AA6C,140
FUN_0033aa70,0x0033AA70,0x0033AA80,16
FUN_0033aa80,0x0033AA80,0x0033AA8C,12
FUN_0033aa90,0x0033AA90,0x0033AAA0,16
dq_monster_ai_h__assert_ref_2,0x0033AAA0,0x0033AB04,100
FUN_0033ab10,0x0033AB10,0x0033AB50,64
FUN_0033ab50,0x0033AB50,0x0033AE3C,748
FUN_0033ae40,0x0033AE40,0x0033AED8,152
FUN_0033aee0,0x0033AEE0,0x0033B394,1204
FUN_0033b3a0,0x0033B3A0,0x0033B504,356
FUN_0033b510,0x0033B510,0x0033B5B8,168
FUN_0033b5c0,0x0033B5C0,0x0033B8BC,764
FUN_0033b8c0,0x0033B8C0,0x0033B8C8,8
FUN_0033b8d0,0x0033B8D0,0x0033B8D8,8
FUN_0033b8e0,0x0033B8E0,0x0033B8F0,16
FUN_0033b8f0,0x0033B8F0,0x0033B8FC,12
FUN_0033b900,0x0033B900,0x0033BAA4,420
FUN_0033bab0,0x0033BAB0,0x0033BAF0,64
FUN_0033baf0,0x0033BAF0,0x0033BC18,296
FUN_0033bc20,0x0033BC20,0x0033BC48,40
FUN_0033bc50,0x0033BC50,0x0033BE78,552
FUN_0033be80,0x0033BE80,0x0033BECC,76
FUN_0033bed0,0x0033BED0,0x0033C118,584
FUN_0033c120,0x0033C120,0x0033C1D4,180
FUN_0033c1e0,0x0033C1E0,0x0033C2D8,248
FUN_0033c2e0,0x0033C2E0,0x0033C524,580
FUN_0033c530,0x0033C530,0x0033C538,8
FUN_0033c540,0x0033C540,0x0033C54C,12
FUN_0033c550,0x0033C550,0x0033C6A4,340
FUN_0033c6b0,0x0033C6B0,0x0033DD04,5716
FUN_0033dd10,0x0033DD10,0x0033DD18,8
FUN_0033dd20,0x0033DD20,0x0033DD28,8
FUN_0033dd30,0x0033DD30,0x0033DD38,8
FUN_0033dd40,0x0033DD40,0x0033DD4C,12
FUN_0033dd50,0x0033DD50,0x0033E02C,732
FUN_0033e030,0x0033E030,0x0033E03C,12
FUN_0033e040,0x0033E040,0x0033E070,48
FUN_0033e070,0x0033E070,0x0033E0B0,64
FUN_0033e0b0,0x0033E0B0,0x0033E0BC,12
FUN_0033e0c0,0x0033E0C0,0x0033E18C,204
FUN_0033e190,0x0033E190,0x0033E248,184
FUN_0033e250,0x0033E250,0x0033E94C,1788
FUN_0033e950,0x0033E950,0x0033E958,8
FUN_0033e960,0x0033E960,0x0033E968,8
FUN_0033e970,0x0033E970,0x0033E978,8
FUN_0033e980,0x0033E980,0x0033E988,8
FUN_0033e990,0x0033E990,0x0033E998,8
FUN_0033e9a0,0x0033E9A0,0x0033EA6C,204
FUN_0033ea70,0x0033EA70,0x0033F06C,1532
FUN_0033f070,0x0033F070,0x0033F078,8
FUN_0033f080,0x0033F080,0x0033F0D8,88
FUN_0033f0e0,0x0033F0E0,0x0033F0E8,8
FUN_0033f0f0,0x0033F0F0,0x0033F304,532
FUN_0033f310,0x0033F310,0x0033F380,112
FUN_0033f380,0x0033F380,0x0033F810,1168
FUN_0033f810,0x0033F810,0x0033F91C,268
FUN_0033f920,0x0033F920,0x0033FA48,296
FUN_0033fa50,0x0033FA50,0x0033FDD8,904
FUN_0033fde0,0x0033FDE0,0x0033FF20,320
FUN_0033ff20,0x0033FF20,0x00340084,356
FUN_00340090,0x00340090,0x00340CA8,3096
FUN_00340cb0,0x00340CB0,0x00340D8C,220
FUN_00340d90,0x00340D90,0x00340EAC,284
FUN_00340eb0,0x00340EB0,0x00340F2C,124
FUN_00340f30,0x00340F30,0x00340F8C,92
FUN_00340f90,0x00340F90,0x00340FB4,36
FUN_00340fc0,0x00340FC0,0x003410B4,244
FUN_003410c0,0x003410C0,0x00341428,872
FUN_00341430,0x00341430,0x00341820,1008
FUN_00341820,0x00341820,0x00341848,40
FUN_00341850,0x00341850,0x00341858,8
FUN_00341860,0x00341860,0x00341900,160
FUN_00341900,0x00341900,0x0034199C,156
FUN_003419a0,0x003419A0,0x003419CC,44
FUN_003419d0,0x003419D0,0x00341B8C,444
FUN_00341b90,0x00341B90,0x00341BC8,56
FUN_00341bd0,0x00341BD0,0x00341C90,192
FUN_00341c90,0x00341C90,0x00342004,884
FUN_00342010,0x00342010,0x00342220,528
FUN_00342220,0x00342220,0x0034239C,380
FUN_003423a0,0x003423A0,0x00342530,400
FUN_00342530,0x00342530,0x003428D4,932
FUN_003428e0,0x003428E0,0x00342940,96
FUN_00342940,0x00342940,0x00342AAC,364
FUN_00342ab0,0x00342AB0,0x00342B24,116
FUN_00342b30,0x00342B30,0x00342B3C,12
FUN_00342b40,0x00342B40,0x00342CBC,380
FUN_00342cc0,0x00342CC0,0x00342EB0,496
FUN_00342eb0,0x00342EB0,0x00343088,472
FUN_00343090,0x00343090,0x00343160,208
FUN_00343160,0x00343160,0x003431A4,68
FUN_003431b0,0x003431B0,0x003431D8,40
FUN_003431e0,0x003431E0,0x003432B4,212
FUN_003432c0,0x003432C0,0x00343430,368
FUN_00343430,0x00343430,0x0034343C,12
FUN_00343440,0x00343440,0x00343448,8
FUN_00343450,0x00343450,0x003434AC,92
FUN_003434b0,0x003434B0,0x0034355C,172
FUN_00343560,0x00343560,0x0034360C,172
FUN_00343610,0x00343610,0x003436D4,196
FUN_003436e0,0x003436E0,0x00343CA8,1480
FUN_00343cb0,0x00343CB0,0x00343CC0,16
FUN_00343cc0,0x00343CC0,0x003443C8,1800
FUN_003443d0,0x003443D0,0x00344470,160
FUN_00344470,0x00344470,0x00344868,1016
FUN_00344868,0x00344868,0x00344A4C,484
FUN_00344a4c,0x00344A4C,0x00344AD4,136
FUN_00344ae0,0x00344AE0,0x00344D38,600
FUN_00344d40,0x00344D40,0x00344D54,20
FUN_00344d60,0x00344D60,0x00345210,1200
FUN_00345210,0x00345210,0x00345368,344
FUN_00345370,0x00345370,0x003456E0,880
FUN_003456e0,0x003456E0,0x00345710,48
FUN_00345710,0x00345710,0x0034573C,44
FUN_00345740,0x00345740,0x003458E4,420
FUN_003458f0,0x003458F0,0x003458F8,8
FUN_00345900,0x00345900,0x00345908,8
FUN_00345910,0x00345910,0x0034591C,12
FUN_00345920,0x00345920,0x00345944,36
FUN_00345950,0x00345950,0x00345A88,312
FUN_00345a90,0x00345A90,0x00346014,1412
FUN_00346020,0x00346020,0x0034655C,1340
FUN_00346560,0x00346560,0x003465E4,132
FUN_003465f0,0x003465F0,0x003465FC,12
FUN_00346600,0x00346600,0x00346684,132
FUN_00346690,0x00346690,0x00346918,648
FUN_00346918,0x00346918,0x00346A14,252
FUN_00346a14,0x00346A14,0x00346D54,832
FUN_00346d60,0x00346D60,0x00346F78,536
FUN_00346f80,0x00346F80,0x003470E8,360
FUN_003470f0,0x003470F0,0x00347288,408
FUN_00347290,0x00347290,0x003474B8,552
FUN_003474c0,0x003474C0,0x003475BC,252
FUN_003475c0,0x003475C0,0x00347B48,1416
FUN_00347b50,0x00347B50,0x00347E10,704
FUN_00347e10,0x00347E10,0x00347E38,40
FUN_00347e40,0x00347E40,0x00348190,848
FUN_00348190,0x00348190,0x003481DC,76
FUN_003481e0,0x003481E0,0x0034821C,60
FUN_00348220,0x00348220,0x00348230,16
FUN_00348230,0x00348230,0x0034823C,12
FUN_00348240,0x00348240,0x0034826C,44
FUN_00348270,0x00348270,0x00348394,292
FUN_003483a0,0x003483A0,0x003483B0,16
FUN_003483b0,0x003483B0,0x003484A0,240
FUN_003484a0,0x003484A0,0x00348548,168
FUN_00348550,0x00348550,0x003485D0,128
FUN_003485d0,0x003485D0,0x00348654,132
FUN_00348660,0x00348660,0x003486A0,64
FUN_003486a0,0x003486A0,0x003486E0,64
FUN_003486e0,0x003486E0,0x00348718,56
FUN_00348720,0x00348720,0x0034872C,12
FUN_00348730,0x00348730,0x003488E4,436
FUN_003488f0,0x003488F0,0x00348900,16
FUN_00348900,0x00348900,0x003489E8,232
FUN_003489f0,0x003489F0,0x00348A64,116
FUN_00348a70,0x00348A70,0x00348A8C,28
FUN_00348a90,0x00348A90,0x00348BD8,328
FUN_00348be0,0x00348BE0,0x00348BEC,12
FUN_00348bf0,0x00348BF0,0x00348C30,64
FUN_00348c30,0x00348C30,0x00348C70,64
FUN_00348c70,0x00348C70,0x00348D14,164
FUN_00348d20,0x00348D20,0x00348D60,64
FUN_00348d60,0x00348D60,0x00348E80,288
FUN_00348e80,0x00348E80,0x00348E8C,12
FUN_00348e90,0x00348E90,0x00348EC4,52
FUN_00348ed0,0x00348ED0,0x00348F04,52
FUN_00348f10,0x00348F10,0x00348F40,48
FUN_00348f40,0x00348F40,0x00348FE8,168
FUN_00348ff0,0x00348FF0,0x003494D8,1256
FUN_003494e0,0x003494E0,0x00349530,80
FUN_00349530,0x00349530,0x00349538,8
FUN_00349540,0x00349540,0x00349548,8
FUN_00349550,0x00349550,0x003495C4,116
FUN_003495d0,0x003495D0,0x00349604,52
FUN_00349610,0x00349610,0x00349618,8
FUN_00349620,0x00349620,0x0034962C,12
FUN_00349630,0x00349630,0x00349700,208
FUN_00349700,0x00349700,0x00349748,72
FUN_00349750,0x00349750,0x00349918,456
FUN_00349920,0x00349920,0x00349928,8
FUN_00349930,0x00349930,0x00349948,24
FUN_00349950,0x00349950,0x0034997C,44
FUN_00349980,0x00349980,0x003499C8,72
FUN_003499d0,0x003499D0,0x003499D8,8
FUN_003499e0,0x003499E0,0x0034A0C4,1764
FUN_0034a0d0,0x0034A0D0,0x0034A158,136
FUN_0034a160,0x0034A160,0x0034A838,1752
FUN_0034a840,0x0034A840,0x0034A908,200
FUN_0034a910,0x0034A910,0x0034A96C,92
FUN_0034a970,0x0034A970,0x0034A9A4,52
FUN_0034a9b0,0x0034A9B0,0x0034A9E4,52
FUN_0034a9f0,0x0034A9F0,0x0034AA00,16
FUN_0034aa00,0x0034AA00,0x0034AAEC,236
FUN_0034aaf0,0x0034AAF0,0x0034AC38,328
FUN_0034ac40,0x0034AC40,0x0034ADA4,356
FUN_0034adb0,0x0034ADB0,0x0034B0B8,776
FUN_0034b0c0,0x0034B0C0,0x0034B11C,92
FUN_0034b120,0x0034B120,0x0034B134,20
FUN_0034b140,0x0034B140,0x0034B1DC,156
FUN_0034b1e0,0x0034B1E0,0x0034B4C0,736
FUN_0034b4c0,0x0034B4C0,0x0034B570,176
FUN_0034b570,0x0034B570,0x0034B61C,172
FUN_0034b620,0x0034B620,0x0034B72C,268
FUN_0034b730,0x0034B730,0x0034B814,228
FUN_0034b820,0x0034B820,0x0034B870,80
FUN_0034b870,0x0034B870,0x0034B8B8,72
FUN_0034b8b8,0x0034B8B8,0x0034B94C,148
FUN_0034b94c,0x0034B94C,0x0034B964,24
FUN_0034b964,0x0034B964,0x0034B980,28
FUN_0034b980,0x0034B980,0x0034B9D0,80
FUN_0034b9d0,0x0034B9D0,0x0034BA6C,156
FUN_0034ba70,0x0034BA70,0x0034BAA8,56
FUN_0034bab0,0x0034BAB0,0x0034BAE8,56
FUN_0034baf0,0x0034BAF0,0x0034BB9C,172
FUN_0034bba0,0x0034BBA0,0x0034BE38,664
FUN_0034be40,0x0034BE40,0x0034BE6C,44
FUN_0034be70,0x0034BE70,0x0034BEA0,48
FUN_0034bea0,0x0034BEA0,0x0034BF60,192
FUN_0034bf60,0x0034BF60,0x0034C1C4,612
CPutMonster__Insert_logref_1,0x0034C1D0,0x0034C32C,348
FUN_0034c330,0x0034C330,0x0034C740,1040
FUN_0034c740,0x0034C740,0x0034C9D4,660
FUN_0034c9e0,0x0034C9E0,0x0034D0E4,1796
FUN_0034d0f0,0x0034D0F0,0x0034D238,328
FUN_0034d240,0x0034D240,0x0034D2C4,132
CPutMonster__Revive_logref_1,0x0034D2D0,0x0034D5D8,776
CPutMonster__Dead_logref_2,0x0034D5E0,0x0034D9AC,972
CPutMonster__Dead_logref_1,0x0034D9B0,0x0034DAB0,256
FUN_0034dab0,0x0034DAB0,0x0034DB98,232
FUN_0034dba0,0x0034DBA0,0x0034DD0C,364
FUN_0034dd10,0x0034DD10,0x0034DF3C,556
FUN_0034df40,0x0034DF40,0x0034E4D0,1424
FUN_0034e4d0,0x0034E4D0,0x0034E50C,60
FUN_0034e510,0x0034E510,0x0034E558,72
FUN_0034e560,0x0034E560,0x0034E5B0,80
FUN_0034e5b0,0x0034E5B0,0x0034E600,80
FUN_0034e600,0x0034E600,0x0034E640,64
FUN_0034e640,0x0034E640,0x0034E67C,60
FUN_0034e680,0x0034E680,0x0034E728,168
FUN_0034e730,0x0034E730,0x0034E7D8,168
FUN_0034e7e0,0x0034E7E0,0x0034E888,168
FUN_0034e890,0x0034E890,0x0034E934,164
FUN_0034e940,0x0034E940,0x0034E9E4,164
FUN_0034e9f0,0x0034E9F0,0x0034E9F8,8
FUN_0034ea00,0x0034EA00,0x0034EA30,48
FUN_0034ea30,0x0034EA30,0x0034EA5C,44
FUN_0034ea60,0x0034EA60,0x0034EA70,16
FUN_0034ea70,0x0034EA70,0x0034EA84,20
FUN_0034ea90,0x0034EA90,0x0034EAA0,16
FUN_0034eaa0,0x0034EAA0,0x0034EAB0,16
FUN_0034eab0,0x0034EAB0,0x0034EB4C,156
FUN_0034eb50,0x0034EB50,0x0034ECBC,364
FUN_0034ecc0,0x0034ECC0,0x0034ED9C,220
FUN_0034eda0,0x0034EDA0,0x0034EE7C,220
FUN_0034ee80,0x0034EE80,0x0034EF5C,220
playerai_data_h__assert_ref_2,0x0034EF60,0x0034EFD0,112
playerai_data_cpp__assert_ref_1,0x0034EFD0,0x0034F128,344
FUN_0034f130,0x0034F130,0x0034F290,352
FUN_0034f290,0x0034F290,0x0034F328,152
FUN_0034f330,0x0034F330,0x0034F3EC,188
FUN_0034f3f0,0x0034F3F0,0x0034F494,164
FUN_0034f4a0,0x0034F4A0,0x0034F4F8,88
FUN_0034f500,0x0034F500,0x0034F604,260
FUN_0034f610,0x0034F610,0x0034F7BC,428
FUN_0034f7c0,0x0034F7C0,0x0034F920,352
FUN_0034f920,0x0034F920,0x0034F9E8,200
FUN_0034f9f0,0x0034F9F0,0x0034FB64,372
FUN_0034fb70,0x0034FB70,0x0034FC08,152
FUN_0034fc10,0x0034FC10,0x0034FC74,100
FUN_0034fc80,0x0034FC80,0x0034FE30,432
FUN_0034fe30,0x0034FE30,0x0034FE98,104
FUN_0034fea0,0x0034FEA0,0x0034FF98,248
FUN_0034ffa0,0x0034FFA0,0x0034FFAC,12
FUN_0034ffb0,0x0034FFB0,0x00350064,180
FUN_00350070,0x00350070,0x003501C4,340
FUN_003501d0,0x003501D0,0x003501F0,32
FUN_003501f0,0x003501F0,0x003501F8,8
FUN_00350200,0x00350200,0x00350208,8
BTL_CHARA_INFO__SetNowBaseMotType_logref_1,0x00350210,0x00350260,80
FUN_00350260,0x00350260,0x003502A4,68
FUN_003502b0,0x003502B0,0x003502B8,8
btl_chrinfo_logic_cpp__assert_ref_1,0x003502C0,0x003503DC,284
FUN_003503e0,0x003503E0,0x003504B4,212
FUN_003504c0,0x003504C0,0x00350524,100
FUN_00350530,0x00350530,0x00350BA8,1656
FUN_00350bb0,0x00350BB0,0x00350BB8,8
FUN_00350bc0,0x00350BC0,0x00350C10,80
FUN_00350c10,0x00350C10,0x00350C4C,60
FUN_00350c50,0x00350C50,0x00350C84,52
FUN_00350c90,0x00350C90,0x00350F30,672
FUN_00350f30,0x00350F30,0x003510BC,396
FUN_003510c0,0x003510C0,0x003510E8,40
FUN_003510f0,0x003510F0,0x0035114C,92
FUN_00351150,0x00351150,0x00351188,56
FUN_00351190,0x00351190,0x0035121C,140
FUN_00351220,0x00351220,0x003513F8,472
FUN_00351400,0x00351400,0x003515C0,448
FUN_003515c0,0x003515C0,0x00351794,468
FUN_003517a0,0x003517A0,0x0035195C,444
FUN_00351960,0x00351960,0x00351C10,688
FUN_00351c10,0x00351C10,0x00351DB8,424
FUN_00351dc0,0x00351DC0,0x00351E10,80
FUN_00351e10,0x00351E10,0x00351E70,96
FUN_00351e70,0x00351E70,0x00351EC4,84
FUN_00351ed0,0x00351ED0,0x00352238,872
FUN_00352240,0x00352240,0x003523EC,428
FUN_003523f0,0x003523F0,0x003528E8,1272
FUN_003528f0,0x003528F0,0x0035295C,108
FUN_00352960,0x00352960,0x00352D44,996
FUN_00352d50,0x00352D50,0x00352EF4,420
FUN_00352f00,0x00352F00,0x00352FF4,244
FUN_00353000,0x00353000,0x003531E4,484
FUN_003531f0,0x003531F0,0x0035322C,60
FUN_00353230,0x00353230,0x00353330,256
FUN_00353330,0x00353330,0x0035344C,284
FUN_00353450,0x00353450,0x003537B4,868
FUN_003537c0,0x003537C0,0x00353898,216
FUN_003538a0,0x003538A0,0x00353CA4,1028
FUN_00353cb0,0x00353CB0,0x00353DB4,260
FUN_00353dc0,0x00353DC0,0x00353E1C,92
FUN_00353e20,0x00353E20,0x00353E84,100
FUN_00353e90,0x00353E90,0x00353EC0,48
FUN_00353ec0,0x00353EC0,0x00353EE4,36
FUN_00353ef0,0x00353EF0,0x00353F34,68
FUN_00353f40,0x00353F40,0x00353FF0,176
FUN_00353ff0,0x00353FF0,0x00354080,144
FUN_00354080,0x00354080,0x003540B0,48
FUN_003540b0,0x003540B0,0x0035415C,172
FUN_00354160,0x00354160,0x003541EC,140
FUN_003541f0,0x003541F0,0x0035427C,140
FUN_00354280,0x00354280,0x0035430C,140
FUN_00354310,0x00354310,0x0035439C,140
FUN_003543a0,0x003543A0,0x00354450,176
FUN_00354450,0x00354450,0x00354508,184
FUN_00354510,0x00354510,0x00354570,96
FUN_00354570,0x00354570,0x003545D0,96
FUN_003545d0,0x003545D0,0x00354630,96
FUN_00354630,0x00354630,0x00354690,96
FUN_00354690,0x00354690,0x003546F4,100
FUN_00354700,0x00354700,0x00354764,100
FUN_00354770,0x00354770,0x003547B8,72
FUN_003547c0,0x003547C0,0x00354800,64
FUN_00354800,0x00354800,0x003548D8,216
FUN_003548e0,0x003548E0,0x00354A84,420
FUN_00354a90,0x00354A90,0x00354ACC,60
FUN_00354ad0,0x00354AD0,0x00354AD8,8
FUN_00354ae0,0x00354AE0,0x00354B6C,140
FUN_00354b70,0x00354B70,0x00354BAC,60
FUN_00354bb0,0x00354BB0,0x00354BB8,8
FUN_00354bc0,0x00354BC0,0x00354C44,132
FUN_00354c50,0x00354C50,0x00354D24,212
FUN_00354d30,0x00354D30,0x00354DF8,200
FUN_00354e00,0x00354E00,0x00354FD0,464
FUN_00354fd0,0x00354FD0,0x003550DC,268
FUN_003550e0,0x003550E0,0x00355254,372
FUN_00355260,0x00355260,0x00355348,232
FUN_00355350,0x00355350,0x00355444,244
FUN_00355450,0x00355450,0x00355530,224
FUN_00355530,0x00355530,0x0035567C,332
FUN_0035567c,0x0035567C,0x0035569C,32
FUN_003556a0,0x003556A0,0x003556AC,12
FUN_003556b0,0x003556B0,0x00355704,84
thunk_FUN_00295a90_00355710,0x00355710,0x00355718,8
FUN_00355720,0x00355720,0x0035573C,28
FUN_00355740,0x00355740,0x00355880,320
FUN_00355880,0x00355880,0x00355898,24
FUN_003558a0,0x003558A0,0x0035596C,204
FUN_00355970,0x00355970,0x003559AC,60
FUN_003559b0,0x003559B0,0x003559FC,76
FUN_00355a00,0x00355A00,0x00355A64,100
FUN_00355a70,0x00355A70,0x00355A94,36
FUN_00355aa0,0x00355AA0,0x00355AA8,8
FUN_00355ab0,0x00355AB0,0x00355AF0,64
FUN_00355af0,0x00355AF0,0x00355B5C,108
FUN_00355b60,0x00355B60,0x00355C50,240
FUN_00355c50,0x00355C50,0x00355CAC,92
FUN_00355cb0,0x00355CB0,0x00355CD4,36
FUN_00355ce0,0x00355CE0,0x00355D24,68
FUN_00355d30,0x00355D30,0x00355E00,208
FUN_00355e00,0x00355E00,0x00355E40,64
FUN_00355e40,0x00355E40,0x00355E48,8
FUN_00355e50,0x00355E50,0x00355EB4,100
FUN_00355ec0,0x00355EC0,0x00355F80,192
FUN_00355f80,0x00355F80,0x00355F88,8
FUN_00355f90,0x00355F90,0x0035622C,668
FUN_00356230,0x00356230,0x00356454,548
FUN_00356460,0x00356460,0x003564A0,64
FUN_003564a0,0x003564A0,0x003564A8,8
FUN_003564b0,0x003564B0,0x00356694,484
FUN_003566a0,0x003566A0,0x003566EC,76
FUN_003566f0,0x003566F0,0x003566F8,8
FUN_00356700,0x00356700,0x00356708,8
FUN_00356710,0x00356710,0x0035675C,76
FUN_00356760,0x00356760,0x00356850,240
FUN_00356850,0x00356850,0x003569D4,388
FUN_003569e0,0x003569E0,0x00356A24,68
FUN_00356a30,0x00356A30,0x00356A64,52
FUN_00356a70,0x00356A70,0x00356AC4,84
FUN_00356ad0,0x00356AD0,0x00356B14,68
FUN_00356b20,0x00356B20,0x00356B64,68
FUN_00356b70,0x00356B70,0x00356B78,8
FUN_00356b80,0x00356B80,0x00356B94,20
FUN_00356ba0,0x00356BA0,0x00356C80,224
FUN_00356c80,0x00356C80,0x00356D54,212
FUN_00356d60,0x00356D60,0x00356E88,296
FUN_00356e90,0x00356E90,0x00356F8C,252
FUN_00356f90,0x00356F90,0x003570A0,272
FUN_003570a0,0x003570A0,0x003571B0,272
FUN_003571b0,0x003571B0,0x00357238,136
FUN_00357240,0x00357240,0x003572D4,148
FUN_003572e0,0x003572E0,0x00357378,152
FUN_00357380,0x00357380,0x003573EC,108
FUN_003573f0,0x003573F0,0x00357404,20
FUN_00357410,0x00357410,0x00357420,16
FUN_00357420,0x00357420,0x00357434,20
FUN_00357440,0x00357440,0x00357450,16
FUN_00357450,0x00357450,0x00357458,8
FUN_00357460,0x00357460,0x003574E8,136
FUN_003574f0,0x003574F0,0x0035753C,76
FUN_00357540,0x00357540,0x00357564,36
FUN_00357570,0x00357570,0x00357578,8
FUN_00357580,0x00357580,0x00357694,276
FUN_003576a0,0x003576A0,0x00357730,144
FUN_00357730,0x00357730,0x00357754,36
FUN_00357760,0x00357760,0x00357798,56
FUN_003577a0,0x003577A0,0x003578B4,276
FUN_003578c0,0x003578C0,0x00357A10,336
FUN_00357a10,0x00357A10,0x00357A6C,92
FUN_00357a70,0x00357A70,0x00357B88,280
FUN_00357b90,0x00357B90,0x00357F30,928
FUN_00357f30,0x00357F30,0x00357F60,48
FUN_00357f60,0x00357F60,0x00357F80,32
FUN_00357f80,0x00357F80,0x00357F98,24
FUN_00357fa0,0x00357FA0,0x00358234,660
FUN_00358240,0x00358240,0x00358348,264
FUN_00358350,0x00358350,0x00358394,68
FUN_003583a0,0x003583A0,0x003584A0,256
FUN_003584a0,0x003584A0,0x003585C4,292
FUN_003585d0,0x003585D0,0x00358934,868
FUN_00358940,0x00358940,0x003589D8,152
FUN_003589e0,0x003589E0,0x00358EFC,1308
FUN_00358f00,0x00358F00,0x003590A0,416
FUN_003590a0,0x003590A0,0x00359294,500
FUN_003592a0,0x003592A0,0x00359354,180
FUN_00359360,0x00359360,0x0035936C,12
FUN_00359370,0x00359370,0x0035937C,12
FUN_00359380,0x00359380,0x003593D8,88
FUN_003593e0,0x003593E0,0x003593EC,12
FUN_003593f0,0x003593F0,0x003593F8,8
FUN_00359400,0x00359400,0x00359478,120
FUN_00359480,0x00359480,0x003594A4,36
FUN_003594b0,0x003594B0,0x003594D4,36
FUN_003594e0,0x003594E0,0x00359554,116
FUN_00359560,0x00359560,0x003595CC,108
FUN_003595d0,0x003595D0,0x003595FC,44
FUN_00359600,0x00359600,0x003597D4,468
FUN_003597e0,0x003597E0,0x0035992C,332
FUN_00359930,0x00359930,0x00359B88,600
FUN_00359b90,0x00359B90,0x00359BEC,92
FUN_00359bf0,0x00359BF0,0x00359C20,48
FUN_00359c20,0x00359C20,0x00359C58,56
FUN_00359c60,0x00359C60,0x00359C98,56
FUN_00359ca0,0x00359CA0,0x00359E18,376
gap_00359e20,0x00359E20,0x00359E54,52
FUN_00359e60,0x00359E60,0x0035A048,488
FUN_0035a050,0x0035A050,0x0035A0B0,96
FUN_0035a0b0,0x0035A0B0,0x0035A154,164
FUN_0035a160,0x0035A160,0x0035A1CC,108
FUN_0035a1d0,0x0035A1D0,0x0035A240,112
FUN_0035a240,0x0035A240,0x0035A2B4,116
FUN_0035a2c0,0x0035A2C0,0x0035A374,180
FUN_0035a380,0x0035A380,0x0035A414,148
FUN_0035a420,0x0035A420,0x0035A484,100
FUN_0035a490,0x0035A490,0x0035A8C8,1080
FUN_0035a8d0,0x0035A8D0,0x0035A8D8,8
FUN_0035a8e0,0x0035A8E0,0x0035A8EC,12
FUN_0035a8f0,0x0035A8F0,0x0035A8FC,12
FUN_0035a900,0x0035A900,0x0035A908,8
FUN_0035a910,0x0035A910,0x0035A944,52
FUN_0035a950,0x0035A950,0x0035AAB4,356
FUN_0035aac0,0x0035AAC0,0x0035AAD4,20
FUN_0035aae0,0x0035AAE0,0x0035AAE8,8
FUN_0035aaf0,0x0035AAF0,0x0035ACB0,448
FUN_0035acb0,0x0035ACB0,0x0035AD40,144
FUN_0035ad40,0x0035AD40,0x0035AD7C,60
FUN_0035ad80,0x0035AD80,0x0035AECC,332
FUN_0035aed0,0x0035AED0,0x0035AF04,52
FUN_0035af10,0x0035AF10,0x0035AF6C,92
FUN_0035af70,0x0035AF70,0x0035AFE4,116
FUN_0035aff0,0x0035AFF0,0x0035B010,32
FUN_0035b010,0x0035B010,0x0035B030,32
FUN_0035b030,0x0035B030,0x0035B07C,76
FUN_0035b080,0x0035B080,0x0035B0A8,40
FUN_0035b0b0,0x0035B0B0,0x0035B144,148
FUN_0035b150,0x0035B150,0x0035B1E4,148
FUN_0035b1f0,0x0035B1F0,0x0035B36C,380
FUN_0035b370,0x0035B370,0x0035B3B0,64
FUN_0035b3b0,0x0035B3B0,0x0035B3F4,68
FUN_0035b400,0x0035B400,0x0035B448,72
FUN_0035b450,0x0035B450,0x0035B490,64
FUN_0035b490,0x0035B490,0x0035B52C,156
FUN_0035b530,0x0035B530,0x0035B574,68
FUN_0035b580,0x0035B580,0x0035B5C4,68
FUN_0035b5d0,0x0035B5D0,0x0035B614,68
FUN_0035b620,0x0035B620,0x0035B744,292
FUN_0035b750,0x0035B750,0x0035B9DC,652
FUN_0035b9e0,0x0035B9E0,0x0035BA30,80
FUN_0035ba30,0x0035BA30,0x0035BA5C,44
FUN_0035ba60,0x0035BA60,0x0035BBB8,344
FUN_0035bbc0,0x0035BBC0,0x0035BBC8,8
FUN_0035bbd0,0x0035BBD0,0x0035BC38,104
FUN_0035bc40,0x0035BC40,0x0035BCF0,176
FUN_0035bcf0,0x0035BCF0,0x0035BD24,52
FUN_0035bd30,0x0035BD30,0x0035BDA8,120
FUN_0035bdb0,0x0035BDB0,0x0035BE78,200
FUN_0035be80,0x0035BE80,0x0035BF30,176
FUN_0035bf30,0x0035BF30,0x0035C01C,236
FUN_0035c020,0x0035C020,0x0035C11C,252
FUN_0035c120,0x0035C120,0x0035C164,68
FUN_0035c170,0x0035C170,0x0035C26C,252
FUN_0035c270,0x0035C270,0x0035C470,512
FUN_0035c470,0x0035C470,0x0035C478,8
FUN_0035c480,0x0035C480,0x0035C56C,236
FUN_0035c570,0x0035C570,0x0035C610,160
FUN_0035c610,0x0035C610,0x0035C794,388
FUN_0035c7a0,0x0035C7A0,0x0035C924,388
FUN_0035c930,0x0035C930,0x0035D440,2832
FUN_0035cf0c,0x0035CF0C,0x0035D440,1332
FUN_0035cfe8,0x0035CFE8,0x0035D070,136
FUN_0035d070,0x0035D070,0x0035D104,148
FUN_0035d440,0x0035D440,0x0035D4BC,124
FUN_0035d4bc,0x0035D4BC,0x0035D754,664
FUN_0035d754,0x0035D754,0x0035D784,48
FUN_0035d790,0x0035D790,0x0035E4E0,3408
FUN_0035d8cc,0x0035D8CC,0x0035DB00,564
FUN_0035db00,0x0035DB00,0x0035DC9C,412
FUN_0035dc9c,0x0035DC9C,0x0035E49C,2048
FUN_0035e49c,0x0035E49C,0x0035E4B4,24
FUN_0035e4e0,0x0035E4E0,0x0035E69C,444
FUN_0035e69c,0x0035E69C,0x0035F07C,2528
FUN_0035f07c,0x0035F07C,0x0035F0AC,48
FUN_0035f0b0,0x0035F0B0,0x0035F3A0,752
FUN_0035f3a0,0x0035F3A0,0x0035F46C,204
FUN_0035f470,0x0035F470,0x0035F618,424
FUN_0035f620,0x0035F620,0x0035F8F8,728
FUN_0035f900,0x0035F900,0x0035F9D0,208
FUN_0035f9d0,0x0035F9D0,0x0035FAFC,300
FUN_0035fb00,0x0035FB00,0x0035FDD8,728
FUN_0035fc18,0x0035FC18,0x0035FDAC,404
FUN_0035fdd8,0x0035FDD8,0x0035FEF8,288
FUN_0035fef8,0x0035FEF8,0x0035FF28,48
FUN_0035ff30,0x0035FF30,0x00360064,308
FUN_00360070,0x00360070,0x0036011C,172
FUN_00360120,0x00360120,0x00360134,20
FUN_00360140,0x00360140,0x003601C8,136
thunk_FUN_002e6430_003601d0,0x003601D0,0x003601D8,8
FUN_003601e0,0x003601E0,0x003602FC,284
FUN_00360300,0x00360300,0x00360478,376
FUN_00360480,0x00360480,0x00360888,1032
FUN_00360890,0x00360890,0x00361630,3488
FUN_00361630,0x00361630,0x00361704,212
FUN_00361710,0x00361710,0x0036184C,316
FUN_00361850,0x00361850,0x00361954,260
FUN_00361960,0x00361960,0x00361C28,712
FUN_00361c30,0x00361C30,0x00361D90,352
FUN_00361d90,0x00361D90,0x00361F0C,380
FUN_00361f10,0x00361F10,0x00361F8C,124
FUN_00361f90,0x00361F90,0x0036206C,220
FUN_00362070,0x00362070,0x00362228,440
FUN_00362230,0x00362230,0x003626D4,1188
FUN_003626e0,0x003626E0,0x00362724,68
FUN_00362730,0x00362730,0x0036278C,92
FUN_00362790,0x00362790,0x0036279C,12
FUN_003627a0,0x003627A0,0x00362D7C,1500
FUN_00362d80,0x00362D80,0x00362F54,468
FUN_00362f60,0x00362F60,0x00363080,288
FUN_00363080,0x00363080,0x003630F0,112
FUN_003630f0,0x003630F0,0x003631EC,252
FUN_003631ec,0x003631EC,0x003635A4,952
FUN_003635a4,0x003635A4,0x00363628,132
FUN_00363628,0x00363628,0x00363658,48
FUN_00363660,0x00363660,0x00363670,16
FUN_00363670,0x00363670,0x00363714,164
FUN_00363720,0x00363720,0x003638C8,424
FUN_003638d0,0x003638D0,0x00363E10,1344
FUN_00363e10,0x00363E10,0x00363ECC,188
FUN_00363ed0,0x00363ED0,0x00363F5C,140
FUN_00363f60,0x00363F60,0x00363F80,32
FUN_00363f80,0x00363F80,0x00363FE4,100
FUN_00363ff0,0x00363FF0,0x00363FF8,8
FUN_00364000,0x00364000,0x00364008,8
FUN_00364010,0x00364010,0x00364018,8
FUN_00364020,0x00364020,0x00364028,8
FUN_00364030,0x00364030,0x00364038,8
FUN_00364040,0x00364040,0x00364114,212
FUN_00364120,0x00364120,0x003643B8,664
FUN_003643c0,0x003643C0,0x00364454,148
FUN_00364460,0x00364460,0x003644BC,92
FUN_003644c0,0x003644C0,0x0036452C,108
FUN_00364530,0x00364530,0x00364578,72
FUN_00364580,0x00364580,0x00364650,208
FUN_00364650,0x00364650,0x0036470C,188
FUN_00364710,0x00364710,0x00364738,40
FUN_00364740,0x00364740,0x003647A0,96
FUN_003647a0,0x003647A0,0x003647E0,64
FUN_003647e0,0x003647E0,0x0036480C,44
FUN_00364810,0x00364810,0x00364834,36
FUN_00364840,0x00364840,0x003648BC,124
FUN_003648c0,0x003648C0,0x003648D0,16
FUN_003648d0,0x003648D0,0x00364908,56
FUN_00364910,0x00364910,0x003649C8,184
FUN_003649d0,0x003649D0,0x003649FC,44
FUN_00364a00,0x00364A00,0x00365334,2356
FUN_00365340,0x00365340,0x003653A8,104
FUN_003653b0,0x003653B0,0x00365418,104
FUN_00365420,0x00365420,0x003654B0,144
FUN_003654b0,0x003654B0,0x00365810,864
FUN_00365810,0x00365810,0x003658CC,188
FUN_003658d0,0x003658D0,0x00365930,96
FUN_00365930,0x00365930,0x003659AC,124
FUN_003659b0,0x003659B0,0x00365B8C,476
FUN_00365b90,0x00365B90,0x00365BB8,40
FUN_00365bc0,0x00365BC0,0x00365C44,132
FUN_00365c50,0x00365C50,0x00365C94,68
FUN_00365ca0,0x00365CA0,0x00365CB8,24
FUN_00365cc0,0x00365CC0,0x00365CF4,52
FUN_00365d00,0x00365D00,0x00365D3C,60
FUN_00365d40,0x00365D40,0x00365DFC,188
FUN_00365e00,0x00365E00,0x00365E78,120
FUN_00365e80,0x00365E80,0x00365E88,8
FUN_00365e90,0x00365E90,0x00365E98,8
FUN_00365ea0,0x00365EA0,0x00365EA8,8
FUN_00365eb0,0x00365EB0,0x00365EB8,8
FUN_00365ec0,0x00365EC0,0x00365EC8,8
FUN_00365ed0,0x00365ED0,0x00366050,384
FUN_00366050,0x00366050,0x003660D8,136
FUN_003660e0,0x003660E0,0x00366104,36
FUN_00366110,0x00366110,0x003661BC,172
FUN_003661c0,0x003661C0,0x0036626C,172
FUN_00366270,0x00366270,0x003662AC,60
FUN_003662b0,0x003662B0,0x003662F0,64
FUN_003662f0,0x003662F0,0x0036632C,60
FUN_00366330,0x00366330,0x00366434,260
FUN_00366440,0x00366440,0x00366570,304
FUN_00366570,0x00366570,0x00366604,148
FUN_00366604,0x00366604,0x00366610,12
gap_00366610,0x00366610,0x0036662C,28
FUN_00366630,0x00366630,0x0036665C,44
FUN_00366660,0x00366660,0x00366690,48
FUN_00366690,0x00366690,0x00366734,164
FUN_00366740,0x00366740,0x00366774,52
FUN_00366780,0x00366780,0x003667B0,48
FUN_003667b0,0x003667B0,0x003667E0,48
FUN_003667e0,0x003667E0,0x00366820,64
FUN_00366820,0x00366820,0x00366878,88
FUN_00366880,0x00366880,0x003668D0,80
FUN_003668d0,0x003668D0,0x00366988,184
FUN_00366990,0x00366990,0x00366A44,180
FUN_00366a50,0x00366A50,0x00366A60,16
FUN_00366a60,0x00366A60,0x00366A90,48
FUN_00366a90,0x00366A90,0x00366BD4,324
FUN_00366be0,0x00366BE0,0x00366C4C,108
FUN_00366c50,0x00366C50,0x00366C94,68
FUN_00366ca0,0x00366CA0,0x00366E0C,364
FUN_00366e10,0x00366E10,0x00366EE0,208
FUN_00366ee0,0x00366EE0,0x003672CC,1004
FUN_003672d0,0x003672D0,0x00367474,420
FUN_00367480,0x00367480,0x00367488,8
FUN_00367490,0x00367490,0x00367498,8
FUN_003674a0,0x003674A0,0x003674A8,8
FUN_003674b0,0x003674B0,0x003674C0,16
FUN_003674c0,0x003674C0,0x003674E0,32
FUN_003674e0,0x003674E0,0x0036796C,1164
FUN_00367970,0x00367970,0x003679C8,88
FUN_003679d0,0x003679D0,0x00367A30,96
FUN_00367a30,0x00367A30,0x00367AAC,124
FUN_00367ab0,0x00367AB0,0x00367B00,80
FUN_00367b00,0x00367B00,0x00367C18,280
FUN_00367c20,0x00367C20,0x00367C34,20
FUN_00367c40,0x00367C40,0x00367CF4,180
FUN_00367d00,0x00367D00,0x00367E58,344
FUN_00367e60,0x00367E60,0x00367E8C,44
FUN_00367e90,0x00367E90,0x00367E98,8
FUN_00367ea0,0x00367EA0,0x00367EC8,40
FUN_00367ed0,0x00367ED0,0x00367EE8,24
FUN_00367ef0,0x00367EF0,0x00367F30,64
FUN_00367f30,0x00367F30,0x00367F4C,28
FUN_00367f50,0x00367F50,0x00367FA4,84
FUN_00367fb0,0x00367FB0,0x00367FF4,68
FUN_00368000,0x00368000,0x0036815C,348
FUN_00368160,0x00368160,0x003682BC,348
FUN_003682c0,0x003682C0,0x0036838C,204
FUN_00368390,0x00368390,0x003683DC,76
FUN_003683e0,0x003683E0,0x0036842C,76
FUN_00368430,0x00368430,0x00368480,80
FUN_00368480,0x00368480,0x00368488,8
FUN_00368490,0x00368490,0x00368498,8
FUN_003684a0,0x003684A0,0x003684A8,8
FUN_003684b0,0x003684B0,0x003684C0,16
FUN_003684c0,0x003684C0,0x003684D0,16
FUN_003684d0,0x003684D0,0x003684FC,44
FUN_00368500,0x00368500,0x00368508,8
FUN_00368510,0x00368510,0x00368660,336
FUN_00368660,0x00368660,0x00368718,184
FUN_00368720,0x00368720,0x00368770,80
FUN_00368770,0x00368770,0x003687DC,108
FUN_003687e0,0x003687E0,0x00368844,100
FUN_00368850,0x00368850,0x003688C4,116
FUN_003688d0,0x003688D0,0x00368934,100
FUN_00368940,0x00368940,0x00368A84,324
FUN_00368a90,0x00368A90,0x00368AF0,96
FUN_00368af0,0x00368AF0,0x00368BA0,176
FUN_00368ba0,0x00368BA0,0x00368C20,128
FUN_00368c20,0x00368C20,0x00368CDC,188
FUN_00368ce0,0x00368CE0,0x00368D8C,172
FUN_00368d90,0x00368D90,0x00368EA0,272
FUN_00368ea0,0x00368EA0,0x00368F7C,220
FUN_00368f80,0x00368F80,0x00368FEC,108
FUN_00368ff0,0x00368FF0,0x00369030,64
FUN_00369030,0x00369030,0x00369060,48
FUN_00369060,0x00369060,0x00369094,52
FUN_003690a0,0x003690A0,0x003691B0,272
FUN_003691b0,0x003691B0,0x00369208,88
FUN_00369210,0x00369210,0x003692D4,196
FUN_003692e0,0x003692E0,0x0036930C,44
FUN_00369310,0x00369310,0x00369390,128
FUN_00369390,0x00369390,0x003693C0,48
FUN_003693c0,0x003693C0,0x003693F4,52
FUN_00369400,0x00369400,0x0036945C,92
FUN_00369460,0x00369460,0x00369468,8
FUN_00369470,0x00369470,0x003694B0,64
FUN_003694b0,0x003694B0,0x00369674,452
FUN_00369680,0x00369680,0x003696A8,40
FUN_003696b0,0x003696B0,0x00369724,116
FUN_00369730,0x00369730,0x00369818,232
FUN_00369820,0x00369820,0x0036986C,76
FUN_00369870,0x00369870,0x003698A8,56
FUN_003698b0,0x003698B0,0x003698E4,52
FUN_003698f0,0x003698F0,0x00369974,132
FUN_00369980,0x00369980,0x00369A08,136
FUN_00369a10,0x00369A10,0x00369A94,132
FUN_00369aa0,0x00369AA0,0x00369AAC,12
FUN_00369ab0,0x00369AB0,0x00369B94,228
FUN_00369ba0,0x00369BA0,0x00369BEC,76
FUN_00369bf0,0x00369BF0,0x00369C40,80
FUN_00369c40,0x00369C40,0x00369CDC,156
FUN_00369ce0,0x00369CE0,0x00369D0C,44
FUN_00369d10,0x00369D10,0x00369D3C,44
FUN_00369d40,0x00369D40,0x00369DEC,172
FUN_00369df0,0x00369DF0,0x00369E30,64
FUN_00369e30,0x00369E30,0x00369E44,20
FUN_00369e50,0x00369E50,0x00369FE0,400
FUN_00369fe0,0x00369FE0,0x00369FE8,8
FUN_00369ff0,0x00369FF0,0x0036A088,152
FUN_0036a090,0x0036A090,0x0036A3C8,824
FUN_0036a3d0,0x0036A3D0,0x0036A45C,140
FUN_0036a460,0x0036A460,0x0036A7CC,876
FUN_0036a7d0,0x0036A7D0,0x0036AFC8,2040
FUN_0036afd0,0x0036AFD0,0x0036B0AC,220
FUN_0036b0b0,0x0036B0B0,0x0036B12C,124
FUN_0036b130,0x0036B130,0x0036B194,100
FUN_0036b1a0,0x0036B1A0,0x0036B244,164
FUN_0036b250,0x0036B250,0x0036B2CC,124
FUN_0036b2d0,0x0036B2D0,0x0036B2E4,20
FUN_0036b2f0,0x0036B2F0,0x0036B35C,108
FUN_0036b360,0x0036B360,0x0036B4A8,328
FUN_0036b4b0,0x0036B4B0,0x0036B4D4,36
FUN_0036b4e0,0x0036B4E0,0x0036B594,180
FUN_0036b5a0,0x0036B5A0,0x0036B5E0,64
FUN_0036b5e0,0x0036B5E0,0x0036B65C,124
FUN_0036b660,0x0036B660,0x0036B6B4,84
FUN_0036b6c0,0x0036B6C0,0x0036B75C,156
FUN_0036b760,0x0036B760,0x0036B7E8,136
FUN_0036b7f0,0x0036B7F0,0x0036BA04,532
FUN_0036ba10,0x0036BA10,0x0036BA30,32
FUN_0036ba30,0x0036BA30,0x0036BA44,20
FUN_0036ba50,0x0036BA50,0x0036BB28,216
gap_0036bb30,0x0036BB30,0x0036BBAC,124
gap_0036bbb0,0x0036BBB0,0x0036BC28,120
gap_0036bc30,0x0036BC30,0x0036BC94,100
gap_0036bca0,0x0036BCA0,0x0036BCF0,80
gap_0036bcf0,0x0036BCF0,0x0036BD58,104
gap_0036bd60,0x0036BD60,0x0036BDB0,80
gap_0036bdb0,0x0036BDB0,0x0036BE08,88
gap_0036be10,0x0036BE10,0x0036BE6C,92
gap_0036be70,0x0036BE70,0x0036BEC0,80
FUN_0036bec0,0x0036BEC0,0x0036C578,1720
FUN_0036c580,0x0036C580,0x0036C5E0,96
FUN_0036c5e0,0x0036C5E0,0x0036C65C,124
FUN_0036c660,0x0036C660,0x0036C674,20
FUN_0036c680,0x0036C680,0x0036C6F0,112
FUN_0036c6f0,0x0036C6F0,0x0036C79C,172
FUN_0036c7a0,0x0036C7A0,0x0036C7A8,8
FUN_0036c7b0,0x0036C7B0,0x0036C910,352
FUN_0036c910,0x0036C910,0x0036C91C,12
FUN_0036c920,0x0036C920,0x0036C960,64
FUN_0036c960,0x0036C960,0x0036C9A4,68
FUN_0036c9b0,0x0036C9B0,0x0036CA64,180
FUN_0036ca70,0x0036CA70,0x0036CAAC,60
FUN_0036cab0,0x0036CAB0,0x0036CB0C,92
FUN_0036cb10,0x0036CB10,0x0036CB1C,12
FUN_0036cb20,0x0036CB20,0x0036CB30,16
gap_0036cb30,0x0036CB30,0x0036CB40,16
FUN_0036cb40,0x0036CB40,0x0036CD80,576
FUN_0036cd80,0x0036CD80,0x0036CDB8,56
FUN_0036cdc0,0x0036CDC0,0x0036CDEC,44
FUN_0036cdf0,0x0036CDF0,0x0036CDFC,12
FUN_0036ce00,0x0036CE00,0x0036CE20,32
FUN_0036ce20,0x0036CE20,0x0036CF20,256
FUN_0036cf20,0x0036CF20,0x0036CF3C,28
gap_0036cf40,0x0036CF40,0x0036CF60,32
FUN_0036cf60,0x0036CF60,0x0036CF70,16
FUN_0036cf70,0x0036CF70,0x0036CFD0,96
FUN_0036cfd0,0x0036CFD0,0x0036D0FC,300
FUN_0036d100,0x0036D100,0x0036D134,52
FUN_0036d140,0x0036D140,0x0036D184,68
FUN_0036d190,0x0036D190,0x0036D1CC,60
FUN_0036d1d0,0x0036D1D0,0x0036D200,48
FUN_0036d200,0x0036D200,0x0036D220,32
FUN_0036d220,0x0036D220,0x0036D240,32
FUN_0036d240,0x0036D240,0x0036D260,32
FUN_0036d260,0x0036D260,0x0036D280,32
FUN_0036d280,0x0036D280,0x0036D2A0,32
thunk_FUN_0036d340,0x0036D2A0,0x0036D2A8,8
FUN_0036d2b0,0x0036D2B0,0x0036D2F0,64
FUN_0036d2f0,0x0036D2F0,0x0036D324,52
FUN_0036d330,0x0036D330,0x0036D340,16
FUN_0036d340,0x0036D340,0x0036D4FC,444
FUN_0036d500,0x0036D500,0x0036D520,32
FUN_0036d520,0x0036D520,0x0036D528,8
FUN_0036d530,0x0036D530,0x0036D554,36
FUN_0036d560,0x0036D560,0x0036D5CC,108
FUN_0036d5d0,0x0036D5D0,0x0036D610,64
FUN_0036d610,0x0036D610,0x0036D650,64
FUN_0036d650,0x0036D650,0x0036D730,224
FUN_0036d730,0x0036D730,0x0036D75C,44
FUN_0036d760,0x0036D760,0x0036D878,280
FUN_0036d880,0x0036D880,0x0036D8F8,120
FUN_0036d900,0x0036D900,0x0036DA60,352
FUN_0036da60,0x0036DA60,0x0036DA6C,12
FUN_0036da70,0x0036DA70,0x0036DE40,976
FUN_0036de40,0x0036DE40,0x0036DE74,52
FUN_0036de80,0x0036DE80,0x0036DEE8,104
FUN_0036def0,0x0036DEF0,0x0036E12C,572
FUN_0036e130,0x0036E130,0x0036E1A4,116
FUN_0036e1b0,0x0036E1B0,0x0036E1EC,60
FUN_0036e1f0,0x0036E1F0,0x0036E5EC,1020
FUN_0036e5f0,0x0036E5F0,0x0036E6EC,252
FUN_0036e6f0,0x0036E6F0,0x0036ECD0,1504
FUN_0036ecd0,0x0036ECD0,0x0036ED28,88
FUN_0036ed30,0x0036ED30,0x0036ED88,88
FUN_0036ed90,0x0036ED90,0x0036EE04,116
FUN_0036ee10,0x0036EE10,0x0036EE20,16
FUN_0036ee20,0x0036EE20,0x0036EF5C,316
FUN_0036ef60,0x0036EF60,0x0036EFC0,96
FUN_0036efc0,0x0036EFC0,0x0036F1F4,564
FUN_0036f200,0x0036F200,0x0036F3EC,492
FUN_0036f3f0,0x0036F3F0,0x0036F624,564
FUN_0036f630,0x0036F630,0x0036F708,216
FUN_0036f710,0x0036F710,0x0036F9E0,720
FUN_0036f9e0,0x0036F9E0,0x0036FA10,48
FUN_0036fa10,0x0036FA10,0x0036FA68,88
FUN_0036fa70,0x0036FA70,0x0036FD40,720
FUN_0036fd40,0x0036FD40,0x0036FD4C,12
FUN_0036fd50,0x0036FD50,0x0036FEBC,364
thunk_FUN_0036d330,0x0036FEC0,0x0036FEC8,8
FUN_0036fed0,0x0036FED0,0x0036FF00,48
FUN_0036ff00,0x0036FF00,0x0036FF8C,140
FUN_0036ff90,0x0036FF90,0x00370190,512
FUN_00370190,0x00370190,0x00370210,128
FUN_00370210,0x00370210,0x00370218,8
FUN_00370220,0x00370220,0x00370250,48
FUN_00370250,0x00370250,0x00370290,64
FUN_00370290,0x00370290,0x00370298,8
FUN_003702a0,0x003702A0,0x003702E4,68
FUN_003702f0,0x003702F0,0x003703AC,188
FUN_003703b0,0x003703B0,0x003703B8,8
FUN_003703c0,0x003703C0,0x003703CC,12
FUN_003703d0,0x003703D0,0x003703D8,8
FUN_003703e0,0x003703E0,0x003703E8,8
FUN_003703f0,0x003703F0,0x0037046C,124
FUN_00370470,0x00370470,0x00370534,196
FUN_00370540,0x00370540,0x0037061C,220
FUN_00370620,0x00370620,0x00370678,88
FUN_00370680,0x00370680,0x00370C1C,1436
FUN_00370c20,0x00370C20,0x00370C2C,12
FUN_00370c30,0x00370C30,0x003914A8,133240
FUN_00370e80,0x00370E80,0x00370F08,136
FUN_00370f10,0x00370F10,0x00370F18,8
FUN_00370f20,0x00370F20,0x00370FC0,160
FUN_00370fc0,0x00370FC0,0x00371150,400
FUN_00371150,0x00371150,0x003712DC,396
FUN_003712e0,0x003712E0,0x003712EC,12
FUN_003712f0,0x003712F0,0x00371330,64
FUN_00371330,0x00371330,0x003914A8,131448
FUN_003714b0,0x003714B0,0x0037157C,204
FUN_00371580,0x00371580,0x003715B0,48
FUN_003715b0,0x003715B0,0x00371614,100
FUN_00371620,0x00371620,0x00371628,8
FUN_00371630,0x00371630,0x00371680,80
FUN_00371680,0x00371680,0x0037178C,268
FUN_00371790,0x00371790,0x003717E0,80
FUN_003717e0,0x003717E0,0x003718C4,228
FUN_003718d0,0x003718D0,0x00371958,136
FUN_00371960,0x00371960,0x00371AE4,388
FUN_00371af0,0x00371AF0,0x00371B54,100
FUN_00371b60,0x00371B60,0x00371C00,160
FUN_00371c00,0x00371C00,0x00371C38,56
FUN_00371c40,0x00371C40,0x00371D64,292
FUN_00371d70,0x00371D70,0x00371E0C,156
FUN_00371e10,0x00371E10,0x00371EE4,212
FUN_00371ef0,0x00371EF0,0x00371F70,128
FUN_00371f70,0x00371F70,0x0037200C,156
FUN_00372010,0x00372010,0x00372104,244
FUN_00372110,0x00372110,0x00372118,8
FUN_00372120,0x00372120,0x00372128,8
FUN_00372130,0x00372130,0x00372138,8
FUN_00372140,0x00372140,0x00372170,48
FUN_00372170,0x00372170,0x003721BC,76
FUN_003721c0,0x003721C0,0x00372254,148
FUN_00372260,0x00372260,0x003722AC,76
FUN_003722b0,0x003722B0,0x003722F0,64
FUN_003722f0,0x003722F0,0x0037237C,140
FUN_00372380,0x00372380,0x003723F8,120
FUN_00372400,0x00372400,0x00372510,272
FUN_00372510,0x00372510,0x00372550,64
FUN_00372550,0x00372550,0x00372670,288
FUN_00372670,0x00372670,0x003726B0,64
FUN_003726b0,0x003726B0,0x0037271C,108
FUN_00372720,0x00372720,0x00372830,272
FUN_00372830,0x00372830,0x00372888,88
FUN_00372890,0x00372890,0x00372978,232
FUN_00372980,0x00372980,0x003729F8,120
FUN_00372a00,0x00372A00,0x00372AA0,160
FUN_00372aa0,0x00372AA0,0x00372B78,216
FUN_00372b80,0x00372B80,0x00372C04,132
FUN_00372c10,0x00372C10,0x00372C3C,44
FUN_00372c40,0x00372C40,0x00372C64,36
FUN_00372c70,0x00372C70,0x00372CAC,60
FUN_00372cb0,0x00372CB0,0x00372D04,84
FUN_00372d10,0x00372D10,0x00372D40,48
FUN_00372d40,0x00372D40,0x00372D70,48
FUN_00372d70,0x00372D70,0x00372E70,256
FUN_00372e70,0x00372E70,0x00372E90,32
FUN_00372e90,0x00372E90,0x00373044,436
FUN_00373050,0x00373050,0x0037349C,1100
FUN_003734a0,0x003734A0,0x003734DC,60
FUN_003734e0,0x003734E0,0x003734E8,8
FUN_003734f0,0x003734F0,0x003735F0,256
FUN_003735f0,0x003735F0,0x003736E8,248
FUN_003736f0,0x003736F0,0x00373970,640
FUN_00373970,0x00373970,0x003739E8,120
FUN_003739f0,0x003739F0,0x00373A74,132
FUN_00373a80,0x00373A80,0x00373AF8,120
FUN_00373b00,0x00373B00,0x00373B6C,108
FUN_00373b70,0x00373B70,0x00373BA8,56
FUN_00373bb0,0x00373BB0,0x00373BE4,52
FUN_00373bf0,0x00373BF0,0x00373D30,320
FUN_00373d30,0x00373D30,0x00373E68,312
FUN_00373e70,0x00373E70,0x00374218,936
FUN_00374220,0x00374220,0x00374330,272
FUN_00374330,0x00374330,0x00374398,104
FUN_003743a0,0x003743A0,0x003743D0,48
FUN_003743d0,0x003743D0,0x00374448,120
FUN_00374450,0x00374450,0x00374460,16
FUN_00374460,0x00374460,0x00374470,16
FUN_00374470,0x00374470,0x003749C8,1368
FUN_003749d0,0x003749D0,0x00374A2C,92
FUN_00374a30,0x00374A30,0x00374B14,228
FUN_00374b20,0x00374B20,0x00374BC8,168
FUN_00374bd0,0x00374BD0,0x00374C04,52
FUN_00374c10,0x00374C10,0x00374C44,52
FUN_00374c50,0x00374C50,0x00374C90,64
FUN_00374c90,0x00374C90,0x003914A8,116760
FUN_00374cc0,0x00374CC0,0x00374DD0,272
FUN_00374dd0,0x00374DD0,0x00374E3C,108
FUN_00374e40,0x00374E40,0x0037531C,1244
FUN_003752b8,0x003752B8,0x003752F4,60
FUN_0037531c,0x0037531C,0x0037538C,112
FUN_00375390,0x00375390,0x003753C4,52
FUN_003753d0,0x003753D0,0x00375418,72
FUN_00375420,0x00375420,0x0037572C,780
FUN_00375730,0x00375730,0x003757CC,156
FUN_003757d0,0x003757D0,0x0037582C,92
FUN_00375830,0x00375830,0x0037591C,236
FUN_00375920,0x00375920,0x00375968,72
FUN_00375970,0x00375970,0x003759B8,72
FUN_003759c0,0x003759C0,0x00375A80,192
FUN_00375a80,0x00375A80,0x00375B88,264
FUN_00375b90,0x00375B90,0x00375BB4,36
FUN_00375bc0,0x00375BC0,0x00375C24,100
FUN_00375c30,0x00375C30,0x00375C80,80
FUN_00375c80,0x00375C80,0x00375DB8,312
FUN_00375dc0,0x00375DC0,0x003765B4,2036
FUN_003765c0,0x003765C0,0x0037663C,124
FUN_00376640,0x00376640,0x003766F8,184
FUN_00376700,0x00376700,0x00376738,56
FUN_00376740,0x00376740,0x003767B0,112
FUN_003767b0,0x003767B0,0x003767DC,44
FUN_003767e0,0x003767E0,0x00376E90,1712
FUN_00376e90,0x00376E90,0x00377864,2516
FUN_00377870,0x00377870,0x00377898,40
FUN_003778a0,0x003778A0,0x00377D24,1156
FUN_00377d30,0x00377D30,0x00377D9C,108
FUN_00377da0,0x00377DA0,0x00377E1C,124
FUN_00377e20,0x00377E20,0x00377E5C,60
FUN_00377e60,0x00377E60,0x00377E68,8
FUN_00377e70,0x00377E70,0x00377EE0,112
FUN_00377ee0,0x00377EE0,0x00377FE8,264
FUN_00377ff0,0x00377FF0,0x00378224,564
FUN_00378230,0x00378230,0x00378478,584
FUN_00378480,0x00378480,0x003785AC,300
FUN_003785b0,0x003785B0,0x00378778,456
FUN_00378780,0x00378780,0x003787D4,84
FUN_003787e0,0x003787E0,0x00378834,84
FUN_00378840,0x00378840,0x003788A4,100
FUN_003788b0,0x003788B0,0x00378918,104
FUN_00378920,0x00378920,0x003789D0,176
FUN_003789d0,0x003789D0,0x00378AB0,224
FUN_00378ab0,0x00378AB0,0x00378B7C,204
FUN_00378b80,0x00378B80,0x00378C10,144
FUN_00378c10,0x00378C10,0x003914A8,100504
FUN_00378ce0,0x00378CE0,0x00378DA8,200
FUN_00378db0,0x00378DB0,0x00378E88,216
FUN_00378e90,0x00378E90,0x00379088,504
FUN_00379090,0x00379090,0x003791D0,320
FUN_003791d0,0x003791D0,0x00379374,420
FUN_00379380,0x00379380,0x003914A8,98600
FUN_003794d0,0x003794D0,0x003795F4,292
FUN_00379600,0x00379600,0x003797B8,440
FUN_003797c0,0x003797C0,0x00379A18,600
FUN_00379a20,0x00379A20,0x00379CA0,640
FUN_00379ca0,0x00379CA0,0x00379E8C,492
FUN_00379e90,0x00379E90,0x0037A160,720
FUN_0037a160,0x0037A160,0x0037A230,208
FUN_0037a230,0x0037A230,0x0037A2EC,188
FUN_0037a2f0,0x0037A2F0,0x0037A3F0,256
FUN_0037a3f0,0x0037A3F0,0x0037A4F0,256
FUN_0037a4f0,0x0037A4F0,0x0037A560,112
FUN_0037a560,0x0037A560,0x0037A56C,12
FUN_0037a570,0x0037A570,0x0037A5B4,68
FUN_0037a5c0,0x0037A5C0,0x0037A628,104
FUN_0037a630,0x0037A630,0x0037AB1C,1260
FUN_0037ab20,0x0037AB20,0x0037AB5C,60
FUN_0037ab60,0x0037AB60,0x003914A8,92488
FUN_0037d310,0x0037D310,0x0037D320,16
FUN_0037d320,0x0037D320,0x0037D338,24
FUN_0037d340,0x0037D340,0x0037D358,24
FUN_0037d360,0x0037D360,0x0037D36C,12
FUN_0037d370,0x0037D370,0x0037D5D8,616
FUN_0037d5e0,0x0037D5E0,0x0037D610,48
FUN_0037d610,0x0037D610,0x0037D61C,12
FUN_0037d620,0x0037D620,0x0037D628,8
FUN_0037d630,0x0037D630,0x0037D660,48
FUN_0037d660,0x0037D660,0x0037D7A0,320
FUN_0037d7a0,0x0037D7A0,0x0037D7C8,40
FUN_0037d7d0,0x0037D7D0,0x0037D804,52
FUN_0037d810,0x0037D810,0x0037D93C,300
FUN_0037d93c,0x0037D93C,0x0037D958,28
FUN_0037d9b4,0x0037D9B4,0x003914A8,80628
gap_0037dcd4,0x0037DCD4,0x0037DCF4,32
FUN_0037dd00,0x0037DD00,0x0037DE1C,284
FUN_0037de20,0x0037DE20,0x0037DFB8,408
FUN_0037dfc0,0x0037DFC0,0x0037E308,840
FUN_0037e310,0x0037E310,0x0037E47C,364
FUN_0037e480,0x0037E480,0x0037E618,408
FUN_0037e618,0x0037E618,0x0037E634,28
FUN_0037e694,0x0037E694,0x0037E9D4,832
gap_0037e9d4,0x0037E9D4,0x0037E9F4,32
FUN_0037ea00,0x0037EA00,0x0037EAEC,236
FUN_0037eaf0,0x0037EAF0,0x0037EC44,340
FUN_0037ec50,0x0037EC50,0x0037EFC4,884
FUN_0037efd0,0x0037EFD0,0x0037F098,200
FUN_0037f0a0,0x0037F0A0,0x0037F0E0,64
FUN_0037f0e0,0x0037F0E0,0x0037F874,1940
FUN_0037f880,0x0037F880,0x0037F898,24
FUN_0037f8a0,0x0037F8A0,0x0037F8B8,24
FUN_0037f8c0,0x0037F8C0,0x0037F8C8,8
FUN_0037f8d0,0x0037F8D0,0x0037F8D8,8
FUN_0037f8e0,0x0037F8E0,0x0037F8E8,8
FUN_0037f8f0,0x0037F8F0,0x0037F940,80
FUN_0037f940,0x0037F940,0x0037F9E8,168
FUN_0037f9f0,0x0037F9F0,0x0037FA8C,156
FUN_0037fa90,0x0037FA90,0x0037FADC,76
FUN_0037fae0,0x0037FAE0,0x0037FBD0,240
FUN_0037fbd0,0x0037FBD0,0x0037FD60,400
FUN_0037fd60,0x0037FD60,0x0037FDC0,96
FUN_0037fdc0,0x0037FDC0,0x0037FFB8,504
FUN_0037ffc0,0x0037FFC0,0x0037FFF8,56
FUN_00380000,0x00380000,0x003800F8,248
FUN_00380100,0x00380100,0x00380298,408
FUN_003802a0,0x003802A0,0x00380300,96
FUN_00380300,0x00380300,0x00380500,512
FUN_00380500,0x00380500,0x00380538,56
FUN_00380540,0x00380540,0x0038064C,268
FUN_00380650,0x00380650,0x00380658,8
FUN_00380660,0x00380660,0x00380668,8
FUN_00380670,0x00380670,0x003809D0,864
FUN_003809d0,0x003809D0,0x003809EC,28
FUN_003809f0,0x003809F0,0x00380A08,24
FUN_00380a10,0x00380A10,0x00380B48,312
FUN_00380b50,0x00380B50,0x003914A8,67928
FUN_00380cf0,0x00380CF0,0x00380D3C,76
FUN_00380d40,0x00380D40,0x00380D78,56
FUN_00380d80,0x00380D80,0x00380E14,148
FUN_00380e20,0x00380E20,0x00380E48,40
FUN_00380e50,0x00380E50,0x00380E7C,44
FUN_00380e80,0x00380E80,0x003810F8,632
FUN_00381100,0x00381100,0x00381164,100
FUN_00381170,0x00381170,0x00381198,40
FUN_003811a0,0x003811A0,0x0038121C,124
FUN_00381220,0x00381220,0x003812A8,136
FUN_003812b0,0x003812B0,0x00381354,164
FUN_00381360,0x00381360,0x00381394,52
FUN_003813a0,0x003813A0,0x003813C8,40
FUN_003813d0,0x003813D0,0x003813F8,40
FUN_00381400,0x00381400,0x00381430,48
FUN_00381430,0x00381430,0x003914A8,65656
FUN_00381570,0x00381570,0x00381624,180
FUN_00381630,0x00381630,0x003816C4,148
FUN_003816d0,0x003816D0,0x00381840,368
FUN_00381880,0x00381880,0x003818E8,104
FUN_003818f8,0x003818F8,0x00381B18,544
FUN_00381b90,0x00381B90,0x00381BD0,64
FUN_00381bd4,0x00381BD4,0x00381BE0,12
FUN_00381be4,0x00381BE4,0x00381BF0,12
FUN_00381bf0,0x00381BF0,0x00381BF8,8
FUN_00381bf8,0x00381BF8,0x00381C00,8
FUN_00381c00,0x00381C00,0x00381C08,8
FUN_00381c08,0x00381C08,0x00381C10,8
FUN_00381c10,0x00381C10,0x00381C20,16
gap_00381c20,0x00381C20,0x00381C40,32
FUN_00381c40,0x00381C40,0x00381C48,8
FUN_00381c6c,0x00381C6C,0x00381C78,12
FUN_00381c78,0x00381C78,0x00381C80,8
FUN_00381c80,0x00381C80,0x00381C88,8
FUN_00381c88,0x00381C88,0x00381CA8,32
FUN_00381ca8,0x00381CA8,0x00381CB0,8
gap_00381cb0,0x00381CB0,0x00381CB8,8
FUN_00381cb8,0x00381CB8,0x003914A8,63472
FUN_00381cc0,0x00381CC0,0x00381CC8,8
FUN_00381cc8,0x00381CC8,0x00381CD0,8
FUN_00381cd0,0x00381CD0,0x00381CD8,8
FUN_00381cd8,0x00381CD8,0x00381CE8,16
FUN_00381ce8,0x00381CE8,0x00381D08,32
gap_00381d08,0x00381D08,0x00381E60,344
gap_00381e60,0x00381E60,0x00381EF0,144
gap_00381ef0,0x00381EF0,0x00381F20,48
gap_00381f20,0x00381F20,0x00381F58,56
gap_00381f58,0x00381F58,0x00381F70,24
gap_00381f70,0x00381F70,0x00381F88,24
gap_00381f88,0x00381F88,0x00381F90,8
gap_00381f90,0x00381F90,0x00381FA0,16
gap_00381fa0,0x00381FA0,0x00381FB8,24
gap_00381fb8,0x00381FB8,0x00381FC8,16
gap_00381fc8,0x00381FC8,0x00381FE8,32
gap_00381fe8,0x00381FE8,0x00382010,40
FUN_00382020,0x00382020,0x00382030,16
FUN_00382038,0x00382038,0x00382050,24
gap_00382050,0x00382050,0x00382098,72
gap_00382098,0x00382098,0x003820B8,32
FUN_00382154,0x00382154,0x00382168,20
FUN_003821dc,0x003821DC,0x00382200,36
FUN_0038222c,0x0038222C,0x00382250,36
FUN_00382260,0x00382260,0x00382270,16
FUN_0038230c,0x0038230C,0x00382330,36
FUN_003823c0,0x003823C0,0x003823D0,16
FUN_0038240c,0x0038240C,0x00382440,52
FUN_0038244c,0x0038244C,0x00382470,36
FUN_00382500,0x00382500,0x00382510,16
FUN_0038254c,0x0038254C,0x00382578,44
thunk_EXT_FUN_0c04800c,0x00382588,0x00382590,8
FUN_00382620,0x00382620,0x00382630,16
FUN_00382634,0x00382634,0x00382640,12
FUN_00382690,0x00382690,0x003826E8,88
FUN_003826e8,0x003826E8,0x003826F0,8
FUN_003826f4,0x003826F4,0x00382710,28
FUN_00382710,0x00382710,0x00382760,80
gap_00382760,0x00382760,0x00382778,24
FUN_0038277c,0x0038277C,0x00382788,12
FUN_00382814,0x00382814,0x00382820,12
FUN_00382870,0x00382870,0x003828C8,88
FUN_003828c8,0x003828C8,0x003828D0,8
FUN_003828d4,0x003828D4,0x003828F0,28
FUN_00382918,0x00382918,0x00382940,40
FUN_00382940,0x00382940,0x00382948,8
gap_00382948,0x00382948,0x00382C28,736
FUN_00382c28,0x00382C28,0x00382C30,8
FUN_00382c58,0x00382C58,0x00382C80,40
FUN_00382c80,0x00382C80,0x00382C88,8
gap_00382c88,0x00382C88,0x003914A8,59424
FUN_00382d78,0x00382D78,0x00382D90,24
gap_00382d90,0x00382D90,0x00382DB0,32
FUN_00382dc8,0x00382DC8,0x00382DD0,8
FUN_00382dd8,0x00382DD8,0x00382DF0,24
FUN_00382e0c,0x00382E0C,0x00382E14,8
gap_00382e14,0x00382E14,0x00382E50,60
gap_00382e50,0x00382E50,0x00382E68,24
FUN_00382e7c,0x00382E7C,0x00382E88,12
gap_00382e88,0x00382E88,0x00383048,448
gap_00383048,0x00383048,0x00383128,224
gap_00383128,0x00383128,0x003831F8,208
FUN_003831f8,0x003831F8,0x00383200,8
FUN_00383204,0x00383204,0x00383250,76
FUN_00383254,0x00383254,0x00383260,12
FUN_00383264,0x00383264,0x00383270,12
FUN_00383270,0x00383270,0x00383278,8
FUN_00383278,0x00383278,0x00383280,8
FUN_00383280,0x00383280,0x00383288,8
FUN_00383288,0x00383288,0x00383290,8
FUN_00383290,0x00383290,0x003832A0,16
FUN_003832a0,0x003832A0,0x003832C0,32
FUN_003832c0,0x003832C0,0x003832C8,8
FUN_003832cc,0x003832CC,0x003832D8,12
FUN_003832ec,0x003832EC,0x003832F8,12
FUN_003832f8,0x003832F8,0x00383300,8
FUN_00383300,0x00383300,0x00383308,8
FUN_00383308,0x00383308,0x00383328,32
FUN_00383328,0x00383328,0x00383330,8
gap_00383330,0x00383330,0x00383338,8
FUN_00383338,0x00383338,0x00383340,8
FUN_00383340,0x00383340,0x00383348,8
FUN_00383348,0x00383348,0x00383350,8
FUN_00383350,0x00383350,0x00383358,8
FUN_00383358,0x00383358,0x00383368,16
FUN_00383368,0x00383368,0x00383388,32
gap_00383388,0x00383388,0x003833D8,80
FUN_003834bc,0x003834BC,0x00383550,148
FUN_00383554,0x00383554,0x00383560,12
FUN_00383564,0x00383564,0x00383570,12
FUN_00383570,0x00383570,0x00383578,8
FUN_00383578,0x00383578,0x00383580,8
FUN_00383580,0x00383580,0x00383588,8
FUN_00383588,0x00383588,0x00383590,8
FUN_00383590,0x00383590,0x003835A0,16
FUN_003835a0,0x003835A0,0x003835C0,32
FUN_003835c0,0x003835C0,0x003835C8,8
FUN_003835cc,0x003835CC,0x003835D8,12
FUN_003835ec,0x003835EC,0x003835F8,12
FUN_003835f8,0x003835F8,0x00383600,8
FUN_00383600,0x00383600,0x00383608,8
FUN_00383608,0x00383608,0x00383628,32
FUN_00383628,0x00383628,0x00383630,8
gap_00383630,0x00383630,0x00383638,8
FUN_00383638,0x00383638,0x00383640,8
FUN_00383640,0x00383640,0x00383648,8
FUN_00383648,0x00383648,0x00383650,8
FUN_00383650,0x00383650,0x00383658,8
FUN_00383658,0x00383658,0x00383668,16
FUN_00383668,0x00383668,0x00383688,32
FUN_00383714,0x00383714,0x00383758,68
thunk_EXT_FUN_040801a0,0x00383778,0x00383780,8
FUN_003837a0,0x003837A0,0x003837A8,8
FUN_003837a8,0x003837A8,0x003837B8,16
FUN_003837c0,0x003837C0,0x003837D0,16
FUN_003837d0,0x003837D0,0x003837E8,24
gap_003837e8,0x003837E8,0x003837F8,16
FUN_003837f8,0x003837F8,0x00383810,24
FUN_00383844,0x00383844,0x00383858,20
FUN_00383858,0x00383858,0x00383860,8
FUN_00383860,0x00383860,0x00383868,8
FUN_0038386c,0x0038386C,0x00383878,12
FUN_00383a10,0x00383A10,0x00383A38,40
FUN_00383a44,0x00383A44,0x00383A68,36
FUN_00383a68,0x00383A68,0x00383A70,8
FUN_00383a70,0x00383A70,0x00383A78,8
FUN_00383a78,0x00383A78,0x00383A80,8
FUN_00383a80,0x00383A80,0x00383A90,16
FUN_00383a90,0x00383A90,0x00383AA0,16
FUN_00383aa0,0x00383AA0,0x00383AA8,8
FUN_00383b8c,0x00383B8C,0x00383BA8,28
FUN_00383cd0,0x00383CD0,0x00383CE0,16
FUN_00383d0c,0x00383D0C,0x00383D18,12
FUN_00383d1c,0x00383D1C,0x00383D30,20
FUN_00383d54,0x00383D54,0x00383D60,12
FUN_00383e70,0x00383E70,0x00383E80,16
FUN_00383eac,0x00383EAC,0x00383EB8,12
FUN_00383ebc,0x00383EBC,0x00383ED0,20
FUN_00383ed4,0x00383ED4,0x00383EE8,20
FUN_00383ef4,0x00383EF4,0x00383F00,12
FUN_00384020,0x00384020,0x00384030,16
FUN_0038405c,0x0038405C,0x00384068,12
FUN_0038406c,0x0038406C,0x00384080,20
FUN_00384084,0x00384084,0x00384098,20
FUN_003840a4,0x003840A4,0x003840B0,12
FUN_00384124,0x00384124,0x00384148,36
FUN_003841c0,0x003841C0,0x003841D0,16
FUN_0038420c,0x0038420C,0x00384220,20
FUN_00384224,0x00384224,0x00384238,20
FUN_003842c4,0x003842C4,0x003842E8,36
FUN_00384368,0x00384368,0x00384378,16
FUN_003843a4,0x003843A4,0x003843B0,12
FUN_003843b4,0x003843B4,0x003843C8,20
FUN_00384404,0x00384404,0x00384410,12
FUN_00384414,0x00384414,0x00384420,12
FUN_00384420,0x00384420,0x00384428,8
FUN_00384444,0x00384444,0x003844CC,136
gap_003844cc,0x003844CC,0x00384568,156
FUN_0038457c,0x0038457C,0x00384584,8
gap_00384584,0x00384584,0x003845C0,60
gap_003845c0,0x003845C0,0x00384620,96
FUN_00384638,0x00384638,0x00384640,8
thunk_EXT_FUN_0c0cdffc,0x00384680,0x00384688,8
FUN_0038481c,0x0038481C,0x00384830,20
FUN_0038483c,0x0038483C,0x00384848,12
FUN_0038486c,0x0038486C,0x00384878,12
FUN_00384878,0x00384878,0x00384890,24
FUN_00384890,0x00384890,0x003848A8,24
FUN_003848a8,0x003848A8,0x003848B8,16
FUN_003848b8,0x003848B8,0x003848C0,8
FUN_003848c0,0x003848C0,0x003848C8,8
FUN_003848c8,0x003848C8,0x003848D0,8
FUN_00384904,0x00384904,0x00384928,36
gap_00384928,0x00384928,0x00384980,88
gap_00384980,0x00384980,0x00384C10,656
FUN_00384ccc,0x00384CCC,0x00384CD8,12
FUN_00385094,0x00385094,0x003850B0,28
FUN_003850c4,0x003850C4,0x003850D0,12
FUN_003850d0,0x003850D0,0x003850D8,8
gap_003850d8,0x003850D8,0x003850E0,8
FUN_003850e0,0x003850E0,0x003850E8,8
FUN_003850e8,0x003850E8,0x003850F0,8
FUN_00385104,0x00385104,0x00385110,12
FUN_00385110,0x00385110,0x00385118,8
gap_00385118,0x00385118,0x003851F0,216
gap_003851f0,0x003851F0,0x003851F8,8
gap_003851f8,0x003851F8,0x00385200,8
gap_00385200,0x00385200,0x00385208,8
FUN_00385314,0x00385314,0x00385330,28
FUN_00385344,0x00385344,0x00385350,12
FUN_00385350,0x00385350,0x00385358,8
gap_00385358,0x00385358,0x00385360,8
FUN_00385360,0x00385360,0x00385368,8
FUN_00385368,0x00385368,0x00385378,16
gap_00385378,0x00385378,0x003853E8,112
gap_003853e8,0x003853E8,0x00385410,40
gap_00385410,0x00385410,0x00385480,112
gap_00385480,0x00385480,0x003854A8,40
FUN_00385514,0x00385514,0x00385530,28
FUN_00385544,0x00385544,0x00385550,12
gap_00385550,0x00385550,0x00385558,8
FUN_00385558,0x00385558,0x00385560,8
FUN_00385560,0x00385560,0x00385568,8
gap_00385568,0x00385568,0x003855D0,104
FUN_003855d0,0x003855D0,0x003855DC,12
gap_003855dc,0x003855DC,0x00385630,84
FUN_00385664,0x00385664,0x00385670,12
FUN_0038567c,0x0038567C,0x003856A8,44
FUN_003856a8,0x003856A8,0x003856B0,8
FUN_003856b0,0x003856B0,0x003856B8,8
FUN_003856cc,0x003856CC,0x003856D8,12
FUN_00385750,0x00385750,0x00385758,8
FUN_003857d4,0x003857D4,0x003857E8,20
FUN_003857e8,0x003857E8,0x003857F8,16
gap_003857f8,0x003857F8,0x00385808,16
gap_00385808,0x00385808,0x00385810,8
gap_00385810,0x00385810,0x00385848,56
FUN_00385858,0x00385858,0x00385864,12
gap_00385864,0x00385864,0x00385870,12
gap_00385870,0x00385870,0x00385878,8
gap_00385878,0x00385878,0x00385928,176
gap_00385928,0x00385928,0x00385988,96
gap_00385988,0x00385988,0x00385990,8
gap_00385990,0x00385990,0x00385998,8
gap_00385998,0x00385998,0x003859A0,8
FUN_00385ab0,0x00385AB0,0x00385AB8,8
FUN_00385ac4,0x00385AC4,0x00385AE0,28
FUN_00385ae0,0x00385AE0,0x00385AF0,16
FUN_00385af0,0x00385AF0,0x00385AF8,8
FUN_00385af8,0x00385AF8,0x00385B00,8
gap_00385b00,0x00385B00,0x00385B38,56
gap_00385b38,0x00385B38,0x00385B60,40
gap_00385b60,0x00385B60,0x00385B68,8
gap_00385b68,0x00385B68,0x00385BE8,128
gap_00385be8,0x00385BE8,0x00385C10,40
FUN_00385c94,0x00385C94,0x00385CA8,20
FUN_00385ca8,0x00385CA8,0x00385CB8,16
FUN_00385cb8,0x00385CB8,0x00385CC0,8
FUN_00385cc0,0x00385CC0,0x003914A8,47080
gap_00385cd0,0x00385CD0,0x00385D18,72
FUN_00385d18,0x00385D18,0x00385D28,16
FUN_00385d38,0x00385D38,0x00385D40,8
gap_00385d40,0x00385D40,0x00385D88,72
gap_00385d88,0x00385D88,0x00385DE0,88
FUN_00385e18,0x00385E18,0x00385E28,16
FUN_00385e30,0x00385E30,0x00385E38,8
FUN_00385ea4,0x00385EA4,0x00385EC0,28
FUN_00385ec0,0x00385EC0,0x00385EC8,8
gap_00385ec8,0x00385EC8,0x00385ED0,8
FUN_00385ee4,0x00385EE4,0x00385F00,28
gap_00385f00,0x00385F00,0x00385F08,8
FUN_00385f08,0x00385F08,0x00385F10,8
FUN_00385f10,0x00385F10,0x00385F18,8
gap_00385f18,0x00385F18,0x00385FD8,192
FUN_00385fd8,0x00385FD8,0x00385FE0,8
FUN_00385fe0,0x00385FE0,0x00385FE8,8
FUN_00385fe8,0x00385FE8,0x00385FF0,8
FUN_003860bc,0x003860BC,0x003860D8,28
FUN_003860d8,0x003860D8,0x003860E0,8
FUN_003860e0,0x003860E0,0x003860E8,8
FUN_003860fc,0x003860FC,0x00386118,28
FUN_00386118,0x00386118,0x00386120,8
gap_00386120,0x00386120,0x00386190,112
gap_00386190,0x00386190,0x00386198,8
FUN_003861e8,0x003861E8,0x003861F8,16
FUN_00386214,0x00386214,0x00386230,28
FUN_00386230,0x00386230,0x00386238,8
FUN_0038624c,0x0038624C,0x00386258,12
FUN_00386258,0x00386258,0x00386270,24
FUN_00386284,0x00386284,0x00386290,12
FUN_003862ec,0x003862EC,0x003862F8,12
FUN_00386340,0x00386340,0x00386348,8
FUN_0038634c,0x0038634C,0x00386378,44
FUN_00386388,0x00386388,0x00386398,16
FUN_003863b4,0x003863B4,0x003863D0,28
FUN_00386444,0x00386444,0x00386458,20
FUN_00386458,0x00386458,0x00386468,16
FUN_00386468,0x00386468,0x00386470,8
FUN_00386470,0x00386470,0x00386480,16
FUN_00386480,0x00386480,0x00386488,8
gap_00386488,0x00386488,0x003864D8,80
gap_003864d8,0x003864D8,0x003864E0,8
gap_003864e0,0x003864E0,0x003864E8,8
gap_003864e8,0x003864E8,0x003864F0,8
FUN_003865cc,0x003865CC,0x003865D8,12
FUN_003865d8,0x003865D8,0x003865E0,8
FUN_003865e0,0x003865E0,0x003865E8,8
thunk_EXT_FUN_00988000,0x003865E8,0x003865F0,8
FUN_003866c4,0x003866C4,0x003866D8,20
FUN_003866d8,0x003866D8,0x003866E8,16
FUN_003866e8,0x003866E8,0x003866F0,8
FUN_003866f0,0x003866F0,0x00386700,16
FUN_00386700,0x00386700,0x00386708,8
gap_00386708,0x00386708,0x00386758,80
gap_00386758,0x00386758,0x00386760,8
FUN_00386760,0x00386760,0x0038676C,12
gap_0038676c,0x0038676C,0x003867F0,132
gap_003867f0,0x003867F0,0x003867F8,8
FUN_0038687c,0x0038687C,0x00386898,28
FUN_00386898,0x00386898,0x003868A0,8
FUN_003868a0,0x003868A0,0x003868A8,8
FUN_003868d8,0x003868D8,0x003868E0,8
FUN_003868e0,0x003868E0,0x003868F0,16
FUN_0038691c,0x0038691C,0x00386928,12
FUN_0038696c,0x0038696C,0x00386978,12
FUN_003869a8,0x003869A8,0x003869B0,8
FUN_003869e4,0x003869E4,0x00386A08,36
FUN_00386a08,0x00386A08,0x00386A10,8
FUN_00386a14,0x00386A14,0x00386A20,12
FUN_00386a24,0x00386A24,0x00386A58,52
FUN_00386a9c,0x00386A9C,0x00386AA8,12
FUN_00386ac4,0x00386AC4,0x00386AE8,36
gap_00386ae8,0x00386AE8,0x00386B48,96
gap_00386b48,0x00386B48,0x00386B58,16
FUN_00386c64,0x00386C64,0x00386C70,12
FUN_00386c70,0x00386C70,0x00386C78,8
gap_00386c78,0x00386C78,0x00386F38,704
gap_00386f38,0x00386F38,0x00386F40,8
FUN_00387148,0x00387148,0x00387150,8
FUN_00387284,0x00387284,0x003872A8,36
FUN_003872a8,0x003872A8,0x003872B0,8
FUN_003872bc,0x003872BC,0x003872C8,12
FUN_003872f4,0x003872F4,0x00387318,36
FUN_00387338,0x00387338,0x00387340,8
FUN_00387388,0x00387388,0x003873A0,24
FUN_00387418,0x00387418,0x00387430,24
FUN_0038747c,0x0038747C,0x00387490,20
FUN_003874dc,0x003874DC,0x00387508,44
FUN_00387508,0x00387508,0x00387510,8
FUN_0038755c,0x0038755C,0x00387568,12
FUN_00387568,0x00387568,0x00387578,16
gap_00387578,0x00387578,0x00387590,24
gap_00387590,0x00387590,0x00387598,8
FUN_00387668,0x00387668,0x00387678,16
FUN_003876c8,0x003876C8,0x003876D8,16
FUN_003877e8,0x003877E8,0x003877F8,16
FUN_00387858,0x00387858,0x00387868,16
FUN_003878b4,0x003878B4,0x003878D8,36
FUN_003878d8,0x003878D8,0x003878E0,8
FUN_003878ec,0x003878EC,0x00387910,36
FUN_00387914,0x00387914,0x00387928,20
FUN_00387928,0x00387928,0x00387938,16
FUN_00387938,0x00387938,0x00387940,8
FUN_00388054,0x00388054,0x00388078,36
FUN_00388078,0x00388078,0x00388080,8
FUN_00388080,0x00388080,0x00388088,8
gap_00388088,0x00388088,0x003880C8,64
FUN_003880e4,0x003880E4,0x003880F0,12
FUN_00388198,0x00388198,0x003881A0,8
FUN_0038829c,0x0038829C,0x003882A8,12
FUN_003882b4,0x003882B4,0x003882C0,12
FUN_003882e4,0x003882E4,0x003882F0,12
FUN_003882f0,0x003882F0,0x00388308,24
FUN_00388308,0x00388308,0x00388318,16
FUN_00388324,0x00388324,0x00388348,36
FUN_00388348,0x00388348,0x00388350,8
gap_00388350,0x00388350,0x003883A8,88
gap_003883a8,0x003883A8,0x003883C0,24
gap_003883c0,0x003883C0,0x003884A0,224
gap_003884a0,0x003884A0,0x00388508,104
FUN_00388508,0x00388508,0x0038850C,4
gap_0038850c,0x0038850C,0x00388520,20
gap_00388520,0x00388520,0x00388578,88
gap_00388578,0x00388578,0x00388580,8
FUN_003885a8,0x003885A8,0x003885B8,16
FUN_003885b8,0x003885B8,0x003885C0,8
gap_003885c0,0x003885C0,0x003885E8,40
FUN_003885e8,0x003885E8,0x003885F0,8
FUN_003885fc,0x003885FC,0x00388608,12
FUN_0038862c,0x0038862C,0x00388638,12
FUN_00388638,0x00388638,0x00388650,24
FUN_00388650,0x00388650,0x00388660,16
FUN_0038866c,0x0038866C,0x00388698,44
FUN_00388698,0x00388698,0x003886A0,8
FUN_003886a0,0x003886A0,0x003886A8,8
FUN_00388728,0x00388728,0x00388730,8
FUN_00388730,0x00388730,0x00388740,16
gap_00388740,0x00388740,0x00388758,24
FUN_003888dc,0x003888DC,0x003888E4,8
gap_003888e4,0x003888E4,0x003889B0,204
gap_003889b0,0x003889B0,0x00388A30,128
FUN_00388b74,0x00388B74,0x00388B80,12
FUN_00388c20,0x00388C20,0x00388C2C,12
gap_00388c2c,0x00388C2C,0x00388C90,100
FUN_00388cd4,0x00388CD4,0x00388CE0,12
FUN_00388ce8,0x00388CE8,0x00388CEC,4
gap_00388cec,0x00388CEC,0x00388D30,68
FUN_00388d30,0x00388D30,0x00388D48,24
FUN_00388d70,0x00388D70,0x00388D80,16
FUN_00388d80,0x00388D80,0x00388D98,24
FUN_00388d98,0x00388D98,0x00388DC8,48
FUN_00388dc8,0x00388DC8,0x00388DD0,8
FUN_00388ddc,0x00388DDC,0x00388DE8,12
FUN_00388e0c,0x00388E0C,0x00388E18,12
FUN_00388e18,0x00388E18,0x00388E30,24
FUN_00388e30,0x00388E30,0x00388E40,16
FUN_00388e4c,0x00388E4C,0x00388E78,44
FUN_00388ec4,0x00388EC4,0x00388ECC,8
gap_00388ecc,0x00388ECC,0x00388EE0,20
gap_00388ee0,0x00388EE0,0x00388EE8,8
FUN_00388f04,0x00388F04,0x00388F10,12
FUN_00389074,0x00389074,0x00389080,12
FUN_0038908c,0x0038908C,0x00389098,12
gap_00389098,0x00389098,0x003890C8,48
FUN_003890c8,0x003890C8,0x003890E0,24
FUN_003890e0,0x003890E0,0x003890F0,16
FUN_003890fc,0x003890FC,0x00389128,44
FUN_00389128,0x00389128,0x00389130,8
gap_00389130,0x00389130,0x00389170,64
gap_00389170,0x00389170,0x00389178,8
FUN_00389288,0x00389288,0x00389290,8
FUN_003892fc,0x003892FC,0x00389304,8
gap_00389304,0x00389304,0x00389330,44
FUN_00389384,0x00389384,0x00389390,12
FUN_003893b0,0x003893B0,0x003893B8,8
gap_003893b8,0x003893B8,0x003893D0,24
FUN_003893d0,0x003893D0,0x003893DC,12
gap_003893dc,0x003893DC,0x003893F8,28
FUN_003893f8,0x003893F8,0x00389408,16
FUN_00389418,0x00389418,0x00389420,8
FUN_00389434,0x00389434,0x00389448,20
FUN_0038945c,0x0038945C,0x00389468,12
FUN_0038948c,0x0038948C,0x00389498,12
FUN_00389498,0x00389498,0x003914A8,32784
FUN_003894b0,0x003894B0,0x003894C0,16
FUN_003894cc,0x003894CC,0x003894F8,44
FUN_003894f8,0x003894F8,0x00389500,8
FUN_00389500,0x00389500,0x00389520,32
FUN_0038957c,0x0038957C,0x00389588,12
FUN_00389588,0x00389588,0x00389590,8
FUN_003895a8,0x003895A8,0x003895B0,8
FUN_003895b4,0x003895B4,0x003895C0,12
gap_003895c0,0x003895C0,0x003895D8,24
gap_003895d8,0x003895D8,0x00389840,616
gap_00389840,0x00389840,0x00389978,312
FUN_003899c0,0x003899C0,0x003899D0,16
FUN_003899f8,0x003899F8,0x00389A00,8
FUN_00389a40,0x00389A40,0x00389A58,24
FUN_00389ac0,0x00389AC0,0x00389AC8,8
FUN_00389b88,0x00389B88,0x00389B90,8
FUN_00389ba0,0x00389BA0,0x00389C2C,140
gap_00389c2c,0x00389C2C,0x00389C58,44
FUN_00389c58,0x00389C58,0x00389C60,8
FUN_00389cc8,0x00389CC8,0x00389CE0,24
FUN_00389cec,0x00389CEC,0x00389D00,20
FUN_00389d00,0x00389D00,0x00389D38,56
FUN_00389d44,0x00389D44,0x00389D50,12
FUN_00389d5c,0x00389D5C,0x00389D68,12
FUN_00389d8c,0x00389D8C,0x00389D98,12
FUN_00389d98,0x00389D98,0x00389DB0,24
FUN_00389db0,0x00389DB0,0x00389DC0,16
FUN_00389dcc,0x00389DCC,0x00389DF8,44
FUN_00389df8,0x00389DF8,0x00389E00,8
FUN_00389e00,0x00389E00,0x00389E08,8
FUN_00389e88,0x00389E88,0x00389E90,8
FUN_00389e90,0x00389E90,0x00389EA0,16
FUN_00389ea8,0x00389EA8,0x00389EB4,12
gap_00389eb4,0x00389EB4,0x0038A150,668
gap_0038a150,0x0038A150,0x0038A250,256
gap_0038a250,0x0038A250,0x0038A290,64
FUN_0038a3a0,0x0038A3A0,0x0038A3B0,16
FUN_0038a3b0,0x0038A3B0,0x0038A3B8,8
FUN_0038a3b8,0x0038A3B8,0x0038A3E8,48
gap_0038a3e8,0x0038A3E8,0x0038A3F8,16
gap_0038a3f8,0x0038A3F8,0x0038A450,88
FUN_0038a4f8,0x0038A4F8,0x0038A4FC,4
gap_0038a4fc,0x0038A4FC,0x0038A5A0,164
gap_0038a5a0,0x0038A5A0,0x0038A5C8,40
gap_0038a5c8,0x0038A5C8,0x0038A648,128
FUN_0038a660,0x0038A660,0x0038A668,8
FUN_0038a668,0x0038A668,0x0038A670,8
FUN_0038a674,0x0038A674,0x0038A6A8,52
FUN_0038a6a8,0x0038A6A8,0x0038A6B8,16
FUN_0038a6b8,0x0038A6B8,0x0038A6C0,8
FUN_0038a6cc,0x0038A6CC,0x0038A6D8,12
gap_0038a6d8,0x0038A6D8,0x0038A708,48
FUN_0038a708,0x0038A708,0x0038A720,24
FUN_0038a720,0x0038A720,0x0038A730,16
FUN_0038a73c,0x0038A73C,0x0038A768,44
FUN_0038a78c,0x0038A78C,0x0038A798,12
FUN_0038a7b4,0x0038A7B4,0x0038A7C0,12
FUN_0038a7c0,0x0038A7C0,0x0038A7CC,12
gap_0038a7cc,0x0038A7CC,0x0038A8C8,252
gap_0038a8c8,0x0038A8C8,0x0038A8F8,48
gap_0038a8f8,0x0038A8F8,0x0038A948,80
FUN_0038a958,0x0038A958,0x0038A970,24
FUN_0038a990,0x0038A990,0x0038A998,8
FUN_0038a99c,0x0038A99C,0x0038A9B0,20
FUN_0038a9b0,0x0038A9B0,0x0038A9B8,8
FUN_0038a9c4,0x0038A9C4,0x0038A9D0,12
FUN_0038a9f4,0x0038A9F4,0x0038AA00,12
FUN_0038aa00,0x0038AA00,0x0038AA18,24
FUN_0038aa18,0x0038AA18,0x0038AA28,16
FUN_0038aa4c,0x0038AA4C,0x0038AA58,12
FUN_0038aa58,0x0038AA58,0x0038AA60,8
gap_0038aa60,0x0038AA60,0x0038AAC0,96
gap_0038aac0,0x0038AAC0,0x0038AAD8,24
FUN_0038ab70,0x0038AB70,0x0038AB74,4
gap_0038ab74,0x0038AB74,0x0038AB98,36
FUN_0038abb8,0x0038ABB8,0x0038ABC0,8
FUN_0038ac24,0x0038AC24,0x0038AC30,12
FUN_0038ac40,0x0038AC40,0x0038AC58,24
FUN_0038ac78,0x0038AC78,0x0038AC80,8
FUN_0038ac8c,0x0038AC8C,0x0038ACA0,20
FUN_0038aca0,0x0038ACA0,0x0038ACA8,8
FUN_0038acb4,0x0038ACB4,0x0038ACC0,12
FUN_0038ace4,0x0038ACE4,0x0038ACF0,12
FUN_0038acf0,0x0038ACF0,0x0038AD08,24
FUN_0038ad08,0x0038AD08,0x0038AD18,16
FUN_0038ad64,0x0038AD64,0x0038AD70,12
FUN_0038ad70,0x0038AD70,0x0038AD80,16
FUN_0038ada4,0x0038ADA4,0x0038ADB0,12
FUN_0038adb8,0x0038ADB8,0x0038ADD0,24
FUN_0038ae34,0x0038AE34,0x0038AE3C,8
gap_0038ae3c,0x0038AE3C,0x0038AE50,20
gap_0038ae50,0x0038AE50,0x0038AE58,8
FUN_0038afa4,0x0038AFA4,0x0038AFC8,36
FUN_0038afc8,0x0038AFC8,0x0038AFD0,8
FUN_0038afd0,0x0038AFD0,0x0038AFD8,8
FUN_0038b0c4,0x0038B0C4,0x0038B0D0,12
gap_0038b0d0,0x0038B0D0,0x0038B250,384
thunk_EXT_FUN_040c01a0,0x0038B250,0x0038B258,8
FUN_0038b2dc,0x0038B2DC,0x0038B308,44
FUN_0038b308,0x0038B308,0x0038B318,16
FUN_0038b318,0x0038B318,0x0038B320,8
gap_0038b320,0x0038B320,0x0038B518,504
FUN_0038b534,0x0038B534,0x0038B544,16
gap_0038b544,0x0038B544,0x0038B550,12
gap_0038b550,0x0038B550,0x0038B690,320
gap_0038b690,0x0038B690,0x0038B8F8,616
gap_0038b8f8,0x0038B8F8,0x0038B900,8
gap_0038b900,0x0038B900,0x0038B908,8
gap_0038b908,0x0038B908,0x0038B910,8
FUN_0038b9c4,0x0038B9C4,0x0038B9D0,12
FUN_0038b9e8,0x0038B9E8,0x0038B9F0,8
FUN_0038b9f0,0x0038B9F0,0x0038B9F8,8
FUN_0038bae0,0x0038BAE0,0x0038BAE8,8
FUN_0038bb80,0x0038BB80,0x0038BB90,16
FUN_0038bc0c,0x0038BC0C,0x0038BC50,68
FUN_0038bc54,0x0038BC54,0x0038BC60,12
FUN_0038bc64,0x0038BC64,0x0038BC70,12
FUN_0038bc70,0x0038BC70,0x0038BC78,8
FUN_0038bc78,0x0038BC78,0x0038BC80,8
FUN_0038bc80,0x0038BC80,0x0038BC88,8
FUN_0038bc88,0x0038BC88,0x0038BC90,8
gap_0038bc90,0x0038BC90,0x0038BCC0,48
FUN_0038bcc0,0x0038BCC0,0x0038BCC8,8
FUN_0038bccc,0x0038BCCC,0x0038BCD8,12
FUN_0038bcec,0x0038BCEC,0x0038BCF8,12
FUN_0038bcf8,0x0038BCF8,0x0038BD00,8
FUN_0038bd00,0x0038BD00,0x0038BD08,8
FUN_0038bd08,0x0038BD08,0x0038BD28,32
FUN_0038bd28,0x0038BD28,0x0038BD30,8
gap_0038bd30,0x0038BD30,0x0038BD38,8
FUN_0038bd38,0x0038BD38,0x0038BD40,8
FUN_0038bd40,0x0038BD40,0x0038BD48,8
gap_0038bd48,0x0038BD48,0x0038BD50,8
FUN_0038bd50,0x0038BD50,0x0038BD58,8
thunk_EXT_FUN_020c019c,0x0038BE00,0x0038BE04,4
gap_0038be04,0x0038BE04,0x0038BF40,316
gap_0038bf40,0x0038BF40,0x0038BF48,8
FUN_0038c05c,0x0038C05C,0x0038C064,8
gap_0038c064,0x0038C064,0x0038C084,32
thunk_EXT_FUN_0110019c,0x0038C1D8,0x0038C1DC,4
gap_0038c1dc,0x0038C1DC,0x0038C2E8,268
gap_0038c2e8,0x0038C2E8,0x0038C6C0,984
gap_0038c6c0,0x0038C6C0,0x0038C6F0,48
gap_0038c6f0,0x0038C6F0,0x0038C6F8,8
gap_0038c6f8,0x0038C6F8,0x0038C700,8
gap_0038c700,0x0038C700,0x0038C728,40
gap_0038c728,0x0038C728,0x0038C8A0,376
thunk_EXT_FUN_0884dfb0,0x0038C8D8,0x0038C8DC,4
gap_0038c8dc,0x0038C8DC,0x0038C998,188
thunk_EXT_FUN_08a8df94,0x0038C998,0x0038C9A0,8
FUN_0038cbc0,0x0038CBC0,0x0038CBC8,8
FUN_0038cbc8,0x0038CBC8,0x0038CBD0,8
FUN_0038cbdc,0x0038CBDC,0x0038CBE8,12
FUN_0038cbe8,0x0038CBE8,0x0038CBF0,8
FUN_0038cbf4,0x0038CBF4,0x0038CC08,20
gap_0038cc08,0x0038CC08,0x0038CCA8,160
FUN_0038ccb0,0x0038CCB0,0x0038CCB8,8
FUN_0038ccbc,0x0038CCBC,0x0038CCC8,12
FUN_0038cccc,0x0038CCCC,0x0038CCD8,12
FUN_0038ccd8,0x0038CCD8,0x0038CCE0,8
FUN_0038ccec,0x0038CCEC,0x0038CCF8,12
FUN_0038cd1c,0x0038CD1C,0x0038CD28,12
FUN_0038cd28,0x0038CD28,0x0038CD40,24
FUN_0038cd40,0x0038CD40,0x0038CD50,16
FUN_0038cd5c,0x0038CD5C,0x0038CDA0,68
FUN_0038cda4,0x0038CDA4,0x0038CDB0,12
FUN_0038cdb4,0x0038CDB4,0x0038CDC0,12
gap_0038cdc0,0x0038CDC0,0x0038CDC8,8
FUN_0038cdc8,0x0038CDC8,0x0038CDD0,8
FUN_0038cdd0,0x0038CDD0,0x0038CDD8,8
FUN_0038cdd8,0x0038CDD8,0x0038CDE0,8
FUN_0038cde0,0x0038CDE0,0x0038CDF0,16
FUN_0038cdf0,0x0038CDF0,0x0038CE10,32
FUN_0038ce10,0x0038CE10,0x0038CE18,8
FUN_0038ce1c,0x0038CE1C,0x0038CE28,12
FUN_0038ce3c,0x0038CE3C,0x0038CE48,12
FUN_0038ce48,0x0038CE48,0x0038CE50,8
FUN_0038ce50,0x0038CE50,0x0038CE58,8
FUN_0038ce58,0x0038CE58,0x0038CE78,32
FUN_0038ce78,0x0038CE78,0x0038CE80,8
gap_0038ce80,0x0038CE80,0x0038CE88,8
FUN_0038ce88,0x0038CE88,0x0038CE90,8
FUN_0038ce90,0x0038CE90,0x0038CE98,8
FUN_0038ce98,0x0038CE98,0x0038CEA0,8
FUN_0038cea0,0x0038CEA0,0x0038CEA8,8
FUN_0038cea8,0x0038CEA8,0x0038CEB8,16
FUN_0038ceb8,0x0038CEB8,0x0038CED8,32
FUN_0038ced8,0x0038CED8,0x0038CF10,56
FUN_0038cff4,0x0038CFF4,0x0038D038,68
FUN_0038d038,0x0038D038,0x0038D040,8
FUN_0038d040,0x0038D040,0x0038D048,8
FUN_0038d048,0x0038D048,0x0038D050,8
FUN_0038d08c,0x0038D08C,0x0038D0A0,20
FUN_0038d1f0,0x0038D1F0,0x0038D200,16
FUN_0038d3b4,0x0038D3B4,0x0038D3C0,12
FUN_0038d3d4,0x0038D3D4,0x0038D3DC,8
gap_0038d3dc,0x0038D3DC,0x0038D430,84
gap_0038d430,0x0038D430,0x0038D4D8,168
FUN_0038d578,0x0038D578,0x0038D580,8
FUN_0038d598,0x0038D598,0x0038D5A4,12
gap_0038d5a4,0x0038D5A4,0x0038D5F8,84
FUN_0038d620,0x0038D620,0x0038D62C,12
gap_0038d62c,0x0038D62C,0x0038D670,68
FUN_0038d674,0x0038D674,0x0038D690,28
FUN_0038d6f0,0x0038D6F0,0x0038D6F8,8
FUN_0038d6fc,0x0038D6FC,0x0038D710,20
FUN_0038d730,0x0038D730,0x0038D738,8
FUN_0038d740,0x0038D740,0x0038D748,8
thunk_EXT_FUN_00989ffc,0x0038D748,0x0038D74C,4
gap_0038d74c,0x0038D74C,0x0038D888,316
FUN_0038d938,0x0038D938,0x0038D958,32
FUN_0038d960,0x0038D960,0x0038D9A8,72
FUN_0038d9a8,0x0038D9A8,0x0038D9B0,8
FUN_0038d9bc,0x0038D9BC,0x0038D9C8,12
FUN_0038d9ec,0x0038D9EC,0x0038D9F8,12
FUN_0038d9f8,0x0038D9F8,0x0038DA10,24
FUN_0038da10,0x0038DA10,0x0038DA20,16
FUN_0038da2c,0x0038DA2C,0x0038DA70,68
FUN_0038da74,0x0038DA74,0x0038DA80,12
FUN_0038da84,0x0038DA84,0x0038DA90,12
FUN_0038da90,0x0038DA90,0x0038DA98,8
FUN_0038da98,0x0038DA98,0x0038DAA0,8
FUN_0038daa0,0x0038DAA0,0x0038DAA8,8
FUN_0038daa8,0x0038DAA8,0x0038DAB0,8
FUN_0038dab0,0x0038DAB0,0x0038DAE0,48
FUN_0038dae0,0x0038DAE0,0x0038DAE8,8
FUN_0038db0c,0x0038DB0C,0x0038DB18,12
FUN_0038db18,0x0038DB18,0x0038DB20,8
FUN_0038db20,0x0038DB20,0x0038DB28,8
gap_0038db28,0x0038DB28,0x0038DB48,32
FUN_0038db48,0x0038DB48,0x0038DB50,8
gap_0038db50,0x0038DB50,0x0038DB58,8
FUN_0038db58,0x0038DB58,0x0038DB60,8
gap_0038db60,0x0038DB60,0x0038DB68,8
FUN_0038db68,0x0038DB68,0x0038DB70,8
FUN_0038db70,0x0038DB70,0x0038DB78,8
gap_0038db78,0x0038DB78,0x0038DB88,16
FUN_0038db88,0x0038DB88,0x0038DBA8,32
FUN_0038dbec,0x0038DBEC,0x0038DC40,84
FUN_0038dc7c,0x0038DC7C,0x0038DC88,12
gap_0038dc88,0x0038DC88,0x0038DC98,16
gap_0038dc98,0x0038DC98,0x0038DD70,216
gap_0038dd70,0x0038DD70,0x0038E230,1216
gap_0038e230,0x0038E230,0x0038E240,16
thunk_EXT_FUN_010c01a0,0x0038E3B0,0x0038E3B8,8
FUN_0038e7e8,0x0038E7E8,0x0038E7F8,16
FUN_0038e9a4,0x0038E9A4,0x0038E9B0,12
FUN_0038e9bc,0x0038E9BC,0x0038EA00,68
FUN_0038ea04,0x0038EA04,0x0038EA10,12
FUN_0038ea2c,0x0038EA2C,0x0038EA38,12
FUN_0038ea38,0x0038EA38,0x0038EA40,8
FUN_0038ea40,0x0038EA40,0x0038EA48,8
FUN_0038ea4c,0x0038EA4C,0x0038EA58,12
FUN_0038ea58,0x0038EA58,0x0038EA60,8
FUN_0038ea60,0x0038EA60,0x0038EA68,8
FUN_0038ea68,0x0038EA68,0x0038EA70,8
FUN_0038ea70,0x0038EA70,0x0038EA78,8
gap_0038ea78,0x0038EA78,0x0038EA90,24
FUN_0038ea90,0x0038EA90,0x0038EA98,8
FUN_0038ea98,0x0038EA98,0x0038EAA0,8
FUN_0038eaa0,0x0038EAA0,0x0038EAC0,32
FUN_0038eac0,0x0038EAC0,0x0038EAC8,8
thunk_EXT_FUN_0894019c,0x0038EAC8,0x0038EAD0,8
FUN_0038eb0c,0x0038EB0C,0x0038EB18,12
FUN_0038eb1c,0x0038EB1C,0x0038EB30,20
FUN_0038eb34,0x0038EB34,0x0038EB40,12
FUN_0038eb44,0x0038EB44,0x0038EB60,28
FUN_0038eb60,0x0038EB60,0x0038EB80,32
thunk_EXT_FUN_010c01a0_0038ecc8,0x0038ECC8,0x0038ECCC,4
gap_0038eccc,0x0038ECCC,0x0038ECE0,20
gap_0038ece0,0x0038ECE0,0x0038ED00,32
gap_0038ed00,0x0038ED00,0x0038ED08,8
FUN_0038f1a4,0x0038F1A4,0x0038F1B0,12
FUN_0038f234,0x0038F234,0x0038F240,12
FUN_0038f2c4,0x0038F2C4,0x0038F2D0,12
FUN_0038f354,0x0038F354,0x0038F360,12
FUN_0038f3ec,0x0038F3EC,0x0038F3F8,12
FUN_0038f424,0x0038F424,0x0038F458,52
FUN_0038f458,0x0038F458,0x0038F460,8
FUN_0038f460,0x0038F460,0x0038F490,48
FUN_0038f4a4,0x0038F4A4,0x0038F4C0,28
FUN_0038f4c0,0x0038F4C0,0x0038F4D8,24
FUN_0038f50c,0x0038F50C,0x0038F520,20
FUN_0038f520,0x0038F520,0x0038F528,8
FUN_0038f528,0x0038F528,0x0038F530,8
FUN_0038f534,0x0038F534,0x0038F540,12
FUN_0038f55c,0x0038F55C,0x0038F570,20
FUN_0038f6e0,0x0038F6E0,0x0038F708,40
FUN_0038f708,0x0038F708,0x0038F710,8
FUN_0038f714,0x0038F714,0x0038F738,36
FUN_0038f738,0x0038F738,0x0038F740,8
gap_0038f740,0x0038F740,0x0038F748,8
FUN_0038f748,0x0038F748,0x0038F750,8
FUN_0038f750,0x0038F750,0x0038F760,16
FUN_0038f760,0x0038F760,0x0038F770,16
FUN_0038f770,0x0038F770,0x0038F778,8
FUN_0038f85c,0x0038F85C,0x0038F878,28
FUN_0038f9a0,0x0038F9A0,0x0038F9B0,16
FUN_0038f9b0,0x0038F9B0,0x0038F9B8,8
FUN_0038f9dc,0x0038F9DC,0x0038F9E8,12
FUN_0038fa24,0x0038FA24,0x0038FA30,12
FUN_0038faa4,0x0038FAA4,0x0038FAC8,36
FUN_0038fb7c,0x0038FB7C,0x0038FB88,12
FUN_0038fb8c,0x0038FB8C,0x0038FBA0,20
FUN_0038fba4,0x0038FBA4,0x0038FBB8,20
FUN_0038fbc4,0x0038FBC4,0x0038FBD0,12
FUN_0038fcf0,0x0038FCF0,0x0038FD00,16
FUN_0038fd74,0x0038FD74,0x0038FD80,12
FUN_0038fdf4,0x0038FDF4,0x0038FE18,36
FUN_0038fecc,0x0038FECC,0x0038FED8,12
FUN_0038fef4,0x0038FEF4,0x0038FF08,20
FUN_0038ff14,0x0038FF14,0x0038FF20,12
FUN_00390084,0x00390084,0x00390098,20
FUN_003900d4,0x003900D4,0x003900E0,12
FUN_003900e4,0x003900E4,0x003900F0,12
FUN_003900f0,0x003900F0,0x003901FC,268
FUN_0039021c,0x0039021C,0x00390228,12
thunk_EXT_FUN_0c0cdffc_00390230,0x00390230,0x00390238,8
FUN_0039024c,0x0039024C,0x00390254,8
gap_00390254,0x00390254,0x00390290,60
FUN_003902a8,0x003902A8,0x003902AC,4
gap_003902ac,0x003902AC,0x003902F0,68
thunk_EXT_FUN_0c0cdffc_00390350,0x00390350,0x00390358,8
FUN_003904ec,0x003904EC,0x00390508,28
FUN_00390508,0x00390508,0x00390518,16
gap_00390518,0x00390518,0x00390520,8
FUN_00390520,0x00390520,0x00390528,8
FUN_00390528,0x00390528,0x00390530,8
FUN_00390564,0x00390564,0x00390580,28
FUN_003905c8,0x003905C8,0x003905E0,24
FUN_003905e4,0x003905E4,0x00390600,28
FUN_00390660,0x00390660,0x00390670,16
FUN_003906d4,0x003906D4,0x003906E8,20
FUN_003906e8,0x003906E8,0x00390718,48
FUN_00390cf4,0x00390CF4,0x00390CFC,8
FUN_00390d00,0x00390D00,0x00390D10,16
gap_00390d10,0x00390D10,0x0039106C,860
gap_0039106c,0x0039106C,0x00391080,20
FUN_00391080,0x00391080,0x00391110,144
FUN_00391110,0x00391110,0x0039114C,60
FUN_00391150,0x00391150,0x0039119C,76
FUN_003911a0,0x003911A0,0x003911EC,76
FUN_003911f0,0x003911F0,0x00391320,304
FUN_0039142c,0x0039142C,0x00391434,8
FUN_003914a8,0x003914A8,0x003914B4,12
FUN_003914b8,0x003914B8,0x003914C4,12
gap_003914c4,0x003914C4,0x0039173C,632
gap_00391740,0x00391740,0x003917EC,172
FUN_003917f0,0x003917F0,0x0039189C,172
FUN_003918a0,0x003918A0,0x00391960,192
FUN_00391960,0x00391960,0x00391A04,164
gap_00391a08,0x00391A08,0x00391A7C,116
FUN_00391a80,0x00391A80,0x00391B50,208
FUN_00391b50,0x00391B50,0x00391D34,484
gap_00391db8,0x00391DB8,0x00391EA4,236
gap_00391ea4,0x00391EA4,0x00391EB8,20
FUN_00391eb8,0x00391EB8,0x00391ED4,28
FUN_00391ed8,0x00391ED8,0x00391FDC,260
FUN_00391fe0,0x00391FE0,0x0039211C,316
FUN_00392120,0x00392120,0x003922C0,416
FUN_003922c0,0x003922C0,0x003922E0,32
gap_003922e0,0x003922E0,0x00392304,36
FUN_00392308,0x00392308,0x003924E8,480
FUN_00392540,0x00392540,0x00392568,40
FUN_003925b4,0x003925B4,0x003925C0,12
FUN_003925c0,0x003925C0,0x003925E8,40
FUN_00392620,0x00392620,0x00392628,8
FUN_00394b38,0x00394B38,0x00394B40,8
FUN_00394b90,0x00394B90,0x00394B98,8
FUN_00394d80,0x00394D80,0x00394D88,8
FUN_00394d90,0x00394D90,0x00394D98,8
FUN_00394db0,0x00394DB0,0x00394DB8,8
FUN_00394dc0,0x00394DC0,0x00394DC8,8
FUN_00394dd4,0x00394DD4,0x00394E00,44
FUN_003952b0,0x003952B0,0x003952F0,64
FUN_00395690,0x00395690,0x0039569C,12
FUN_00395b20,0x00395B20,0x00395B28,8
FUN_00395b90,0x00395B90,0x00395B98,8
FUN_00395cb0,0x00395CB0,0x00395CB8,8
FUN_00395e24,0x00395E24,0x00395E30,12
FUN_0039607c,0x0039607C,0x00396084,8
FUN_00396324,0x00396324,0x0039632C,8
FUN_00396698,0x00396698,0x003966A4,12
FUN_00396788,0x00396788,0x00396794,12
FUN_00396b24,0x00396B24,0x00396B2C,8
FUN_00396c18,0x00396C18,0x00396C2C,20
FUN_00396d20,0x00396D20,0x00396D2C,12
FUN_00396f18,0x00396F18,0x00396F24,12
FUN_00396ff0,0x00396FF0,0x00396FFC,12
FUN_00396ffc,0x00396FFC,0x00397004,8
FUN_00398504,0x00398504,0x0039850C,8
FUN_00398fd0,0x00398FD0,0x00399018,72
FUN_00399060,0x00399060,0x00399084,36
FUN_00399154,0x00399154,0x00399188,52
FUN_003991c4,0x003991C4,0x003991DC,24
FUN_003993c0,0x003993C0,0x003993E0,32
FUN_003994b0,0x003994B0,0x003994BC,12
FUN_003995a4,0x003995A4,0x003995D8,52
FUN_00399a54,0x00399A54,0x00399A64,16
FUN_00399b60,0x00399B60,0x00399B74,20
FUN_00399b78,0x00399B78,0x00399B80,8
FUN_0039a128,0x0039A128,0x0039A130,8
FUN_0039a5bc,0x0039A5BC,0x0039A5C4,8
FUN_0039a6ec,0x0039A6EC,0x0039A6F4,8
FUN_0039a6f4,0x0039A6F4,0x0039A6FC,8
FUN_0039a884,0x0039A884,0x0039A88C,8
FUN_0039acc0,0x0039ACC0,0x0039ACC8,8
gap_0039accc,0x0039ACCC,0x0039B0D0,1028
FUN_0039b110,0x0039B110,0x0039B11C,12
FUN_0039bf20,0x0039BF20,0x0039BF30,16
FUN_0039bf98,0x0039BF98,0x0039BFA0,8
FUN_0039c148,0x0039C148,0x0039C158,16
FUN_0039c15c,0x0039C15C,0x0039C170,20
FUN_0039c180,0x0039C180,0x0039C188,8
FUN_0039d130,0x0039D130,0x0039D138,8
FUN_0039d140,0x0039D140,0x0039D148,8
FUN_0039d240,0x0039D240,0x0039D248,8
FUN_0039d2b0,0x0039D2B0,0x0039D2B8,8
FUN_0039e0f0,0x0039E0F0,0x0039E100,16
FUN_0039eb68,0x0039EB68,0x0039EB70,8
FUN_0039eee8,0x0039EEE8,0x0039EF00,24
FUN_0039f314,0x0039F314,0x0039F328,20
FUN_0039f350,0x0039F350,0x0039F358,8
FUN_0039f5a8,0x0039F5A8,0x0039F5B4,12
FUN_0039f718,0x0039F718,0x0039F720,8
FUN_0039f7c0,0x0039F7C0,0x0039F7C8,8
FUN_0039f7cc,0x0039F7CC,0x0039F7D4,8
FUN_0039f7fc,0x0039F7FC,0x0039F804,8
FUN_0039f814,0x0039F814,0x0039F81C,8
FUN_0039f81c,0x0039F81C,0x0039F828,12
FUN_0039f828,0x0039F828,0x0039F834,12
FUN_0039f834,0x0039F834,0x0039F840,12
FUN_0039f840,0x0039F840,0x0039F84C,12
FUN_0039f84c,0x0039F84C,0x0039F858,12
FUN_0039f864,0x0039F864,0x0039F870,12
FUN_0039f880,0x0039F880,0x0039F888,8
FUN_0039f888,0x0039F888,0x0039F894,12
FUN_0039f898,0x0039F898,0x0039F8A0,8
FUN_0039f8a4,0x0039F8A4,0x0039F8AC,8
gap_0039f8ac,0x0039F8AC,0x0039F8BC,16
FUN_0039f8bc,0x0039F8BC,0x0039F8C4,8
FUN_0039f8c4,0x0039F8C4,0x0039F8D0,12
FUN_0039f8d4,0x0039F8D4,0x0039F8DC,8
FUN_0039f8e0,0x0039F8E0,0x0039F8E8,8
FUN_0039f8ec,0x0039F8EC,0x0039F8F4,8
FUN_0039f904,0x0039F904,0x0039F90C,8
FUN_0039f910,0x0039F910,0x0039F918,8
FUN_0039f928,0x0039F928,0x0039F930,8
gap_0039f930,0x0039F930,0x0039F940,16
FUN_0039f940,0x0039F940,0x0039F948,8
FUN_0039f94c,0x0039F94C,0x0039F954,8
FUN_0039f964,0x0039F964,0x0039F96C,8
FUN_0039f97c,0x0039F97C,0x0039F984,8
FUN_0039f984,0x0039F984,0x0039F990,12
FUN_0039f99c,0x0039F99C,0x0039F9A8,12
FUN_0039f9b4,0x0039F9B4,0x0039F9C0,12
gap_0039f9c0,0x0039F9C0,0x0039F9D0,16
FUN_0039f9d0,0x0039F9D0,0x0039F9D8,8
FUN_0039f9dc,0x0039F9DC,0x0039F9E4,8
FUN_0039f9e8,0x0039F9E8,0x0039F9F0,8
FUN_0039f9f0,0x0039F9F0,0x0039F9FC,12
FUN_0039f9fc,0x0039F9FC,0x0039FA08,12
FUN_0039fa08,0x0039FA08,0x0039FA14,12
FUN_0039fa18,0x0039FA18,0x0039FA20,8
FUN_0039fa24,0x0039FA24,0x0039FA2C,8
FUN_0039fa30,0x0039FA30,0x0039FA38,8
FUN_0039fa3c,0x0039FA3C,0x0039FA44,8
FUN_0039fa6c,0x0039FA6C,0x0039FA74,8
FUN_0039fa78,0x0039FA78,0x0039FA80,8
FUN_0039fa84,0x0039FA84,0x0039FA8C,8
FUN_0039fa90,0x0039FA90,0x0039FA98,8
FUN_0039fa9c,0x0039FA9C,0x0039FAA4,8
FUN_0039faa8,0x0039FAA8,0x0039FAB0,8
FUN_0039fab4,0x0039FAB4,0x0039FABC,8
FUN_0039fac0,0x0039FAC0,0x0039FAC8,8
gap_0039fac8,0x0039FAC8,0x0039FAD4,12
FUN_0039fae8,0x0039FAE8,0x0039FAF8,16
FUN_0039faf8,0x0039FAF8,0x0039FB04,12
FUN_0039fb08,0x0039FB08,0x0039FB10,8
FUN_0039fb14,0x0039FB14,0x0039FB1C,8
FUN_0039fb1c,0x0039FB1C,0x0039FB28,12
FUN_0039fb2c,0x0039FB2C,0x0039FB34,8
FUN_0039fb3c,0x0039FB3C,0x0039FB4C,16
gap_0039fb4c,0x0039FB4C,0x0039FBFC,176
FUN_0039fca0,0x0039FCA0,0x0039FCB4,20
FUN_0039fcbc,0x0039FCBC,0x0039FCC8,12
FUN_0039fcd0,0x0039FCD0,0x0039FCE4,20
FUN_0039fce4,0x0039FCE4,0x0039FCF8,20
FUN_0039fcf8,0x0039FCF8,0x0039FD18,32
FUN_0039fd1c,0x0039FD1C,0x0039FD2C,16
FUN_0039fd30,0x0039FD30,0x0039FD40,16
FUN_0039fd80,0x0039FD80,0x0039FD8C,12
gap_0039fd8c,0x0039FD8C,0x003A0B84,3576
FUN_003a0b84,0x003A0B84,0x003A0B90,12
FUN_003a0b98,0x003A0B98,0x003A0BA0,8
gap_003a0ba0,0x003A0BA0,0x003A0BA8,8
gap_003a0ba8,0x003A0BA8,0x003A0BB0,8
FUN_003a0bb8,0x003A0BB8,0x003A0BC0,8
FUN_003a0bc8,0x003A0BC8,0x003A0BD8,16
FUN_003a0bd8,0x003A0BD8,0x003A0BE0,8
FUN_003a0be0,0x003A0BE0,0x003A0BE8,8
FUN_003a0be8,0x003A0BE8,0x003A0BF0,8
gap_003a0bf0,0x003A0BF0,0x003A0C10,32
gap_003a0c10,0x003A0C10,0x003A0C18,8
gap_003a0c18,0x003A0C18,0x003A0C20,8
gap_003a0c20,0x003A0C20,0x003A0C28,8
gap_003a0c28,0x003A0C28,0x003A0C30,8
gap_003a0c30,0x003A0C30,0x003A0C38,8
gap_003a0c38,0x003A0C38,0x003A0C40,8
gap_003a0c40,0x003A0C40,0x003A0C54,20
gap_003a0c54,0x003A0C54,0x003A0C5C,8
FUN_003a0c5c,0x003A0C5C,0x003A0C68,12
FUN_003a0c70,0x003A0C70,0x003A0C78,8
gap_003a0c78,0x003A0C78,0x003A0C80,8
gap_003a0c80,0x003A0C80,0x003A0C88,8
FUN_003a0c90,0x003A0C90,0x003A0C98,8
FUN_003a0ca0,0x003A0CA0,0x003A0CA8,8
gap_003a0ca8,0x003A0CA8,0x003A0CB0,8
FUN_003a0cb0,0x003A0CB0,0x003A0CB8,8
FUN_003a0cb8,0x003A0CB8,0x003A0CC0,8
FUN_003a0cc0,0x003A0CC0,0x003A0CC8,8
gap_003a0cc8,0x003A0CC8,0x003A0CE8,32
gap_003a0ce8,0x003A0CE8,0x003A0CF0,8
gap_003a0cf0,0x003A0CF0,0x003A0CF8,8
gap_003a0cf8,0x003A0CF8,0x003A0D00,8
gap_003a0d00,0x003A0D00,0x003A0D08,8
gap_003a0d08,0x003A0D08,0x003A0D10,8
gap_003a0d10,0x003A0D10,0x003A0D18,8
FUN_003a0d24,0x003A0D24,0x003A0D2C,8
gap_003a0d2c,0x003A0D2C,0x003A0D34,8
FUN_003a0d34,0x003A0D34,0x003A0D40,12
FUN_003a0d40,0x003A0D40,0x003A0D50,16
gap_003a0d50,0x003A0D50,0x003A0D58,8
gap_003a0d58,0x003A0D58,0x003A0D60,8
FUN_003a0d68,0x003A0D68,0x003A0D70,8
FUN_003a0d78,0x003A0D78,0x003A0D80,8
gap_003a0d80,0x003A0D80,0x003A0D88,8
FUN_003a0d88,0x003A0D88,0x003A0D90,8
gap_003a0d90,0x003A0D90,0x003A0D98,8
gap_003a0d98,0x003A0D98,0x003A0E18,128
gap_003a0e18,0x003A0E18,0x003A0E20,8
gap_003a0e20,0x003A0E20,0x003A0E30,16
FUN_003a0e64,0x003A0E64,0x003A0E70,12
FUN_003a1da0,0x003A1DA0,0x003A1DA8,8
FUN_003a2170,0x003A2170,0x003A217C,12
FUN_003a21d0,0x003A21D0,0x003A21DC,12
FUN_003a2624,0x003A2624,0x003A262C,8
FUN_003a2630,0x003A2630,0x003A2638,8
FUN_003a2654,0x003A2654,0x003A265C,8
FUN_003a2660,0x003A2660,0x003A2668,8
FUN_003a2684,0x003A2684,0x003A268C,8
FUN_003a2690,0x003A2690,0x003A2698,8
FUN_003a269c,0x003A269C,0x003A26A4,8
FUN_003a2738,0x003A2738,0x003A274C,20
FUN_003a2800,0x003A2800,0x003A2808,8
FUN_003a2808,0x003A2808,0x003A2810,8
FUN_003a2878,0x003A2878,0x003A2890,24
FUN_003a29d8,0x003A29D8,0x003A29F0,24
thunk_EXT_FUN_00000000,0x003A29F8,0x003A2A00,8
thunk_EXT_FUN_00000000_003a2a00,0x003A2A00,0x003A2A08,8
FUN_003a2a10,0x003A2A10,0x003A2A18,8
FUN_003a2a18,0x003A2A18,0x003A2A20,8
FUN_003a2a2c,0x003A2A2C,0x003A2A34,8
FUN_003a2a34,0x003A2A34,0x003A2A3C,8
FUN_003a2ac0,0x003A2AC0,0x003A2AF0,48
FUN_003a2d48,0x003A2D48,0x003A2D58,16
FUN_003a3664,0x003A3664,0x003A366C,8
FUN_003a5f38,0x003A5F38,0x003A5F44,12
FUN_003a5f54,0x003A5F54,0x003A5F60,12
FUN_003a5f8c,0x003A5F8C,0x003A5F98,12
FUN_003a5fa8,0x003A5FA8,0x003A5FB4,12
FUN_003a5fb8,0x003A5FB8,0x003A5FF8,64
FUN_003a726c,0x003A726C,0x003A7274,8
FUN_003a72ac,0x003A72AC,0x003A72B4,8
FUN_003a72ec,0x003A72EC,0x003A72F4,8
FUN_003a732c,0x003A732C,0x003A7334,8
FUN_003a736c,0x003A736C,0x003A7374,8
FUN_003a8590,0x003A8590,0x003A8598,8
FUN_003a9310,0x003A9310,0x003A931C,12
FUN_003a9460,0x003A9460,0x003A947C,28
FUN_003a95f0,0x003A95F0,0x003A95F8,8
FUN_003a9a50,0x003A9A50,0x003A9A5C,12
FUN_003a9b00,0x003A9B00,0x003A9B0C,12
FUN_003a9d40,0x003A9D40,0x003A9D4C,12
FUN_003a9dc0,0x003A9DC0,0x003A9DCC,12
FUN_003a9de0,0x003A9DE0,0x003A9DEC,12
FUN_003a9e60,0x003A9E60,0x003A9E6C,12
FUN_003a9ee0,0x003A9EE0,0x003A9EEC,12
FUN_003aa040,0x003AA040,0x003AA04C,12
FUN_003aa1b4,0x003AA1B4,0x003AA1BC,8
FUN_003aa1d4,0x003AA1D4,0x003AA1DC,8
FUN_003aa1e4,0x003AA1E4,0x003AA1FC,24
FUN_003aa3e4,0x003AA3E4,0x003AA3F8,20
FUN_003aa424,0x003AA424,0x003AA43C,24
FUN_003aa4d0,0x003AA4D0,0x003AA4DC,12
FUN_003aa790,0x003AA790,0x003AA79C,12
FUN_003aa950,0x003AA950,0x003AA95C,12
FUN_003aaaf0,0x003AAAF0,0x003AAAFC,12
FUN_003aabd8,0x003AABD8,0x003AABE8,16
FUN_003ada30,0x003ADA30,0x003ADA38,8
FUN_003adab0,0x003ADAB0,0x003ADAB8,8
FUN_003ade70,0x003ADE70,0x003ADE78,8
FUN_003aec64,0x003AEC64,0x003AEC6C,8
FUN_003afaf0,0x003AFAF0,0x003AFAFC,12
FUN_003b0ca8,0x003B0CA8,0x003B0CB4,12
FUN_003b0cc4,0x003B0CC4,0x003B0CD0,12
FUN_003b2400,0x003B2400,0x003B243C,60
FUN_003b28bc,0x003B28BC,0x003B28C4,8
FUN_003b2a64,0x003B2A64,0x003B2A6C,8
FUN_003b2a6c,0x003B2A6C,0x003B2A74,8
gap_003b2a78,0x003B2A78,0x003C4B18,73888
gap_003b2d90,0x003B2D90,0x003B2E3C,172
gap_003b2e40,0x003B2E40,0x003B2E70,48
gap_003b2e70,0x003B2E70,0x003B2E9C,44
gap_003b2ea0,0x003B2EA0,0x003B2F58,184
gap_003b2f58,0x003B2F58,0x003B2F98,64
gap_003b2f98,0x003B2F98,0x003B35B0,1560
gap_003b35b0,0x003B35B0,0x003B3674,196
gap_003b3678,0x003B3678,0x003B37A0,296
FUN_003b37f0,0x003B37F0,0x003B3800,16
FUN_003b3a88,0x003B3A88,0x003B3A90,8
FUN_003b3ca0,0x003B3CA0,0x003B3CA8,8
gap_003b3ca8,0x003B3CA8,0x003B3CDC,52
FUN_003b3df8,0x003B3DF8,0x003B3E08,16
FUN_003b3e10,0x003B3E10,0x003B3E18,8
FUN_003b44c8,0x003B44C8,0x003B44D4,12
FUN_003b46c0,0x003B46C0,0x003B46CC,12
FUN_003b47f8,0x003B47F8,0x003B4800,8
FUN_003b4850,0x003B4850,0x003B4860,16
FUN_003b48c8,0x003B48C8,0x003B48D0,8
FUN_003b48dc,0x003B48DC,0x003B48E8,12
FUN_003b49c0,0x003B49C0,0x003B49D0,16
FUN_003b49f8,0x003B49F8,0x003B4A00,8
gap_003b4a00,0x003B4A00,0x003B4BD0,464
gap_003b4bd0,0x003B4BD0,0x003B4DBC,492
gap_003b4dc0,0x003B4DC0,0x003B4DEC,44
gap_003b4df0,0x003B4DF0,0x003B5010,544
gap_003b5010,0x003B5010,0x003B5344,820
FUN_003b5688,0x003B5688,0x003B56A0,24
gap_003b56a0,0x003B56A0,0x003B5890,496
gap_003b5890,0x003B5890,0x003B5898,8
gap_003b5898,0x003B5898,0x003B58A0,8
gap_003b58a0,0x003B58A0,0x003B58A8,8
gap_003b58a8,0x003B58A8,0x003B58B0,8
gap_003b58b0,0x003B58B0,0x003B58B8,8
gap_003b58b8,0x003B58B8,0x003B58C0,8
gap_003b58c0,0x003B58C0,0x003B58C8,8
gap_003b58c8,0x003B58C8,0x003B58D0,8
gap_003b58d0,0x003B58D0,0x003B58D8,8
gap_003b58d8,0x003B58D8,0x003B58E0,8
gap_003b58e0,0x003B58E0,0x003B58E8,8
gap_003b58e8,0x003B58E8,0x003B58F0,8
gap_003b58f0,0x003B58F0,0x003B58F8,8
gap_003b58f8,0x003B58F8,0x003B5900,8
gap_003b5900,0x003B5900,0x003B5908,8
gap_003b5908,0x003B5908,0x003B5990,136
gap_003b5990,0x003B5990,0x003B5998,8
gap_003b5998,0x003B5998,0x003B59A0,8
gap_003b59a0,0x003B59A0,0x003B59A8,8
gap_003b59a8,0x003B59A8,0x003B59B0,8
gap_003b59b0,0x003B59B0,0x003B59B8,8
gap_003b59b8,0x003B59B8,0x003B59C0,8
gap_003b59c0,0x003B59C0,0x003B59C8,8
gap_003b59c8,0x003B59C8,0x003B59D0,8
gap_003b59d0,0x003B59D0,0x003B59D8,8
gap_003b59d8,0x003B59D8,0x003B59E0,8
gap_003b59e0,0x003B59E0,0x003B59E8,8
gap_003b59e8,0x003B59E8,0x003B59F0,8
gap_003b59f0,0x003B59F0,0x003B59F8,8
gap_003b59f8,0x003B59F8,0x003B5A00,8
gap_003b5a00,0x003B5A00,0x003B5A08,8
gap_003b5a08,0x003B5A08,0x003B5A90,136
gap_003b5a90,0x003B5A90,0x003B5A98,8
gap_003b5a98,0x003B5A98,0x003B5AA0,8
gap_003b5aa0,0x003B5AA0,0x003B5AA8,8
gap_003b5aa8,0x003B5AA8,0x003B5AB0,8
gap_003b5ab0,0x003B5AB0,0x003B5AB8,8
gap_003b5ab8,0x003B5AB8,0x003B5AC0,8
gap_003b5ac0,0x003B5AC0,0x003B5AC8,8
gap_003b5ac8,0x003B5AC8,0x003B5AD0,8
gap_003b5ad0,0x003B5AD0,0x003B5AD8,8
gap_003b5ad8,0x003B5AD8,0x003B5AE0,8
gap_003b5ae0,0x003B5AE0,0x003B5AE8,8
gap_003b5ae8,0x003B5AE8,0x003B5AF0,8
gap_003b5af0,0x003B5AF0,0x003B5AF8,8
gap_003b5af8,0x003B5AF8,0x003B5B00,8
gap_003b5b00,0x003B5B00,0x003B5B08,8
gap_003b5b08,0x003B5B08,0x003B5B90,136
gap_003b5b90,0x003B5B90,0x003B5B98,8
gap_003b5b98,0x003B5B98,0x003B5BA0,8
gap_003b5ba0,0x003B5BA0,0x003B5BA8,8
gap_003b5ba8,0x003B5BA8,0x003B5BB0,8
gap_003b5bb0,0x003B5BB0,0x003B5BB8,8
gap_003b5bb8,0x003B5BB8,0x003B5BC0,8
gap_003b5bc0,0x003B5BC0,0x003B5BC8,8
gap_003b5bc8,0x003B5BC8,0x003B5BD0,8
gap_003b5bd0,0x003B5BD0,0x003B5BD8,8
gap_003b5bd8,0x003B5BD8,0x003B5BE0,8
gap_003b5be0,0x003B5BE0,0x003B5BE8,8
gap_003b5be8,0x003B5BE8,0x003B5BF0,8
gap_003b5bf0,0x003B5BF0,0x003B5BF8,8
gap_003b5bf8,0x003B5BF8,0x003B5C04,12
FUN_003b5c04,0x003B5C04,0x003B5C0C,8
FUN_003b5cd0,0x003B5CD0,0x003B5CF0,32
FUN_003b5d60,0x003B5D60,0x003B5D68,8
gap_003b5d68,0x003B5D68,0x003B5DB8,80
FUN_003b5de0,0x003B5DE0,0x003B5E00,32
gap_003b5e00,0x003B5E00,0x003B5E68,104
FUN_003b5e78,0x003B5E78,0x003B5E80,8
FUN_003b5fe8,0x003B5FE8,0x003B5FF0,8
FUN_003b6010,0x003B6010,0x003B6020,16
FUN_003b6070,0x003B6070,0x003B608C,28
gap_003b608c,0x003B608C,0x003B614C,192
FUN_003b6160,0x003B6160,0x003B6170,16
gap_003b6170,0x003B6170,0x003B6218,168
gap_003b6218,0x003B6218,0x003B6294,124
FUN_003b6298,0x003B6298,0x003B62A0,8
FUN_003b65d8,0x003B65D8,0x003B65F0,24
FUN_003b6690,0x003B6690,0x003B6698,8
FUN_003b66c0,0x003B66C0,0x003B66D0,16
FUN_003b6700,0x003B6700,0x003B6708,8
FUN_003b6718,0x003B6718,0x003B6720,8
gap_003b6720,0x003B6720,0x003B6748,40
gap_003b6750,0x003B6750,0x003B676C,28
gap_003b6770,0x003B6770,0x003B67B8,72
FUN_003b6818,0x003B6818,0x003B6824,12
FUN_003b6948,0x003B6948,0x003B6950,8
FUN_003b6a28,0x003B6A28,0x003B6A34,12
FUN_003b6ac8,0x003B6AC8,0x003B6AD0,8
gap_003b6ad0,0x003B6AD0,0x003B6B10,64
FUN_003b6b30,0x003B6B30,0x003B6B48,24
FUN_003b6b70,0x003B6B70,0x003B6B78,8
FUN_003b6bc0,0x003B6BC0,0x003B6BC8,8
gap_003b6bc8,0x003B6BC8,0x003B6BE4,28
FUN_003b6bf0,0x003B6BF0,0x003B6C10,32
FUN_003b6cf0,0x003B6CF0,0x003B6D00,16
FUN_003b6d08,0x003B6D08,0x003B6D10,8
FUN_003b6db8,0x003B6DB8,0x003B6DC0,8
FUN_003b6df0,0x003B6DF0,0x003B6E00,16
FUN_003b6e60,0x003B6E60,0x003B6E68,8
FUN_003b6e90,0x003B6E90,0x003B6EA0,16
FUN_003b6eb8,0x003B6EB8,0x003B6EC0,8
FUN_003b6f00,0x003B6F00,0x003B6F08,8
FUN_003b6f30,0x003B6F30,0x003B6F38,8
FUN_003b6f40,0x003B6F40,0x003B6F48,8
FUN_003b6f98,0x003B6F98,0x003B6FB0,24
FUN_003b7018,0x003B7018,0x003B7020,8
FUN_003b7050,0x003B7050,0x003B7060,16
FUN_003b70f0,0x003B70F0,0x003B7108,24
FUN_003b72c8,0x003B72C8,0x003B72D0,8
FUN_003b7340,0x003B7340,0x003B7350,16
FUN_003b7490,0x003B7490,0x003B7498,8
FUN_003b74c0,0x003B74C0,0x003B74C8,8
FUN_003b74d0,0x003B74D0,0x003B74E0,16
FUN_003b74f0,0x003B74F0,0x003B74F8,8
FUN_003b76b0,0x003B76B0,0x003B76BC,12
gap_003b76bc,0x003B76BC,0x003B787C,448
FUN_003b78c8,0x003B78C8,0x003B78D8,16
gap_003b78d8,0x003B78D8,0x003B7928,80
gap_003b7928,0x003B7928,0x003C3B70,49736
FUN_003b7a78,0x003B7A78,0x003B7A80,8
gap_003b7a80,0x003B7A80,0x003B7B9C,284
gap_003b7ba0,0x003B7BA0,0x003B7C34,148
FUN_003b7cb0,0x003B7CB0,0x003B7CC0,16
FUN_003b7da0,0x003B7DA0,0x003B7DB0,16
FUN_003b7dc0,0x003B7DC0,0x003B7EC4,260
gap_003b7ec4,0x003B7EC4,0x003B7F8C,200
FUN_003b8020,0x003B8020,0x003B8030,16
gap_003b8030,0x003B8030,0x003B8204,468
FUN_003b82d0,0x003B82D0,0x003B82E0,16
gap_003b82e0,0x003B82E0,0x003B8368,136
FUN_003b8368,0x003B8368,0x003B8370,8
FUN_003b83d0,0x003B83D0,0x003B83D8,8
gap_003b83d8,0x003B83D8,0x003B848C,180
FUN_003b84a8,0x003B84A8,0x003B84B0,8
gap_003b84b0,0x003B84B0,0x003B8504,84
FUN_003b8830,0x003B8830,0x003B8838,8
FUN_003b883c,0x003B883C,0x003B885C,32
FUN_003ba490,0x003BA490,0x003BA4A0,16
gap_003ba4a0,0x003BA4A0,0x003BA4BC,28
FUN_003ba4c0,0x003BA4C0,0x003BA4D0,16
FUN_003ba500,0x003BA500,0x003BA510,16
gap_003ba510,0x003BA510,0x003BA548,56
FUN_003baca0,0x003BACA0,0x003BACA8,8
FUN_003bacb8,0x003BACB8,0x003BACC0,8
FUN_003bad00,0x003BAD00,0x003BAD08,8
FUN_003bade0,0x003BADE0,0x003BADF0,16
FUN_003bae28,0x003BAE28,0x003BAE30,8
gap_003bae30,0x003BAE30,0x003BAE78,72
gap_003bae80,0x003BAE80,0x003BAEB0,48
FUN_003baf28,0x003BAF28,0x003BAF30,8
FUN_003baf90,0x003BAF90,0x003BAF98,8
FUN_003bb078,0x003BB078,0x003BB080,8
FUN_003bb0b0,0x003BB0B0,0x003BB0D4,36
FUN_003bb0d8,0x003BB0D8,0x003BB0E8,16
FUN_003bb120,0x003BB120,0x003BB128,8
FUN_003bb130,0x003BB130,0x003BB13C,12
gap_003bb13c,0x003BB13C,0x003BB1E8,172
gap_003bb1f0,0x003BB1F0,0x003BB304,276
FUN_003bb328,0x003BB328,0x003BB378,80
gap_003bb378,0x003BB378,0x003BB388,16
FUN_003bb4d0,0x003BB4D0,0x003BB4E0,16
FUN_003bb560,0x003BB560,0x003BB56C,12
FUN_003bb5d8,0x003BB5D8,0x003BB5E0,8
FUN_003bb5f0,0x003BB5F0,0x003BB5F8,8
FUN_003bb648,0x003BB648,0x003BB650,8
FUN_003bb738,0x003BB738,0x003BB748,16
FUN_003bb778,0x003BB778,0x003BB780,8
FUN_003bb790,0x003BB790,0x003BB798,8
FUN_003bb828,0x003BB828,0x003BB830,8
FUN_003bb8c0,0x003BB8C0,0x003BB8C8,8
FUN_003bb920,0x003BB920,0x003BB928,8
FUN_003bbab0,0x003BBAB0,0x003BBAE8,56
FUN_003bbb28,0x003BBB28,0x003BBB30,8
FUN_003bbb38,0x003BBB38,0x003BBB40,8
FUN_003bbb88,0x003BBB88,0x003BBBA0,24
FUN_003bbbf0,0x003BBBF0,0x003BBBF8,8
FUN_003bbc30,0x003BBC30,0x003BBC38,8
gap_003bbc38,0x003BBC38,0x003BBD70,312
FUN_003bbd70,0x003BBD70,0x003BBD80,16
FUN_003bbdb0,0x003BBDB0,0x003BBDC0,16
FUN_003bbe18,0x003BBE18,0x003BBE40,40
FUN_003bbf00,0x003BBF00,0x003BBF28,40
FUN_003bbf30,0x003BBF30,0x003BBF38,8
FUN_003bbf40,0x003BBF40,0x003BBF48,8
gap_003bbf48,0x003BBF48,0x003BBF5C,20
FUN_003bc048,0x003BC048,0x003BC060,24
gap_003bc060,0x003BC060,0x003BC3A8,840
gap_003bc3b0,0x003BC3B0,0x003BC418,104
gap_003bc420,0x003BC420,0x003BC478,88
gap_003bc480,0x003BC480,0x003BC5C8,328
gap_003bc5d0,0x003BC5D0,0x003BC5F8,40
FUN_003bc728,0x003BC728,0x003BC73C,20
FUN_003bc748,0x003BC748,0x003BC780,56
FUN_003bc7a0,0x003BC7A0,0x003BC7B8,24
FUN_003bc7f8,0x003BC7F8,0x003BC804,12
FUN_003bc8c8,0x003BC8C8,0x003BC8D0,8
FUN_003bc8f0,0x003BC8F0,0x003BC900,16
FUN_003bc950,0x003BC950,0x003BC960,16
FUN_003bc970,0x003BC970,0x003BC980,16
gap_003bc980,0x003BC980,0x003BCA44,196
gap_003bca50,0x003BCA50,0x003BCA84,52
FUN_003bceb0,0x003BCEB0,0x003BCEC0,16
FUN_003bcfe0,0x003BCFE0,0x003BCFE8,8
FUN_003bcff0,0x003BCFF0,0x003BD000,16
FUN_003bd058,0x003BD058,0x003BD060,8
FUN_003bd158,0x003BD158,0x003BD168,16
FUN_003bd188,0x003BD188,0x003BD190,8
FUN_003bd298,0x003BD298,0x003BD2A0,8
FUN_003bd2a8,0x003BD2A8,0x003BD2B8,16
FUN_003bd2e8,0x003BD2E8,0x003BD2F8,16
FUN_003bd380,0x003BD380,0x003BD398,24
FUN_003bd830,0x003BD830,0x003BD83C,12
FUN_003bd870,0x003BD870,0x003BD880,16
FUN_003bda00,0x003BDA00,0x003BDA18,24
gap_003bda18,0x003BDA18,0x003BDA80,104
FUN_003bdae0,0x003BDAE0,0x003BDAE8,8
gap_003bdae8,0x003BDAE8,0x003BDB40,88
FUN_003bdc20,0x003BDC20,0x003BDC28,8
FUN_003bdc48,0x003BDC48,0x003BDC50,8
FUN_003bdc60,0x003BDC60,0x003BDC68,8
FUN_003bdc78,0x003BDC78,0x003BDC80,8
FUN_003bdc90,0x003BDC90,0x003BDC98,8
FUN_003bdca8,0x003BDCA8,0x003BDCB0,8
FUN_003bdcc0,0x003BDCC0,0x003BDCD0,16
FUN_003bdce0,0x003BDCE0,0x003BDD00,32
FUN_003bdd08,0x003BDD08,0x003BDD10,8
gap_003bdd10,0x003BDD10,0x003BDDA8,152
gap_003bdda8,0x003BDDA8,0x003BDDCC,36
gap_003bddd0,0x003BDDD0,0x003BDDD8,8
gap_003bddd8,0x003BDDD8,0x003BDDF8,32
FUN_003bde20,0x003BDE20,0x003BDE28,8
FUN_003bde90,0x003BDE90,0x003BDE98,8
FUN_003bdeb0,0x003BDEB0,0x003BDEC8,24
FUN_003bdee0,0x003BDEE0,0x003BDEE8,8
FUN_003bdef8,0x003BDEF8,0x003BDF00,8
FUN_003bdf68,0x003BDF68,0x003BDF70,8
FUN_003bdf78,0x003BDF78,0x003BDF88,16
FUN_003be038,0x003BE038,0x003BE048,16
gap_003be048,0x003BE048,0x003BE068,32
FUN_003be070,0x003BE070,0x003BE078,8
gap_003be078,0x003BE078,0x003BE1B4,316
gap_003be1c0,0x003BE1C0,0x003BE250,144
FUN_003be500,0x003BE500,0x003BE510,16
FUN_003be528,0x003BE528,0x003BE530,8
FUN_003be550,0x003BE550,0x003BE558,8
gap_003be558,0x003BE558,0x003BE608,176
gap_003be610,0x003BE610,0x003BE658,72
gap_003be658,0x003BE658,0x003BE694,60
gap_003be6a0,0x003BE6A0,0x003BE6F8,88
FUN_003be710,0x003BE710,0x003BE718,8
gap_003be718,0x003BE718,0x003BE750,56
gap_003be750,0x003BE750,0x003BE75C,12
gap_003be760,0x003BE760,0x003BE778,24
FUN_003bf018,0x003BF018,0x003BF05C,68
FUN_003bf060,0x003BF060,0x003BF078,24
FUN_003bf290,0x003BF290,0x003BF2A0,16
FUN_003bf340,0x003BF340,0x003BF360,32
FUN_003bf360,0x003BF360,0x003BF378,24
FUN_003bf378,0x003BF378,0x003BF398,32
FUN_003bf420,0x003BF420,0x003BF47C,92
FUN_003bf480,0x003BF480,0x003BF4F8,120
FUN_003bf618,0x003BF618,0x003BF63C,36
gap_003bf63c,0x003BF63C,0x003BF918,732
FUN_003bfa50,0x003BFA50,0x003BFA58,8
FUN_003bfb00,0x003BFB00,0x003BFB08,8
FUN_003bfc30,0x003BFC30,0x003BFC40,16
FUN_003bfc80,0x003BFC80,0x003BFC90,16
FUN_003bfcb0,0x003BFCB0,0x003BFCC0,16
gap_003bfcc0,0x003BFCC0,0x003BFD04,68
FUN_003bfd20,0x003BFD20,0x003BFD2C,12
FUN_003bfd30,0x003BFD30,0x003BFD40,16
FUN_003bfe58,0x003BFE58,0x003BFE60,8
FUN_003bff30,0x003BFF30,0x003BFF40,16
FUN_003bffe8,0x003BFFE8,0x003C0008,32
FUN_003c0040,0x003C0040,0x003C0048,8
FUN_003c0088,0x003C0088,0x003C0090,8
gap_003c0090,0x003C0090,0x003C0134,164
FUN_003c0188,0x003C0188,0x003C01B0,40
gap_003c01b0,0x003C01B0,0x003C0258,168
gap_003c0258,0x003C0258,0x003C0278,32
FUN_003c0298,0x003C0298,0x003C02A0,8
gap_003c02a0,0x003C02A0,0x003C02C8,40
gap_003c02c8,0x003C02C8,0x003C02D8,16
gap_003c02e0,0x003C02E0,0x003C0328,72
gap_003c0328,0x003C0328,0x003C0348,32
gap_003c0350,0x003C0350,0x003C03A8,88
gap_003c03a8,0x003C03A8,0x003C03CC,36
gap_003c03d0,0x003C03D0,0x003C03F8,40
gap_003c03f8,0x003C03F8,0x003C0414,28
gap_003c0420,0x003C0420,0x003C04A8,136
gap_003c04a8,0x003C04A8,0x003C04CC,36
gap_003c04d0,0x003C04D0,0x003C0518,72
gap_003c0518,0x003C0518,0x003C0538,32
gap_003c0540,0x003C0540,0x003C0588,72
gap_003c0588,0x003C0588,0x003C05A4,28
thunk_EXT_FUN_08a59894,0x003C06FC,0x003C0704,8
FUN_003c0780,0x003C0780,0x003C0790,16
FUN_003c07d8,0x003C07D8,0x003C07E0,8
FUN_003c07f0,0x003C07F0,0x003C07F8,8
FUN_003c0838,0x003C0838,0x003C0840,8
FUN_003c0938,0x003C0938,0x003C0940,8
FUN_003c09b8,0x003C09B8,0x003C09C0,8
FUN_003c09c8,0x003C09C8,0x003C09D0,8
FUN_003c09d8,0x003C09D8,0x003C09F0,24
FUN_003c09f8,0x003C09F8,0x003C0A08,16
FUN_003c0aa0,0x003C0AA0,0x003C0AC0,32
FUN_003c0b38,0x003C0B38,0x003C0B40,8
gap_003c0b40,0x003C0B40,0x003C0B58,24
FUN_003c0b60,0x003C0B60,0x003C0B80,32
FUN_003c0ce8,0x003C0CE8,0x003C0CF4,12
FUN_003c0d10,0x003C0D10,0x003C0D1C,12
FUN_003c0d80,0x003C0D80,0x003C0D8C,12
FUN_003c0d98,0x003C0D98,0x003C0DA0,8
FUN_003c0db0,0x003C0DB0,0x003C0DC0,16
FUN_003c0df0,0x003C0DF0,0x003C0E00,16
FUN_003c0e28,0x003C0E28,0x003C0E38,16
FUN_003c0e40,0x003C0E40,0x003C0E68,40
FUN_003c0e80,0x003C0E80,0x003C0E88,8
FUN_003c0ed8,0x003C0ED8,0x003C0EE8,16
FUN_003c0ef0,0x003C0EF0,0x003C0EF8,8
FUN_003c0f00,0x003C0F00,0x003C0F0C,12
FUN_003c0f20,0x003C0F20,0x003C0F28,8
FUN_003c0f50,0x003C0F50,0x003C0F58,8
FUN_003c0f60,0x003C0F60,0x003C0F68,8
FUN_003c0f70,0x003C0F70,0x003C0F78,8
FUN_003c0f80,0x003C0F80,0x003C0F88,8
FUN_003c0f90,0x003C0F90,0x003C0F9C,12
FUN_003c0fe0,0x003C0FE0,0x003C1028,72
FUN_003c1058,0x003C1058,0x003C1060,8
FUN_003c1088,0x003C1088,0x003C10A0,24
FUN_003c11c8,0x003C11C8,0x003C11D0,8
FUN_003c123c,0x003C123C,0x003C1258,28
FUN_003c1318,0x003C1318,0x003C1320,8
gap_003c1320,0x003C1320,0x003C1384,100
gap_003c1388,0x003C1388,0x003C1450,200
gap_003c1450,0x003C1450,0x003C1494,68
FUN_003c1b90,0x003C1B90,0x003C1B9C,12
FUN_003c1c58,0x003C1C58,0x003C1C60,8
FUN_003c1d20,0x003C1D20,0x003C1D40,32
FUN_003c1d70,0x003C1D70,0x003C1DA0,48
gap_003c1da0,0x003C1DA0,0x003C1E0C,108
gap_003c1e0c,0x003C1E0C,0x003C1E28,28
gap_003c1e30,0x003C1E30,0x003C1E3C,12
gap_003c1e3c,0x003C1E3C,0x003C1E58,28
FUN_003c25b8,0x003C25B8,0x003C25C8,16
gap_003c25c8,0x003C25C8,0x003C2778,432
FUN_003c2810,0x003C2810,0x003C2820,16
thunk_EXT_FUN_099094ac,0x003C2840,0x003C2848,8
thunk_EXT_FUN_08b8b8b8,0x003C28A0,0x003C28A8,8
FUN_003c2980,0x003C2980,0x003C2988,8
FUN_003c29c0,0x003C29C0,0x003C29D0,16
FUN_003c2a60,0x003C2A60,0x003C2A6C,12
FUN_003c2b20,0x003C2B20,0x003C2B34,20
FUN_003c2b38,0x003C2B38,0x003C2B44,12
FUN_003c2b84,0x003C2B84,0x003C2B98,20
FUN_003c2bc0,0x003C2BC0,0x003C2BC8,8
FUN_003c2bcc,0x003C2BCC,0x003C2BD8,12
FUN_003c2be0,0x003C2BE0,0x003C2BE8,8
FUN_003c2bec,0x003C2BEC,0x003C2BF8,12
FUN_003c2ce4,0x003C2CE4,0x003C2D20,60
gap_003c2d20,0x003C2D20,0x003C2DD8,184
gap_003c2dd8,0x003C2DD8,0x003C2DFC,36
gap_003c2e00,0x003C2E00,0x003C2E90,144
FUN_003c3680,0x003C3680,0x003C3690,16
FUN_003c3700,0x003C3700,0x003C3710,16
FUN_003c3738,0x003C3738,0x003C3740,8
FUN_003c3758,0x003C3758,0x003C3760,8
gap_003c3760,0x003C3760,0x003C37E8,136
FUN_003c3970,0x003C3970,0x003C3980,16
gap_003c3980,0x003C3980,0x003C39B4,52
gap_003c39c0,0x003C39C0,0x003C39D4,20
FUN_003c3a20,0x003C3A20,0x003C3A28,8
thunk_EXT_FUN_0881cc94,0x003C3A40,0x003C3A48,8
FUN_003c3a50,0x003C3A50,0x003C3A58,8
FUN_003c3a70,0x003C3A70,0x003C3A78,8
FUN_003c3a90,0x003C3A90,0x003C3A98,8
FUN_003c3ac0,0x003C3AC0,0x003C3AC8,8
FUN_003c3b24,0x003C3B24,0x003C3B44,32
FUN_003c3b50,0x003C3B50,0x003C3B58,8
FUN_003c3b70,0x003C3B70,0x003C3B80,16
FUN_003c3b80,0x003C3B80,0x003C3B88,8
FUN_003c3b8c,0x003C3B8C,0x003C3BBC,48
thunk_EXT_FUN_0881a20c,0x003C3BF0,0x003C3BF8,8
FUN_003c3c90,0x003C3C90,0x003C3C98,8
FUN_003c3ca8,0x003C3CA8,0x003C3CB0,8
gap_003c3cb0,0x003C3CB0,0x003C3D04,84
gap_003c3d10,0x003C3D10,0x003C3E08,248
FUN_003c3e18,0x003C3E18,0x003C3E20,8
gap_003c3e20,0x003C3E20,0x003C3E48,40
FUN_003c3e98,0x003C3E98,0x003C3EA0,8
gap_003c3ea0,0x003C3EA0,0x003C3ED4,52
FUN_003c3ef0,0x003C3EF0,0x003C3F00,16
gap_003c3f00,0x003C3F00,0x003C3FA4,164
gap_003c3fa8,0x003C3FA8,0x003C3FD4,44
FUN_003c3fe0,0x003C3FE0,0x003C3FEC,12
FUN_003c4000,0x003C4000,0x003C4008,8
gap_003c4008,0x003C4008,0x003C4040,56
gap_003c4040,0x003C4040,0x003C41B8,376
FUN_003c43e0,0x003C43E0,0x003C43E8,8
FUN_003c43ec,0x003C43EC,0x003C440C,32
FUN_003c4650,0x003C4650,0x003C4674,36
FUN_003c4688,0x003C4688,0x003C469C,20
FUN_003c471c,0x003C471C,0x003C4730,20
FUN_003c4738,0x003C4738,0x003C4760,40
FUN_003c47a8,0x003C47A8,0x003C47B8,16
FUN_003c47c0,0x003C47C0,0x003C47C8,8
FUN_003c47e0,0x003C47E0,0x003C4800,32
FUN_003c4838,0x003C4838,0x003C4850,24
FUN_003c4b18,0x003C4B18,0x003C4B54,60
FUN_003c4b58,0x003C4B58,0x003C4B64,12
FUN_003c4c30,0x003C4C30,0x003C4C50,32
FUN_003c4d28,0x003C4D28,0x003C4D6C,68
FUN_003c4d70,0x003C4D70,0x003C4D7C,12
FUN_003c4d80,0x003C4D80,0x003C4D8C,12
FUN_003c4dc8,0x003C4DC8,0x003C4DE0,24
gap_003c4de0,0x003C4DE0,0x003C4DF8,24
gap_003c4df8,0x003C4DF8,0x003C4F34,316
gap_003c4f40,0x003C4F40,0x003C4FB8,120
gap_003c4fc0,0x003C4FC0,0x003C4FE8,40
gap_003c4ff0,0x003C4FF0,0x003C5088,152
gap_003c5090,0x003C5090,0x003C50BC,44
gap_003c50c0,0x003C50C0,0x003C50E4,36
gap_003c50f0,0x003C50F0,0x003C5104,20
gap_003c5110,0x003C5110,0x003C514C,60
FUN_003c51e8,0x003C51E8,0x003C51F0,8
FUN_003c5240,0x003C5240,0x003C5250,16
gap_003c5250,0x003C5250,0x003C5344,244
gap_003c5350,0x003C5350,0x003C53B8,104
gap_003c53b8,0x003C53B8,0x003C53F0,56
gap_003c53f0,0x003C53F0,0x003C54DC,236
gap_003c54e0,0x003C54E0,0x003C56AC,460
FUN_003c5730,0x003C5730,0x003C5738,8
FUN_003c5920,0x003C5920,0x003C5930,16
FUN_003c59d0,0x003C59D0,0x003C59E0,16
FUN_003c5a38,0x003C5A38,0x003C5A40,8
FUN_003c5aa8,0x003C5AA8,0x003C5AB0,8
FUN_003c5b18,0x003C5B18,0x003C5B20,8
FUN_003c5e20,0x003C5E20,0x003C5E30,16
gap_003c5e30,0x003C5E30,0x003C5EDC,172
gap_003c5ee0,0x003C5EE0,0x003C6058,376
gap_003c6060,0x003C6060,0x003C6078,24
gap_003c6078,0x003C6078,0x003C6178,256
FUN_003c62a0,0x003C62A0,0x003C62B0,16
gap_003c62b0,0x003C62B0,0x003C6368,184
gap_003c6368,0x003C6368,0x003C6468,256
gap_003c6468,0x003C6468,0x003C648C,36
FUN_003c6490,0x003C6490,0x003C6498,8
FUN_003c64b0,0x003C64B0,0x003C64B8,8
FUN_003c64e0,0x003C64E0,0x003C64F0,16
FUN_003c6508,0x003C6508,0x003C6520,24
FUN_003c6550,0x003C6550,0x003C6558,8
gap_003c6558,0x003C6558,0x003C6650,248
FUN_003c6650,0x003C6650,0x003C6658,8
gap_003c6658,0x003C6658,0x003C67D8,384
FUN_003c6aa8,0x003C6AA8,0x003C6AB8,16
FUN_003c6ac8,0x003C6AC8,0x003C6AD0,8
gap_003c6ad0,0x003C6AD0,0x003C6FF0,1312
FUN_003c7008,0x003C7008,0x003C7010,8
FUN_003c7018,0x003C7018,0x003C7038,32
FUN_003c7088,0x003C7088,0x003C709C,20
FUN_003c70a0,0x003C70A0,0x003C70A8,8
FUN_003c7110,0x003C7110,0x003C7120,16
FUN_003c7148,0x003C7148,0x003C7150,8
FUN_003c7160,0x003C7160,0x003C7170,16
FUN_003c7178,0x003C7178,0x003C7180,8
FUN_003c76f8,0x003C76F8,0x003C7710,24
FUN_003c7788,0x003C7788,0x003C7790,8
FUN_003c7900,0x003C7900,0x003C7910,16
FUN_003c7940,0x003C7940,0x003C7950,16
FUN_003c79f8,0x003C79F8,0x003C7A08,16
gap_003c7a08,0x003C7A08,0x003C7AB0,168
FUN_003c7ae0,0x003C7AE0,0x003C7AE8,8
FUN_003c7bc0,0x003C7BC0,0x003C7BC8,8
FUN_003c7e40,0x003C7E40,0x003C7E48,8
FUN_003c7f58,0x003C7F58,0x003C7F68,16
gap_003c7f68,0x003C7F68,0x003C86A4,1852
gap_003c86b0,0x003C86B0,0x003C86E8,56
ctor_003c8700,0x003C8700,0x003C870C,12
ctor_003c8710,0x003C8710,0x003C887C,364
FUN_003c8880,0x003C8880,0x003C88D4,84
FUN_003c88e0,0x003C88E0,0x003C8950,112
FUN_003c8950,0x003C8950,0x003C8BC8,632
FUN_003c8bd0,0x003C8BD0,0x003C8C24,84
FUN_003c8c30,0x003C8C30,0x003C8C84,84
FUN_003c8c90,0x003C8C90,0x003C8CE4,84
FUN_003c8cf0,0x003C8CF0,0x003C8D44,84
FUN_003c8d50,0x003C8D50,0x003C8DA4,84
FUN_003c8db0,0x003C8DB0,0x003C8EB0,256
FUN_003c8eb0,0x003C8EB0,0x003C8F10,96
FUN_003c8f10,0x003C8F10,0x003C9090,384
FUN_003c9090,0x003C9090,0x003C910C,124
FUN_003c9110,0x003C9110,0x003C9164,84
FUN_003c9170,0x003C9170,0x003C91C4,84
FUN_003c91d0,0x003C91D0,0x003C923C,108
FUN_003c9240,0x003C9240,0x003C92CC,140
ctor_003c92d0,0x003C92D0,0x003C9384,180
ctor_003c9390,0x003C9390,0x003C93A4,20
FUN_003c93b0,0x003C93B0,0x003C9410,96
FUN_003c9410,0x003C9410,0x003C9464,84
FUN_003c9470,0x003C9470,0x003C94C4,84
FUN_003c94d0,0x003C94D0,0x003C962C,348
FUN_003c9630,0x003C9630,0x003C973C,268
FUN_003c9740,0x003C9740,0x003C9794,84
FUN_003c97a0,0x003C97A0,0x003C98C8,296
FUN_003c98d0,0x003C98D0,0x003C9924,84
FUN_003c9930,0x003C9930,0x003C9984,84
FUN_003c9990,0x003C9990,0x003C99E4,84
ctor_003c99f0,0x003C99F0,0x003C9A10,32
ctor_003c9a10,0x003C9A10,0x003C9A18,8
FUN_003c9a20,0x003C9A20,0x003C9A48,40
FUN_003c9a50,0x003C9A50,0x003C9AA4,84
FUN_003c9ab0,0x003C9AB0,0x003C9B1C,108
FUN_003c9b20,0x003C9B20,0x003C9B74,84
FUN_003c9b80,0x003C9B80,0x003C9BD4,84
FUN_003c9be0,0x003C9BE0,0x003C9C34,84
FUN_003c9c40,0x003C9C40,0x003C9C94,84
FUN_003c9ca0,0x003C9CA0,0x003C9CF4,84
FUN_003c9d00,0x003C9D00,0x003C9D60,96
FUN_003c9d60,0x003C9D60,0x003C9DB4,84
FUN_003c9dc0,0x003C9DC0,0x003C9E14,84
FUN_003c9e20,0x003C9E20,0x003C9E74,84
FUN_003c9e80,0x003C9E80,0x003C9EE0,96
FUN_003c9ee0,0x003C9EE0,0x003C9F34,84
FUN_003c9f40,0x003C9F40,0x003C9F94,84
FUN_003c9fa0,0x003C9FA0,0x003C9FF4,84
FUN_003ca000,0x003CA000,0x003CA09C,156
FUN_003ca0a0,0x003CA0A0,0x003CA0F4,84
FUN_003ca100,0x003CA100,0x003CA160,96
FUN_003ca160,0x003CA160,0x003CA1B4,84
FUN_003ca1c0,0x003CA1C0,0x003CA214,84
FUN_003ca220,0x003CA220,0x003CA288,104
FUN_003ca290,0x003CA290,0x003CA2E4,84
FUN_003ca2f0,0x003CA2F0,0x003CA344,84
FUN_003ca350,0x003CA350,0x003CA3A0,80
FUN_003ca3a0,0x003CA3A0,0x003CA3F4,84
FUN_003ca400,0x003CA400,0x003CA454,84
FUN_003ca460,0x003CA460,0x003CA4CC,108
FUN_003ca4d0,0x003CA4D0,0x003CA57C,172
FUN_003ca580,0x003CA580,0x003CA600,128
FUN_003ca600,0x003CA600,0x003CA668,104
FUN_003ca670,0x003CA670,0x003CA6C4,84
FUN_003ca6d0,0x003CA6D0,0x003CA72C,92
FUN_003ca730,0x003CA730,0x003CA784,84
FUN_003ca790,0x003CA790,0x003CA7E4,84
FUN_003ca7f0,0x003CA7F0,0x003CA850,96
FUN_003ca850,0x003CA850,0x003CA8A4,84
FUN_003ca8b0,0x003CA8B0,0x003CA904,84
FUN_003ca910,0x003CA910,0x003CA964,84
FUN_003ca970,0x003CA970,0x003CA9C4,84
FUN_003ca9d0,0x003CA9D0,0x003CAA24,84
FUN_003caa30,0x003CAA30,0x003CAA84,84
FUN_003caa90,0x003CAA90,0x003CAAE4,84
FUN_003caaf0,0x003CAAF0,0x003CAB9C,172
FUN_003caba0,0x003CABA0,0x003CABF4,84
FUN_003cac00,0x003CAC00,0x003CAC54,84
FUN_003cac60,0x003CAC60,0x003CACBC,92
FUN_003cacc0,0x003CACC0,0x003CAD20,96
FUN_003cad20,0x003CAD20,0x003CC384,5732
FUN_003cc390,0x003CC390,0x003CC3E4,84
FUN_003cc3f0,0x003CC3F0,0x003CC444,84
FUN_003cc450,0x003CC450,0x003CC4A4,84
FUN_003cc4b0,0x003CC4B0,0x003CC63C,396
FUN_003cc640,0x003CC640,0x003CC6AC,108
FUN_003cc6b0,0x003CC6B0,0x003CC784,212
FUN_003cc790,0x003CC790,0x003CC7E4,84
FUN_003cc7f0,0x003CC7F0,0x003CC850,96
FUN_003cc850,0x003CC850,0x003CC918,200
FUN_003cc920,0x003CC920,0x003CC9EC,204
FUN_003cc9f0,0x003CC9F0,0x003CCA84,148
FUN_003cca90,0x003CCA90,0x003CCB10,128
FUN_003ccb10,0x003CCB10,0x003CCB64,84
FUN_003ccb70,0x003CCB70,0x003CCBD0,96
FUN_003ccbd0,0x003CCBD0,0x003CCC30,96
FUN_003ccc30,0x003CCC30,0x003CCC84,84
FUN_003ccc90,0x003CCC90,0x003CCCE4,84
FUN_003cccf0,0x003CCCF0,0x003CCD44,84
FUN_003ccd50,0x003CCD50,0x003CCDA4,84
FUN_003ccdb0,0x003CCDB0,0x003CCE14,100
FUN_003cce20,0x003CCE20,0x003CCE74,84
FUN_003cce80,0x003CCE80,0x003CCED4,84
FUN_003ccee0,0x003CCEE0,0x003CCF34,84
FUN_003ccf40,0x003CCF40,0x003CCF94,84
FUN_003ccfa0,0x003CCFA0,0x003CCFF4,84
FUN_003cd000,0x003CD000,0x003CE424,5156
FUN_003ce430,0x003CE430,0x003CE4D0,160
FUN_003ce4d0,0x003CE4D0,0x003CE524,84
FUN_003ce530,0x003CE530,0x003CE590,96
FUN_003ce590,0x003CE590,0x003CE604,116
FUN_003ce610,0x003CE610,0x003CE6C4,180
FUN_003ce6d0,0x003CE6D0,0x003CE724,84
FUN_003ce730,0x003CE730,0x003CE784,84
FUN_003ce790,0x003CE790,0x003CE7F4,100
FUN_003ce800,0x003CE800,0x003CE8A8,168
FUN_003ce8b0,0x003CE8B0,0x003CE904,84
FUN_003ce910,0x003CE910,0x003CE96C,92
FUN_003ce970,0x003CE970,0x003CE9C4,84
FUN_003ce9d0,0x003CE9D0,0x003CEA24,84
FUN_003cea30,0x003CEA30,0x003CEA84,84
FUN_003cea90,0x003CEA90,0x003CEAE4,84
FUN_003ceaf0,0x003CEAF0,0x003CEB44,84
FUN_003ceb50,0x003CEB50,0x003CEBB0,96
FUN_003cebb0,0x003CEBB0,0x003CEC04,84
FUN_003cec10,0x003CEC10,0x003CEC64,84
FUN_003cec70,0x003CEC70,0x003CECC4,84
FUN_003cecd0,0x003CECD0,0x003CED48,120
FUN_003ced50,0x003CED50,0x003CEDA4,84
FUN_003cedb0,0x003CEDB0,0x003CEE04,84
FUN_003cee10,0x003CEE10,0x003CEE64,84
FUN_003cee70,0x003CEE70,0x003CEEC4,84
FUN_003ceed0,0x003CEED0,0x003CEF24,84
FUN_003cef30,0x003CEF30,0x003CEF84,84
FUN_003cef90,0x003CEF90,0x003CF080,240
FUN_003cf080,0x003CF080,0x003CF138,184
FUN_003cf140,0x003CF140,0x003CF194,84
FUN_003cf1a0,0x003CF1A0,0x003CF1F4,84
FUN_003cf200,0x003CF200,0x003CF264,100
FUN_003cf270,0x003CF270,0x003CF2C4,84
FUN_003cf2d0,0x003CF2D0,0x003CF324,84
FUN_003cf330,0x003CF330,0x003CF384,84
FUN_003cf390,0x003CF390,0x003CF3E4,84
FUN_003cf3f0,0x003CF3F0,0x003CF444,84
FUN_003cf450,0x003CF450,0x003CF4A4,84
FUN_003cf4b0,0x003CF4B0,0x003CF504,84
FUN_003cf510,0x003CF510,0x003CF564,84
FUN_003cf570,0x003CF570,0x003CF5C4,84
FUN_003cf5d0,0x003CF5D0,0x003CF64C,124
FUN_003cf650,0x003CF650,0x003CF6B8,104
FUN_003cf6c0,0x003CF6C0,0x003CF714,84
FUN_003cf720,0x003CF720,0x003CF774,84
FUN_003cf780,0x003CF780,0x003CF7D4,84
FUN_003cf7e0,0x003CF7E0,0x003CF834,84
FUN_003cf840,0x003CF840,0x003CF894,84
FUN_003cf8a0,0x003CF8A0,0x003CF904,100
