Name,Start,End,Size
crt0_start,0x0010008C,0x00100218,396
thunk_FUN_00120f98,0x00100218,0x00100220,8
FUN_00100220,0x00100220,0x00100230,16
FUN_00100230,0x00100230,0x00100254,36
FUN_00100260,0x00100260,0x00100280,32
FUN_00100280,0x00100280,0x001002A4,36
FUN_001002b0,0x001002B0,0x001002D0,32
FUN_001002d0,0x001002D0,0x001002F0,32
FUN_001002f0,0x001002F0,0x00100314,36
FUN_00100320,0x00100320,0x00100328,8
FUN_00100330,0x00100330,0x00100440,272
thunk_FUN_00100d50,0x00100440,0x00100448,8
FUN_00100450,0x00100450,0x00100474,36
FUN_00100480,0x00100480,0x001004F4,116
FUN_00100500,0x00100500,0x00100624,292
FUN_00100630,0x00100630,0x00100774,324
FUN_00100780,0x00100780,0x0010079C,28
FUN_001007a0,0x001007A0,0x001007BC,28
FUN_001007bc,0x001007BC,0x001007E0,36
FUN_001007e0,0x001007E0,0x001007F4,20
FUN_00100800,0x00100800,0x0010084C,76
FUN_00100850,0x00100850,0x0010085C,12
FUN_00100860,0x00100860,0x0010087C,28
FUN_00100880,0x00100880,0x001008BC,60
FUN_001008bc,0x001008BC,0x001008E0,36
FUN_001008e0,0x001008E0,0x001008F4,20
FUN_00100900,0x00100900,0x00100960,96
FUN_00100960,0x00100960,0x0010096C,12
FUN_00100970,0x00100970,0x00100A14,164
FUN_00100a40,0x00100A40,0x00100CA0,608
FUN_00100ca0,0x00100CA0,0x00100CC4,36
FUN_00100cd0,0x00100CD0,0x00100CF4,36
FUN_00100d00,0x00100D00,0x00100D24,36
FUN_00100d30,0x00100D30,0x00100D4C,28
FUN_00100d50,0x00100D50,0x00100DA4,84
FUN_00100db0,0x00100DB0,0x00100DD4,36
FUN_00100de0,0x00100DE0,0x00100E58,120
FUN_00100e60,0x00100E60,0x00100E94,52
FUN_00100ea0,0x00100EA0,0x00100ED4,52
FUN_00100ee0,0x00100EE0,0x00100F7C,156
FUN_00100f80,0x00100F80,0x0010101C,156
FUN_00101020,0x00101020,0x00101058,56
FUN_00101060,0x00101060,0x001011F4,404
FUN_00101200,0x00101200,0x00101504,772
FUN_00101510,0x00101510,0x0010154C,60
FUN_0010154c,0x0010154C,0x001016E0,404
FUN_001016e0,0x001016E0,0x00101700,32
FUN_00101700,0x00101700,0x00101760,96
FUN_00101760,0x00101760,0x001018C8,360
FUN_001018d0,0x001018D0,0x00102104,2100
FUN_00102110,0x00102110,0x00102420,784
FUN_00102420,0x00102420,0x001025C4,420
FUN_001025f0,0x001025F0,0x001025FC,12
FUN_00102600,0x00102600,0x00102664,100
FUN_00102670,0x00102670,0x001026F0,128
FUN_001026f0,0x001026F0,0x00102748,88
FUN_00102750,0x00102750,0x00102770,32
FUN_00102770,0x00102770,0x00102778,8
FUN_00102780,0x00102780,0x00102834,180
FUN_00102840,0x00102840,0x001029C0,384
FUN_001029c0,0x001029C0,0x00102A48,136
FUN_00102a50,0x00102A50,0x00102B04,180
FUN_00102b30,0x00102B30,0x00102B7C,76
FUN_00102b80,0x00102B80,0x00102B88,8
FUN_00102b90,0x00102B90,0x00102C08,120
FUN_00102c10,0x00102C10,0x00102C60,80
FUN_00102c60,0x00102C60,0x00102CA0,64
FUN_00102ca0,0x00102CA0,0x00102DF4,340
FUN_00102df4,0x00102DF4,0x00102E30,60
FUN_00102e30,0x00102E30,0x00102E6C,60
FUN_00102e6c,0x00102E6C,0x00102EA8,60
FUN_00102ea8,0x00102EA8,0x00102F50,168
FUN_00102f50,0x00102F50,0x00102FB0,96
FUN_00102fb0,0x00102FB0,0x001030A4,244
FUN_001030b0,0x001030B0,0x00103148,152
FUN_00103150,0x00103150,0x001031E8,152
FUN_001031f0,0x001031F0,0x00103344,340
FUN_00103344,0x00103344,0x00103380,60
FUN_00103380,0x00103380,0x001033BC,60
FUN_001033bc,0x001033BC,0x001033F8,60
FUN_001033f8,0x001033F8,0x001034A0,168
FUN_001034a0,0x001034A0,0x00103500,96
FUN_00103500,0x00103500,0x001035F4,244
FUN_00103600,0x00103600,0x00103698,152
FUN_001036a0,0x001036A0,0x00103738,152
FUN_00103740,0x00103740,0x001037A0,96
FUN_001037a0,0x001037A0,0x001037EC,76
FUN_001037f0,0x001037F0,0x00103850,96
FUN_00103850,0x00103850,0x0010389C,76
FUN_00103910,0x00103910,0x00103960,80
FUN_00103980,0x00103980,0x00103A94,276
FUN_00103ab0,0x00103AB0,0x00103BBC,268
FUN_00103c10,0x00103C10,0x00103DF0,480
FUN_00103e00,0x00103E00,0x00103E50,80
FUN_00103e60,0x00103E60,0x00104024,452
FUN_00104060,0x00104060,0x0010410C,172
FUN_00104110,0x00104110,0x001041BC,172
FUN_001041c0,0x001041C0,0x00104318,344
FUN_00104318,0x00104318,0x0010436C,84
FUN_0010436c,0x0010436C,0x00104390,36
FUN_00104390,0x00104390,0x00104438,168
FUN_00104440,0x00104440,0x00104598,344
FUN_00104598,0x00104598,0x001045EC,84
FUN_001045ec,0x001045EC,0x00104610,36
FUN_00104610,0x00104610,0x001046B8,168
FUN_001046c0,0x001046C0,0x00104778,184
FUN_00104780,0x00104780,0x00104890,272
FUN_00104890,0x00104890,0x00104A00,368
FUN_00104a00,0x00104A00,0x00104DF0,1008
FUN_00104df0,0x00104DF0,0x00104EB0,192
FUN_00104eb0,0x00104EB0,0x00104FD4,292
FUN_00104fe0,0x00104FE0,0x00105160,384
FUN_00105180,0x00105180,0x001051D0,80
FUN_001051d0,0x001051D0,0x00105288,184
FUN_00105290,0x00105290,0x001053A0,272
FUN_001053a0,0x001053A0,0x00105520,384
FUN_00105520,0x00105520,0x00105980,1120
FUN_00105980,0x00105980,0x00105A40,192
FUN_00105a40,0x00105A40,0x00105B64,292
FUN_00105b70,0x00105B70,0x00105D00,400
FUN_00105d30,0x00105D30,0x00105D80,80
FUN_00105d80,0x00105D80,0x00105E28,168
FUN_00105e30,0x00105E30,0x00105F44,276
FUN_00105f50,0x00105F50,0x0010607C,300
FUN_00106080,0x00106080,0x00106128,168
FUN_00106130,0x00106130,0x00106244,276
FUN_00106250,0x00106250,0x0010637C,300
FUN_00106380,0x00106380,0x001063E0,96
FUN_001063e0,0x001063E0,0x00106430,80
FUN_001064c4,0x001064C4,0x00106518,84
FUN_001065ac,0x001065AC,0x00106600,84
FUN_00106634,0x00106634,0x00106654,32
FUN_00106660,0x00106660,0x001066C0,96
FUN_001066c0,0x001066C0,0x00106710,80
FUN_001067a4,0x001067A4,0x001067F8,84
FUN_0010688c,0x0010688C,0x001068E0,84
FUN_00106914,0x00106914,0x00106934,32
FUN_00106940,0x00106940,0x00106950,16
FUN_00106950,0x00106950,0x00106960,16
FUN_00106960,0x00106960,0x00106970,16
FUN_00106970,0x00106970,0x00106980,16
FUN_00106980,0x00106980,0x00106A54,212
FUN_00106c00,0x00106C00,0x00106C90,144
FUN_00106c90,0x00106C90,0x00106F74,740
FUN_00106f80,0x00106F80,0x00106FEC,108
FUN_00106ff0,0x00106FF0,0x00107038,72
FUN_00107040,0x00107040,0x00107084,68
FUN_00107090,0x00107090,0x001070F8,104
FUN_00107100,0x00107100,0x0010755C,1116
FUN_00107560,0x00107560,0x001075E8,136
FUN_001075f0,0x001075F0,0x00107688,152
FUN_00107690,0x00107690,0x00107728,152
FUN_00107730,0x00107730,0x001077B4,132
FUN_001077c0,0x001077C0,0x00107B90,976
FUN_00107b90,0x00107B90,0x00107C04,116
FUN_00107c10,0x00107C10,0x00107C84,116
FUN_00107c90,0x00107C90,0x00107D28,152
FUN_00107d30,0x00107D30,0x00107DA0,112
FUN_00107da0,0x00107DA0,0x00107E64,196
FUN_00107e70,0x00107E70,0x00107F04,148
FUN_00107f10,0x00107F10,0x00107F18,8
FUN_00107f20,0x00107F20,0x0010808C,364
FUN_00108090,0x00108090,0x001080DC,76
FUN_001080e0,0x001080E0,0x001082D4,500
FUN_001082d4,0x001082D4,0x00108344,112
FUN_00108344,0x00108344,0x00108354,16
FUN_00108398,0x00108398,0x00108528,400
FUN_00108528,0x00108528,0x00108534,12
FUN_00108538,0x00108538,0x001085A0,104
FUN_001085a0,0x001085A0,0x00108640,160
FUN_00108640,0x00108640,0x00108650,16
FUN_00108650,0x00108650,0x001089C4,884
FUN_001089c8,0x001089C8,0x00108A84,188
FUN_00108a88,0x00108A88,0x00108B50,200
FUN_00108b50,0x00108B50,0x00108D34,484
FUN_00108d38,0x00108D38,0x00108E3C,260
FUN_00108e40,0x00108E40,0x00108F28,232
FUN_00108f28,0x00108F28,0x001091C0,664
FUN_001091c0,0x001091C0,0x0010921C,92
FUN_00109220,0x00109220,0x001092B4,148
FUN_001092b8,0x001092B8,0x001095CC,788
FUN_001095d0,0x001095D0,0x00109710,320
FUN_00109710,0x00109710,0x00109D9C,1676
FUN_00109da0,0x00109DA0,0x00109E40,160
FUN_00109e40,0x00109E40,0x00109EB0,112
FUN_00109eb0,0x00109EB0,0x00109F34,132
FUN_00109f38,0x00109F38,0x00109F60,40
FUN_00109f60,0x00109F60,0x00109F94,52
FUN_00109f98,0x00109F98,0x00109FC0,40
FUN_00109fc0,0x00109FC0,0x0010A09C,220
FUN_0010a0a0,0x0010A0A0,0x0010A278,472
FUN_0010a278,0x0010A278,0x0010A2B0,56
FUN_0010a2b0,0x0010A2B0,0x0010A2C4,20
FUN_0010a2c8,0x0010A2C8,0x0010A330,104
FUN_0010a330,0x0010A330,0x0010A3A4,116
FUN_0010a3a8,0x0010A3A8,0x0010A41C,116
FUN_0010a420,0x0010A420,0x0010A468,72
FUN_0010a468,0x0010A468,0x0010A4E4,124
FUN_0010a4e8,0x0010A4E8,0x0010A568,128
FUN_0010a568,0x0010A568,0x0010A5A0,56
FUN_0010a5a0,0x0010A5A0,0x0010A5D4,52
FUN_0010a5d8,0x0010A5D8,0x0010A670,152
FUN_0010a670,0x0010A670,0x0010A684,20
FUN_0010a688,0x0010A688,0x0010A698,16
FUN_0010a698,0x0010A698,0x0010A6A8,16
FUN_0010a6a8,0x0010A6A8,0x0010A700,88
FUN_0010a700,0x0010A700,0x0010A774,116
FUN_0010a778,0x0010A778,0x0010A810,152
FUN_0010a810,0x0010A810,0x0010A884,116
FUN_0010a888,0x0010A888,0x0010A89C,20
FUN_0010a8a0,0x0010A8A0,0x0010A8B8,24
FUN_0010a8b8,0x0010A8B8,0x0010A95C,164
FUN_0010a960,0x0010A960,0x0010A984,36
FUN_0010a988,0x0010A988,0x0010AB48,448
FUN_0010ab48,0x0010AB48,0x0010AB74,44
FUN_0010ab78,0x0010AB78,0x0010ABBC,68
FUN_0010abc0,0x0010ABC0,0x0010ABDC,28
FUN_0010abe0,0x0010ABE0,0x0010AC04,36
FUN_0010ac08,0x0010AC08,0x0010AC44,60
FUN_0010ac48,0x0010AC48,0x0010AC8C,68
FUN_0010ac90,0x0010AC90,0x0010ACFC,108
FUN_0010ad00,0x0010AD00,0x0010AD20,32
FUN_0010ad20,0x0010AD20,0x0010AD40,32
FUN_0010ad40,0x0010AD40,0x0010AD68,40
FUN_0010ad68,0x0010AD68,0x0010AD7C,20
FUN_0010ad80,0x0010AD80,0x0010AD94,20
FUN_0010ad98,0x0010AD98,0x0010ADAC,20
FUN_0010adb0,0x0010ADB0,0x0010ADC8,24
FUN_0010adc8,0x0010ADC8,0x0010ADF4,44
FUN_0010adf8,0x0010ADF8,0x0010AE04,12
FUN_0010ae08,0x0010AE08,0x0010AE2C,36
FUN_0010ae30,0x0010AE30,0x0010AE40,16
FUN_0010ae40,0x0010AE40,0x0010AE50,16
FUN_0010ae50,0x0010AE50,0x0010AE60,16
FUN_0010ae60,0x0010AE60,0x0010AE70,16
FUN_0010ae70,0x0010AE70,0x0010AE98,40
FUN_0010ae98,0x0010AE98,0x0010AF0C,116
FUN_0010af10,0x0010AF10,0x0010AFB4,164
FUN_0010afb8,0x0010AFB8,0x0010B060,168
FUN_0010b060,0x0010B060,0x0010B108,168
FUN_0010b108,0x0010B108,0x0010B158,80
FUN_0010b158,0x0010B158,0x0010B17C,36
FUN_0010b180,0x0010B180,0x0010B230,176
FUN_0010b230,0x0010B230,0x0010B2F0,192
FUN_0010b2f0,0x0010B2F0,0x0010B358,104
FUN_0010b358,0x0010B358,0x0010B45C,260
FUN_0010b460,0x0010B460,0x0010B5F0,400
FUN_0010b5f0,0x0010B5F0,0x0010B648,88
FUN_0010b648,0x0010B648,0x0010B68C,68
FUN_0010b690,0x0010B690,0x0010B6AC,28
FUN_0010b6b0,0x0010B6B0,0x0010B6DC,44
FUN_0010b6e0,0x0010B6E0,0x0010B6F8,24
FUN_0010b6f8,0x0010B6F8,0x0010B740,72
FUN_0010b740,0x0010B740,0x0010B7A0,96
FUN_0010b7a0,0x0010B7A0,0x0010B82C,140
FUN_0010b830,0x0010B830,0x0010B88C,92
FUN_0010b890,0x0010B890,0x0010BA14,388
FUN_0010ba18,0x0010BA18,0x0010C11C,1796
FUN_0010c120,0x0010C120,0x0010C370,592
FUN_0010c370,0x0010C370,0x0010C7F8,1160
FUN_0010c7f8,0x0010C7F8,0x0010CA14,540
FUN_0010ca18,0x0010CA18,0x0010CC58,576
FUN_0010cc58,0x0010CC58,0x0010CF84,812
FUN_0010cf88,0x0010CF88,0x0010D3B0,1064
FUN_0010d3b0,0x0010D3B0,0x0010D54C,412
FUN_0010d550,0x0010D550,0x0010DAA8,1368
FUN_0010daa8,0x0010DAA8,0x0010DC20,376
FUN_0010dc20,0x0010DC20,0x0010DD88,360
FUN_0010dd88,0x0010DD88,0x0010DF08,384
FUN_0010df08,0x0010DF08,0x0010DFF0,232
FUN_0010dff0,0x0010DFF0,0x0010E07C,140
FUN_0010e080,0x0010E080,0x0010E114,148
FUN_0010e118,0x0010E118,0x0010E14C,52
thunk_FUN_0010e080,0x0010E150,0x0010E158,8
FUN_0010e158,0x0010E158,0x0010E214,188
FUN_0010e218,0x0010E218,0x0010E304,236
FUN_0010e308,0x0010E308,0x0010E3C8,192
FUN_0010e3c8,0x0010E3C8,0x0010E544,380
FUN_0010f238,0x0010F238,0x0010F2D8,160
FUN_0010f2d8,0x0010F2D8,0x0010F3BC,228
FUN_0010f478,0x0010F478,0x0010F78C,788
FUN_0010f790,0x0010F790,0x0010FA3C,684
FUN_0010fa40,0x0010FA40,0x0010FAE0,160
FUN_0010fae0,0x0010FAE0,0x0010FB7C,156
FUN_0010fc28,0x0010FC28,0x0010FD68,320
FUN_0010fd68,0x0010FD68,0x0010FE50,232
FUN_00110078,0x00110078,0x00110144,204
FUN_00110248,0x00110248,0x0011027C,52
thunk_FUN_0010e080_00110280,0x00110280,0x00110288,8
FUN_00110288,0x00110288,0x001102EC,100
FUN_001103e0,0x001103E0,0x001103E8,8
FUN_001103e8,0x001103E8,0x00110438,80
FUN_00110438,0x00110438,0x001104C4,140
FUN_001104c8,0x001104C8,0x0011055C,148
FUN_00110560,0x00110560,0x00110654,244
FUN_00110658,0x00110658,0x00110724,204
FUN_00110728,0x00110728,0x00110960,568
FUN_00110960,0x00110960,0x00110A60,256
FUN_00110a60,0x00110A60,0x00110B28,200
FUN_00110b28,0x00110B28,0x00110C10,232
FUN_00110c24,0x00110C24,0x00110C54,48
FUN_00110c54,0x00110C54,0x00110C78,36
FUN_00110c78,0x00110C78,0x00110CDC,100
FUN_00110ce0,0x00110CE0,0x00110F94,692
FUN_00110f98,0x00110F98,0x00111108,368
FUN_00111108,0x00111108,0x001112CC,452
FUN_001112d0,0x001112D0,0x00111380,176
FUN_00111380,0x00111380,0x00111388,8
FUN_00111388,0x00111388,0x001113C4,60
FUN_001113c8,0x001113C8,0x00111410,72
FUN_00111410,0x00111410,0x00111454,68
FUN_00111458,0x00111458,0x00111468,16
FUN_00111468,0x00111468,0x001114E4,124
FUN_001114e8,0x001114E8,0x001114F4,12
FUN_001114f8,0x001114F8,0x00111508,16
FUN_00111508,0x00111508,0x0011151C,20
FUN_00111520,0x00111520,0x00111540,32
FUN_00111540,0x00111540,0x00111574,52
FUN_00111578,0x00111578,0x001115AC,52
FUN_001115b0,0x001115B0,0x001115BC,12
FUN_001115c0,0x001115C0,0x00111638,120
FUN_00111638,0x00111638,0x001116AC,116
FUN_001116b0,0x001116B0,0x001116F4,68
FUN_001116f8,0x001116F8,0x0011174C,84
FUN_00111750,0x00111750,0x001117A0,80
FUN_001117a0,0x001117A0,0x001117B8,24
FUN_001117b8,0x001117B8,0x001117CC,20
FUN_001117d0,0x001117D0,0x001117E0,16
FUN_001117e0,0x001117E0,0x001117EC,12
FUN_001117f0,0x001117F0,0x001117FC,12
FUN_00111800,0x00111800,0x0011180C,12
FUN_00111810,0x00111810,0x0011181C,12
FUN_00111820,0x00111820,0x00111830,16
FUN_00111830,0x00111830,0x00111848,24
FUN_00111848,0x00111848,0x00111914,204
FUN_00111918,0x00111918,0x0011192C,20
FUN_00111930,0x00111930,0x0011193C,12
FUN_00111940,0x00111940,0x0011194C,12
FUN_00111950,0x00111950,0x001119BC,108
FUN_001119c0,0x001119C0,0x001119D8,24
FUN_001119d8,0x001119D8,0x001119FC,36
FUN_00111a00,0x00111A00,0x00111A24,36
FUN_00111a28,0x00111A28,0x00111CB8,656
FUN_00111cb8,0x00111CB8,0x00111F78,704
FUN_00111f78,0x00111F78,0x00112398,1056
FUN_00112398,0x00112398,0x00112458,192
FUN_00112458,0x00112458,0x001124E8,144
FUN_001124e8,0x001124E8,0x001126A8,448
FUN_001126a8,0x001126A8,0x00112B80,1240
FUN_00112da0,0x00112DA0,0x00112F9C,508
FUN_00112fa0,0x00112FA0,0x00113170,464
FUN_00113170,0x00113170,0x00113818,1704
FUN_00113818,0x00113818,0x001155C0,7592
FUN_001155c0,0x001155C0,0x001159A0,992
FUN_001159a0,0x001159A0,0x001159C0,32
FUN_001159c0,0x001159C0,0x00115A7C,188
FUN_00115af0,0x00115AF0,0x00115B98,168
FUN_00115b98,0x00115B98,0x00115BA8,16
FUN_00115ba8,0x00115BA8,0x00115C48,160
FUN_00115c48,0x00115C48,0x00115D10,200
FUN_00115d10,0x00115D10,0x00115D64,84
FUN_00115d68,0x00115D68,0x00115DA8,64
FUN_00115da8,0x00115DA8,0x00115E1C,116
FUN_00115e20,0x00115E20,0x00115E94,116
FUN_00115e98,0x00115E98,0x00115F7C,228
FUN_00115f80,0x00115F80,0x001160D0,336
FUN_001160d0,0x001160D0,0x00116138,104
FUN_00116138,0x00116138,0x001161AC,116
FUN_001161b0,0x001161B0,0x001163E8,568
RFU000_FullReset,0x00116400,0x00116410,16
ResetEE,0x00116410,0x00116420,16
SetGsCrt,0x00116420,0x00116430,16
RFU003,0x00116430,0x00116440,16
_Exit,0x00116440,0x00116450,16
RFU005_ResumeIntrDispatch,0x00116450,0x00116460,16
_LoadExecPS2,0x00116460,0x00116470,16
_ExecPS2,0x00116470,0x00116480,16
RFU008_ResumeT3IntrDispatch,0x00116480,0x00116490,16
RFU009,0x00116490,0x001164A0,16
AddSbusIntcHandler,0x001164A0,0x001164B0,16
RemoveSbusIntcHandler,0x001164B0,0x001164C0,16
Interrupt2Iop,0x001164C0,0x001164D0,16
SetVTLBRefillHandler,0x001164D0,0x001164E0,16
SetVCommonHandler,0x001164E0,0x001164F0,16
SetVInterruptHandler,0x001164F0,0x00116500,16
AddIntcHandler,0x00116500,0x00116510,16
AddIntcHandler_00116510,0x00116510,0x00116520,16
RemoveIntcHandler,0x00116520,0x00116530,16
AddDmacHandler,0x00116530,0x00116540,16
AddDmacHandler_00116540,0x00116540,0x00116550,16
RemoveDmacHandler,0x00116550,0x00116560,16
_EnableIntc,0x00116560,0x00116570,16
_DisableIntc,0x00116570,0x00116580,16
_EnableDmac,0x00116580,0x00116590,16
_DisableDmac,0x00116590,0x001165A0,16
SetAlarm,0x001165A0,0x001165B0,16
ReleaseAlarm,0x001165B0,0x001165C0,16
_iEnableIntc,0x001165C0,0x001165D0,16
_iDisableIntc,0x001165D0,0x001165E0,16
_iEnableDmac,0x001165E0,0x001165F0,16
_iDisableDmac,0x001165F0,0x00116600,16
iSetAlarm,0x00116600,0x00116610,16
iReleaseAlarm,0x00116610,0x00116620,16
CreateThread,0x00116620,0x00116630,16
DeleteThread,0x00116630,0x00116640,16
_StartThread,0x00116640,0x00116650,16
ExitThread,0x00116650,0x00116660,16
ExitDeleteThread,0x00116660,0x00116670,16
TerminateThread,0x00116670,0x00116680,16
iTerminateThread,0x00116680,0x00116690,16
DisableDispatchThread,0x00116690,0x001166A0,16
EnableDispatchThread,0x001166A0,0x001166B0,16
ChangeThreadPriority,0x001166B0,0x001166C0,16
iChangeThreadPriority,0x001166C0,0x001166D0,16
RotateThreadReadyQueue,0x001166D0,0x001166E0,16
_iRotateThreadReadyQueue,0x001166E0,0x001166F0,16
ReleaseWaitThread,0x001166F0,0x00116700,16
iReleaseWaitThread,0x00116700,0x00116710,16
GetThreadId,0x00116710,0x00116720,16
ReferThreadStatus,0x00116720,0x00116730,16
iReferThreadStatus,0x00116730,0x00116740,16
SleepThread,0x00116740,0x00116750,16
WakeupThread,0x00116750,0x00116760,16
_iWakeupThread,0x00116760,0x00116770,16
CancelWakeupThread,0x00116770,0x00116780,16
iCancelWakeupThread,0x00116780,0x00116790,16
SuspendThread,0x00116790,0x001167A0,16
_iSuspendThread,0x001167A0,0x001167B0,16
ResumeThread,0x001167B0,0x001167C0,16
iResumeThread,0x001167C0,0x001167D0,16
JoinThread,0x001167D0,0x001167E0,16
RFU060_SetupThread,0x001167E0,0x001167F0,16
RFU061_SetupHeap,0x001167F0,0x00116800,16
EndOfHeap,0x00116800,0x00116810,16
RFU063,0x00116810,0x00116820,16
CreateSema,0x00116820,0x00116830,16
DeleteSema,0x00116830,0x00116840,16
SignalSema,0x00116840,0x00116850,16
iSignalSema,0x00116850,0x00116860,16
WaitSema,0x00116860,0x00116870,16
PollSema,0x00116870,0x00116880,16
iPollSema,0x00116880,0x00116890,16
ReferSemaStatus,0x00116890,0x001168A0,16
iReferSemaStatus,0x001168A0,0x001168B0,16
RFU073,0x001168B0,0x001168C0,16
SetOsdConfigParam,0x001168C0,0x001168D0,16
GetOsdConfigParam,0x001168D0,0x001168E0,16
GetGsHParam,0x001168E0,0x001168F0,16
GetGsVParam,0x001168F0,0x00116900,16
SetGsHParam,0x00116900,0x00116910,16
SetGsVParam,0x00116910,0x00116920,16
RFU080_CreateEventFlag,0x00116920,0x00116930,16
RFU081_DeleteEventFlag,0x00116930,0x00116940,16
RFU082_SetEventFlag,0x00116940,0x00116950,16
RFU083_iSetEventFlag,0x00116950,0x00116960,16
RFU084_ClearEventFlag,0x00116960,0x00116970,16
RFU085_iClearEventFlag,0x00116970,0x00116980,16
RFU086_WaitEvnetFlag,0x00116980,0x00116990,16
RFU087_PollEvnetFlag,0x00116990,0x001169A0,16
RFU088_iPollEvnetFlag,0x001169A0,0x001169B0,16
RFU089_ReferEventFlagStatus,0x001169B0,0x001169C0,16
RFU090_iReferEventFlagStatus,0x001169C0,0x001169D0,16
RFU091,0x001169D0,0x001169E0,16
EnableIntcHandler,0x001169E0,0x001169F0,16
iEnableIntcHandler,0x001169F0,0x00116A00,16
DisableIntcHandler,0x00116A00,0x00116A10,16
iDisableIntcHandler,0x00116A10,0x00116A20,16
EnableDmacHandler,0x00116A20,0x00116A30,16
iEnableDmacHandler,0x00116A30,0x00116A40,16
DisableDmacHandler,0x00116A40,0x00116A50,16
iDisableDmacHandler,0x00116A50,0x00116A60,16
KSeg0,0x00116A60,0x00116A70,16
EnableCache,0x00116A70,0x00116A80,16
DisableCache,0x00116A80,0x00116A90,16
GetCop0,0x00116A90,0x00116AA0,16
FlushCache,0x00116AA0,0x00116AB0,16
CpuConfig,0x00116AB0,0x00116AC0,16
iGetCop0,0x00116AC0,0x00116AD0,16
iFlushCache,0x00116AD0,0x00116AE0,16
iCpuConfig,0x00116AE0,0x00116AF0,16
sceSifStopDma,0x00116AF0,0x00116B00,16
SetCPUTimerHandler,0x00116B00,0x00116B10,16
SetCPUTimer,0x00116B10,0x00116B20,16
SetOsdConfigParam2,0x00116B20,0x00116B30,16
GetOsdConfigParam2,0x00116B30,0x00116B40,16
GsGetIMR,0x00116B40,0x00116B50,16
iGsGetIMR,0x00116B50,0x00116B60,16
GsPutIMR,0x00116B60,0x00116B70,16
iGsPutIMR,0x00116B70,0x00116B80,16
SetPgifHandler,0x00116B80,0x00116B90,16
SetVSyncFlag,0x00116B90,0x00116BA0,16
RFU116_SetSyscall,0x00116BA0,0x00116BB0,16
_print,0x00116BB0,0x00116BC0,16
sceSifDmaStat,0x00116BC0,0x00116BD0,16
isceSifDmaStat,0x00116BD0,0x00116BE0,16
sceSifSetDma,0x00116BE0,0x00116BF0,16
isceSifSetDma,0x00116BF0,0x00116C00,16
sceSifSetDChain,0x00116C00,0x00116C10,16
isceSifSetDChain,0x00116C10,0x00116C20,16
sceSifSetReg,0x00116C20,0x00116C30,16
sceSifGetReg,0x00116C30,0x00116C40,16
_ExecOSD,0x00116C40,0x00116C50,16
Deci2Call,0x00116C50,0x00116C60,16
PSMode,0x00116C60,0x00116C70,16
MachineType,0x00116C70,0x00116C80,16
GetMemorySize,0x00116C80,0x00116C90,16
_InitTLB,0x00116C90,0x00116CA0,16
FUN_00116ca0,0x00116CA0,0x00116CAC,12
FUN_00116cb0,0x00116CB0,0x00116D40,144
FUN_00116d40,0x00116D40,0x00116DE4,164
FUN_00116de8,0x00116DE8,0x00116E64,124
FUN_00116e68,0x00116E68,0x00116EDC,116
FUN_00116ee0,0x00116EE0,0x00116F08,40
FUN_00116f08,0x00116F08,0x00116F10,8
FUN_00116f10,0x00116F10,0x00116F18,8
FUN_00116f18,0x00116F18,0x00116F20,8
FUN_00116f20,0x00116F20,0x00116FCC,172
FUN_00116fd0,0x00116FD0,0x00116FD8,8
FUN_00116fd8,0x00116FD8,0x00116FEC,20
FUN_00116ff8,0x00116FF8,0x00117020,40
FUN_00117020,0x00117020,0x00117048,40
FUN_00117048,0x00117048,0x00117070,40
FUN_00117070,0x00117070,0x00117114,164
FUN_00117118,0x00117118,0x00117194,124
FUN_00117198,0x00117198,0x001171AC,20
FUN_001171b0,0x001171B0,0x00117254,164
FUN_00117258,0x00117258,0x001172D4,124
FUN_001172d8,0x001172D8,0x001172EC,20
FUN_001172f0,0x001172F0,0x00117300,16
FUN_00117300,0x00117300,0x00117368,104
FUN_00117368,0x00117368,0x001173D0,104
FUN_001173d0,0x001173D0,0x00117438,104
FUN_00117438,0x00117438,0x001174A0,104
FUN_001174a0,0x001174A0,0x001174C0,32
FUN_001174c0,0x001174C0,0x001174E0,32
FUN_001174e0,0x001174E0,0x00117500,32
FUN_00117500,0x00117500,0x00117520,32
FUN_00117520,0x00117520,0x001175F8,216
FUN_001175f8,0x001175F8,0x001176E4,236
FUN_001176e8,0x001176E8,0x0011777C,148
FUN_00117780,0x00117780,0x001177FC,124
FUN_00117800,0x00117800,0x00117898,152
FUN_00117898,0x00117898,0x00117960,200
FUN_00117960,0x00117960,0x00117AD8,376
FUN_00117ad8,0x00117AD8,0x00117B00,40
FUN_00117b00,0x00117B00,0x00117B44,68
FUN_00117b48,0x00117B48,0x00117B6C,36
FUN_00117b70,0x00117B70,0x00117BA0,48
FUN_00117ba0,0x00117BA0,0x00117BC4,36
FUN_00117bc8,0x00117BC8,0x00117BF8,48
FUN_00117bf8,0x00117BF8,0x00117C1C,36
FUN_00117c20,0x00117C20,0x00117C54,52
FUN_00117c58,0x00117C58,0x00117C8C,52
FUN_00117c90,0x00117C90,0x00117CC0,48
FUN_00117cc0,0x00117CC0,0x00117CE4,36
FUN_00117ce8,0x00117CE8,0x00117D0C,36
FUN_00117d10,0x00117D10,0x00117D34,36
FUN_00117d38,0x00117D38,0x00117D5C,36
FUN_00117d60,0x00117D60,0x00117D9C,60
FUN_00117da0,0x00117DA0,0x00117DDC,60
FUN_00117de0,0x00117DE0,0x00117EAC,204
FUN_00117f78,0x00117F78,0x001180EC,372
FUN_001180f0,0x001180F0,0x001181C0,208
FUN_001181c0,0x001181C0,0x0011827C,188
FUN_00118280,0x00118280,0x001182B8,56
FUN_001182b8,0x001182B8,0x00118368,176
FUN_00118368,0x00118368,0x0011839C,52
FUN_001183a0,0x001183A0,0x00118430,144
FUN_00118430,0x00118430,0x00118534,260
FUN_00118608,0x00118608,0x0011931C,3348
FUN_00119378,0x00119378,0x001193A0,40
FUN_001193a0,0x001193A0,0x001193C8,40
FUN_001193c8,0x001193C8,0x00119414,76
FUN_00119418,0x00119418,0x00119450,56
FUN_00119450,0x00119450,0x00119498,72
FUN_00119498,0x00119498,0x00119508,112
FUN_00119508,0x00119508,0x00119588,128
FUN_00119588,0x00119588,0x00119608,128
FUN_00119638,0x00119638,0x00119650,24
FUN_00119650,0x00119650,0x0011966C,28
FUN_00119670,0x00119670,0x0011967C,12
FUN_00119680,0x00119680,0x00119900,640
FUN_00119900,0x00119900,0x00119934,52
FUN_00119938,0x00119938,0x00119950,24
FUN_00119950,0x00119950,0x00119968,24
FUN_00119968,0x00119968,0x001199E0,120
FUN_001199e0,0x001199E0,0x00119A2C,76
FUN_00119a30,0x00119A30,0x00119B64,308
FUN_00119b68,0x00119B68,0x00119BA4,60
FUN_00119ba8,0x00119BA8,0x00119BE4,60
FUN_00119be8,0x00119BE8,0x00119D30,328
FUN_00119d30,0x00119D30,0x00119DDC,172
FUN_00119de0,0x00119DE0,0x00119F7C,412
FUN_00119f80,0x00119F80,0x00119FA4,36
FUN_00119fa8,0x00119FA8,0x0011A050,168
FUN_0011a050,0x0011A050,0x0011A06C,28
FUN_0011a070,0x0011A070,0x0011A0A0,48
FUN_0011a0a0,0x0011A0A0,0x0011A0E0,64
FUN_0011a0e0,0x0011A0E0,0x0011A1AC,204
FUN_0011a1b0,0x0011A1B0,0x0011A1F0,64
FUN_0011a1f0,0x0011A1F0,0x0011A2C0,208
FUN_0011a2c0,0x0011A2C0,0x0011A424,356
FUN_0011a428,0x0011A428,0x0011A474,76
FUN_0011a478,0x0011A478,0x0011A4B8,64
FUN_0011a4b8,0x0011A4B8,0x0011A584,204
FUN_0011a588,0x0011A588,0x0011A6D4,332
FUN_0011a768,0x0011A768,0x0011A968,512
FUN_0011a968,0x0011A968,0x0011A9A4,60
FUN_0011a9a8,0x0011A9A8,0x0011AA3C,148
FUN_0011aa40,0x0011AA40,0x0011AB10,208
FUN_0011ab10,0x0011AB10,0x0011ABA4,148
FUN_0011aba8,0x0011ABA8,0x0011AC38,144
FUN_0011ac38,0x0011AC38,0x0011AC90,88
FUN_0011ac90,0x0011AC90,0x0011AE54,452
FUN_0011ae58,0x0011AE58,0x0011AE6C,20
FUN_0011ae98,0x0011AE98,0x0011AF08,112
FUN_0011af08,0x0011AF08,0x0011AF84,124
FUN_0011af88,0x0011AF88,0x0011B010,136
FUN_0011b010,0x0011B010,0x0011B0FC,236
FUN_0011b100,0x0011B100,0x0011B16C,108
FUN_0011b170,0x0011B170,0x0011B4D4,868
FUN_0011b528,0x0011B528,0x0011B57C,84
FUN_0011b580,0x0011B580,0x0011B5AC,44
FUN_0011b5b0,0x0011B5B0,0x0011B5BC,12
FUN_0011b5c0,0x0011B5C0,0x0011B660,160
FUN_0011b660,0x0011B660,0x0011B6A4,68
FUN_0011b6a8,0x0011B6A8,0x0011B8B0,520
FUN_0011b8b0,0x0011B8B0,0x0011B93C,140
FUN_0011b940,0x0011B940,0x0011B974,52
FUN_0011b978,0x0011B978,0x0011BAB8,320
FUN_0011bab8,0x0011BAB8,0x0011BBA8,240
FUN_0011bba8,0x0011BBA8,0x0011BE38,656
FUN_0011be38,0x0011BE38,0x0011BFB0,376
FUN_0011bfb0,0x0011BFB0,0x0011C1EC,572
FUN_0011c1f0,0x0011C1F0,0x0011C30C,284
FUN_0011c460,0x0011C460,0x0011C57C,284
FUN_0011c720,0x0011C720,0x0011CAA8,904
FUN_0011caa8,0x0011CAA8,0x0011CC90,488
FUN_0011cc90,0x0011CC90,0x0011CE40,432
FUN_0011ce40,0x0011CE40,0x0011CE5C,28
FUN_0011ce60,0x0011CE60,0x0011D018,440
FUN_0011d018,0x0011D018,0x0011D034,28
FUN_0011d038,0x0011D038,0x0011D2B8,640
FUN_0011d2b8,0x0011D2B8,0x0011D3E4,300
FUN_0011d3e8,0x0011D3E8,0x0011D404,28
FUN_0011d408,0x0011D408,0x0011D4D0,200
FUN_0011d4d0,0x0011D4D0,0x0011D634,356
FUN_0011d638,0x0011D638,0x0011D78C,340
FUN_0011d790,0x0011D790,0x0011D944,436
FUN_0011d948,0x0011D948,0x0011DB94,588
FUN_0011db98,0x0011DB98,0x0011DDA0,520
FUN_0011dda0,0x0011DDA0,0x0011DDBC,28
FUN_0011ddc0,0x0011DDC0,0x0011DF6C,428
FUN_0011df70,0x0011DF70,0x0011E1F0,640
FUN_0011e1f0,0x0011E1F0,0x0011E20C,28
FUN_0011e210,0x0011E210,0x0011E44C,572
FUN_0011e450,0x0011E450,0x0011E6F8,680
FUN_0011e6f8,0x0011E6F8,0x0011E8F0,504
FUN_0011e8f0,0x0011E8F0,0x0011EAD0,480
FUN_0011ead0,0x0011EAD0,0x0011EB58,136
FUN_0011eb58,0x0011EB58,0x0011EBC8,112
FUN_0011ebc8,0x0011EBC8,0x0011EC48,128
FUN_0011ec48,0x0011EC48,0x0011ECC0,120
FUN_0011ecc0,0x0011ECC0,0x0011ECDC,28
FUN_0011ece0,0x0011ECE0,0x0011EDD0,240
FUN_0011edd0,0x0011EDD0,0x0011EE40,112
FUN_0011ee40,0x0011EE40,0x0011EEB0,112
FUN_0011eeb0,0x0011EEB0,0x0011EF20,112
FUN_0011ef20,0x0011EF20,0x0011EF9C,124
FUN_0011efa0,0x0011EFA0,0x0011F01C,124
FUN_0011f020,0x0011F020,0x0011F120,256
FUN_0011f120,0x0011F120,0x0011F1AC,140
FUN_0011f1b0,0x0011F1B0,0x0011F1E8,56
FUN_0011f1e8,0x0011F1E8,0x0011F3F0,520
FUN_0011f3f0,0x0011F3F0,0x0011F5F8,520
FUN_0011f5f8,0x0011F5F8,0x0011F688,144
FUN_0011f688,0x0011F688,0x0011F728,160
FUN_0011f728,0x0011F728,0x0011F7B8,144
FUN_0011f7b8,0x0011F7B8,0x0011F7D4,28
FUN_0011f7d8,0x0011F7D8,0x0011F7F4,28
FUN_0011f7f8,0x0011F7F8,0x0011FA1C,548
FUN_0011fa20,0x0011FA20,0x0011FA40,32
FUN_0011fa40,0x0011FA40,0x0011FA5C,28
FUN_0011fa60,0x0011FA60,0x0011FB64,260
FUN_0011fb68,0x0011FB68,0x0011FB84,28
FUN_0011fb88,0x0011FB88,0x0011FBB0,40
FUN_0011fbb0,0x0011FBB0,0x0011FC9C,236
FUN_0011fca0,0x0011FCA0,0x0011FD7C,220
FUN_0011fd80,0x0011FD80,0x0011FED4,340
FUN_0011fed8,0x0011FED8,0x0011FF00,40
FUN_0011ff00,0x0011FF00,0x0011FF50,80
FUN_0011ff50,0x0011FF50,0x00120060,272
FUN_00120060,0x00120060,0x001200C0,96
FUN_001200c0,0x001200C0,0x00120144,132
FUN_00120148,0x00120148,0x00120158,16
RFU091_00120190,0x00120190,0x001201A0,16
RFU116_SetSyscall_001201a0,0x001201A0,0x001201B0,16
FUN_001201b0,0x001201B0,0x00120274,196
FUN_00120278,0x00120278,0x00120288,16
RFU085_iClearEventFlag_00120288,0x00120288,0x00120298,16
RFU086_WaitEvnetFlag_00120298,0x00120298,0x001202A8,16
FUN_001202a8,0x001202A8,0x001202D8,48
FUN_001202d8,0x001202D8,0x001202E8,16
RFU087_PollEvnetFlag_001202e8,0x001202E8,0x001202F8,16
FUN_001202f8,0x001202F8,0x00120308,16
FUN_00120308,0x00120308,0x00120318,16
RFU088_iPollEvnetFlag_00120318,0x00120318,0x00120328,16
RFU089_ReferEventFlagStatus_00120328,0x00120328,0x00120338,16
FUN_00120338,0x00120338,0x00120378,64
FUN_00120378,0x00120378,0x0012056C,500
FUN_00120680,0x00120680,0x001207B4,308
FUN_001207c0,0x001207C0,0x001208BC,252
FUN_001208e0,0x001208E0,0x00120930,80
FUN_00120930,0x00120930,0x00120948,24
FUN_00120948,0x00120948,0x001209A8,96
FUN_001209a8,0x001209A8,0x001209B4,12
FUN_001209b8,0x001209B8,0x001209C8,16
FUN_00120a40,0x00120A40,0x00120A50,16
FUN_00120a50,0x00120A50,0x00120A84,52
FUN_00120a88,0x00120A88,0x00120B84,252
RFU116_SetSyscall_00120b88,0x00120B88,0x00120B98,16
FUN_00120b98,0x00120B98,0x00120BEC,84
RFU116_SetSyscall_00120bf0,0x00120BF0,0x00120C00,16
FUN_00120c00,0x00120C00,0x00120C10,16
RFU091_00120c48,0x00120C48,0x00120C58,16
FUN_00120c58,0x00120C58,0x00120CC0,104
FUN_00120cc0,0x00120CC0,0x00120D6C,172
FUN_00120d70,0x00120D70,0x00120D80,16
RFU116_SetSyscall_00120db0,0x00120DB0,0x00120DC0,16
FUN_00120dc0,0x00120DC0,0x00120ED8,280
thunk_FUN_00120338,0x00120ED8,0x00120EE0,8
FUN_00120ee0,0x00120EE0,0x00120F50,112
FUN_00120f50,0x00120F50,0x00120F98,72
FUN_00120f98,0x00120F98,0x00120FC0,40
FUN_00120fc0,0x00120FC0,0x0012100C,76
RFU116_SetSyscall_00121010,0x00121010,0x00121020,16
FUN_00121020,0x00121020,0x00121030,16
RFU091_00121068,0x00121068,0x00121078,16
FUN_00121078,0x00121078,0x0012114C,212
FUN_00121150,0x00121150,0x001211B8,104
FUN_001211b8,0x001211B8,0x001211C0,8
FUN_001211c0,0x001211C0,0x001211D0,16
FUN_001211d0,0x001211D0,0x001211E0,16
FUN_001211e0,0x001211E0,0x001211F0,16
FUN_001211f0,0x001211F0,0x00121344,340
FUN_00121348,0x00121348,0x00121400,184
FUN_00121400,0x00121400,0x0012142C,44
FUN_00121430,0x00121430,0x001214C0,144
FUN_001214c0,0x001214C0,0x0012153C,124
FUN_00121540,0x00121540,0x001216D0,400
FUN_001216d0,0x001216D0,0x001216FC,44
FUN_00121758,0x00121758,0x00121790,56
FUN_00121790,0x00121790,0x00121A34,676
FUN_00121a38,0x00121A38,0x00121A84,76
FUN_00121a88,0x00121A88,0x00121B04,124
FUN_00121b08,0x00121B08,0x00121B78,112
FUN_00121b78,0x00121B78,0x00121BC0,72
FUN_00121bc0,0x00121BC0,0x00121C60,160
FUN_00121c60,0x00121C60,0x00121CAC,76
FUN_00121cb0,0x00121CB0,0x00121D00,80
FUN_00121d00,0x00121D00,0x00121D5C,92
FUN_00121d60,0x00121D60,0x00121E0C,172
FUN_00121e10,0x00121E10,0x00121E5C,76
FUN_00121e60,0x00121E60,0x00121F24,196
FUN_00121f28,0x00121F28,0x00121F74,76
FUN_00121f78,0x00121F78,0x00122044,204
FUN_00122048,0x00122048,0x00122090,72
FUN_00122090,0x00122090,0x001220DC,76
FUN_001220e0,0x001220E0,0x0012214C,108
FUN_00122150,0x00122150,0x0012219C,76
FUN_001221a0,0x001221A0,0x00122294,244
FUN_00122298,0x00122298,0x00122314,124
FUN_00122318,0x00122318,0x001223C0,168
FUN_001223c0,0x001223C0,0x00122430,112
FUN_00122430,0x00122430,0x00122484,84
FUN_00122488,0x00122488,0x001224BC,52
FUN_001224c0,0x001224C0,0x0012250C,76
FUN_00122510,0x00122510,0x0012256C,92
FUN_00122570,0x00122570,0x0012269C,300
FUN_001226a0,0x001226A0,0x00122790,240
FUN_00122790,0x00122790,0x00122838,168
FUN_00122838,0x00122838,0x001228B0,120
FUN_001228b0,0x001228B0,0x001228D4,36
FUN_001228d8,0x001228D8,0x00122954,124
FUN_00122958,0x00122958,0x00122A10,184
FUN_00122a10,0x00122A10,0x00122A64,84
FUN_00122a68,0x00122A68,0x00122B10,168
FUN_00122b10,0x00122B10,0x00122BC0,176
FUN_00122bc0,0x00122BC0,0x00122C44,132
FUN_00122c48,0x00122C48,0x00122C64,28
FUN_00122c68,0x00122C68,0x00122FF0,904
FUN_00122ff0,0x00122FF0,0x001230EC,252
FUN_001230f0,0x001230F0,0x00123228,312
FUN_00123228,0x00123228,0x00123298,112
FUN_00123298,0x00123298,0x00123390,248
FUN_00123390,0x00123390,0x00123414,132
FUN_00123ab8,0x00123AB8,0x00123B7C,196
FUN_00124a08,0x00124A08,0x00124A74,108
FUN_00124fc0,0x00124FC0,0x001252DC,796
FUN_001252e0,0x001252E0,0x00125354,116
FUN_00125708,0x00125708,0x00125764,92
FUN_00125aa8,0x00125AA8,0x00125BFC,340
FUN_00125c88,0x00125C88,0x00125EC4,572
FUN_00126468,0x00126468,0x001264B4,76
FUN_00126818,0x00126818,0x001268E4,204
FUN_001268e8,0x001268E8,0x00126AC4,476
FUN_00126bc0,0x00126BC0,0x00126C9C,220
FUN_00127710,0x00127710,0x0012777C,108
FUN_00127948,0x00127948,0x00127A0C,196
FUN_00127eb0,0x00127EB0,0x00128000,336
FUN_00128000,0x00128000,0x0012823C,572
FUN_00128868,0x00128868,0x0012896C,260
FUN_00128970,0x00128970,0x00128A04,148
FUN_00128bf8,0x00128BF8,0x00128CA4,172
FUN_001290c0,0x001290C0,0x00129104,68
FUN_00129108,0x00129108,0x0012914C,68
FUN_00129230,0x00129230,0x00129264,52
FUN_00129268,0x00129268,0x00129288,32
FUN_00129288,0x00129288,0x001293C4,316
FUN_001294a0,0x001294A0,0x001294E8,72
FUN_001294e8,0x001294E8,0x00129524,60
FUN_00129528,0x00129528,0x001295CC,164
FUN_00129710,0x00129710,0x00129754,68
FUN_00129848,0x00129848,0x0012989C,84
FUN_001298f0,0x001298F0,0x00129A2C,316
FUN_00129b80,0x00129B80,0x00129BBC,60
FUN_00129bc0,0x00129BC0,0x00129C94,212
FUN_00129c98,0x00129C98,0x00129CC0,40
FUN_00129cc0,0x00129CC0,0x00129D98,216
FUN_00129d98,0x00129D98,0x00129E60,200
FUN_00129e60,0x00129E60,0x00129EFC,156
FUN_00129f48,0x00129F48,0x00129FC0,120
FUN_00129fc0,0x00129FC0,0x00129FD4,20
FUN_00129fd8,0x00129FD8,0x00129FEC,20
FUN_00129ff0,0x00129FF0,0x0012A004,20
FUN_0012a008,0x0012A008,0x0012A01C,20
FUN_0012a020,0x0012A020,0x0012A034,20
FUN_0012a038,0x0012A038,0x0012A04C,20
FUN_0012a050,0x0012A050,0x0012A064,20
FUN_0012a068,0x0012A068,0x0012A0D0,104
FUN_0012a0d0,0x0012A0D0,0x0012A170,160
FUN_0012a170,0x0012A170,0x0012A240,208
FUN_0012a240,0x0012A240,0x0012A2DC,156
FUN_0012a398,0x0012A398,0x0012A47C,228
FUN_0012a480,0x0012A480,0x0012A520,160
FUN_0012a520,0x0012A520,0x0012A5A0,128
FUN_0012a5a0,0x0012A5A0,0x0012A5F4,84
FUN_0012a5f8,0x0012A5F8,0x0012A670,120
FUN_0012a670,0x0012A670,0x0012A96C,764
FUN_0012a970,0x0012A970,0x0012A98C,28
FUN_0012a990,0x0012A990,0x0012AAE8,344
FUN_0012aae8,0x0012AAE8,0x0012AB80,152
FUN_0012ab80,0x0012AB80,0x0012AC20,160
FUN_0012ac20,0x0012AC20,0x0012AC8C,108
FUN_0012ac90,0x0012AC90,0x0012ADE8,344
FUN_0012ade8,0x0012ADE8,0x0012AE98,176
FUN_0012ae98,0x0012AE98,0x0012B180,744
FUN_0012b180,0x0012B180,0x0012B234,180
FUN_0012b398,0x0012B398,0x0012B5B8,544
FUN_0012b5b8,0x0012B5B8,0x0012B798,480
FUN_0012b798,0x0012B798,0x0012B864,204
FUN_0012b868,0x0012B868,0x0012B900,152
FUN_0012b900,0x0012B900,0x0012B924,36
FUN_0012b928,0x0012B928,0x0012B9C0,152
FUN_0012b9c0,0x0012B9C0,0x0012BA84,196
FUN_0012ba88,0x0012BA88,0x0012BB58,208
FUN_0012bb58,0x0012BB58,0x0012BB7C,36
FUN_0012bb80,0x0012BB80,0x0012BC6C,236
FUN_0012bc70,0x0012BC70,0x0012BD3C,204
FUN_0012be98,0x0012BE98,0x0012BEF0,88
FUN_0012bf00,0x0012BF00,0x0012BFBC,188
FUN_0012bfc0,0x0012BFC0,0x0012C080,192
FUN_0012c080,0x0012C080,0x0012C1A8,296
FUN_0012c1a8,0x0012C1A8,0x0012C1DC,52
FUN_0012c1e0,0x0012C1E0,0x0012C29C,188
FUN_0012c2a0,0x0012C2A0,0x0012C380,224
FUN_0012c430,0x0012C430,0x0012C544,276
FUN_0012c548,0x0012C548,0x0012C6C0,376
FUN_0012c6c0,0x0012C6C0,0x0012C784,196
FUN_0012c7e0,0x0012C7E0,0x0012C95C,380
FUN_0012c960,0x0012C960,0x0012C9D0,112
FUN_0012c9d0,0x0012C9D0,0x0012CB1C,332
FUN_0012cb20,0x0012CB20,0x0012CBAC,140
FUN_0012cbb0,0x0012CBB0,0x0012CCF0,320
FUN_0012ccf0,0x0012CCF0,0x0012CDBC,204
FUN_0012cdc0,0x0012CDC0,0x0012CEDC,284
FUN_0012cee0,0x0012CEE0,0x0012CF9C,188
FUN_0012cfa0,0x0012CFA0,0x0012D16C,460
FUN_0012d170,0x0012D170,0x0012D2C8,344
FUN_0012d2c8,0x0012D2C8,0x0012D394,204
FUN_0012d398,0x0012D398,0x0012D4A4,268
FUN_0012d4a8,0x0012D4A8,0x0012D4C0,24
FUN_0012d4c0,0x0012D4C0,0x0012D4D4,20
FUN_0012d4d8,0x0012D4D8,0x0012D50C,52
FUN_0012d510,0x0012D510,0x0012D528,24
FUN_0012d528,0x0012D528,0x0012D550,40
FUN_0012d550,0x0012D550,0x0012D5E4,148
FUN_0012d608,0x0012D608,0x0012D660,88
FUN_0012d660,0x0012D660,0x0012D834,468
FUN_0012d890,0x0012D890,0x0012D9AC,284
FUN_0012eaf8,0x0012EAF8,0x0012EB04,12
FUN_0012eb08,0x0012EB08,0x0012EBB4,172
FUN_0012ebb8,0x0012EBB8,0x0012EBFC,68
FUN_0012ecd0,0x0012ECD0,0x0012ED2C,92
FUN_0012ed30,0x0012ED30,0x0012EDA8,120
FUN_0012eda8,0x0012EDA8,0x0012EEA0,248
FUN_0012eea0,0x0012EEA0,0x0012EEBC,28
FUN_0012eec0,0x0012EEC0,0x0012EEDC,28
FUN_0012eee0,0x0012EEE0,0x0012EF6C,140
FUN_0012ef70,0x0012EF70,0x0012EFC4,84
FUN_0012efc8,0x0012EFC8,0x0012F01C,84
FUN_0012f020,0x0012F020,0x0012F11C,252
FUN_0012f318,0x0012F318,0x0012F484,364
FUN_0012f488,0x0012F488,0x0012F5BC,308
FUN_0012f938,0x0012F938,0x0012F994,92
FUN_0012f998,0x0012F998,0x0012F9F4,92
FUN_0012faa0,0x0012FAA0,0x0012FB8C,236
FUN_0012fe80,0x0012FE80,0x0012FF14,148
FUN_0012ff18,0x0012FF18,0x0012FF2C,20
FUN_0012ff30,0x0012FF30,0x0012FF94,100
FUN_0012ffc0,0x0012FFC0,0x0012FFCC,12
FUN_0012ffd0,0x0012FFD0,0x0012FFF4,36
FUN_0012fff8,0x0012FFF8,0x00130014,28
FUN_00130018,0x00130018,0x00130078,96
FUN_00130078,0x00130078,0x001300B4,60
FUN_001301d0,0x001301D0,0x00130234,100
FUN_00130238,0x00130238,0x001302AC,116
FUN_00130400,0x00130400,0x00130454,84
FUN_00130458,0x00130458,0x001304A0,72
FUN_001304a0,0x001304A0,0x0013058C,236
FUN_001306f8,0x001306F8,0x001307F4,252
FUN_00130e20,0x00130E20,0x00130E54,52
FUN_00130e58,0x00130E58,0x00130F38,224
FUN_00130f38,0x00130F38,0x00130FCC,148
FUN_00130fd0,0x00130FD0,0x00131080,176
FUN_00131080,0x00131080,0x00131184,260
FUN_00131188,0x00131188,0x00131248,192
FUN_00131248,0x00131248,0x001312C4,124
FUN_001312c8,0x001312C8,0x00131314,76
FUN_00131318,0x00131318,0x001313BC,164
FUN_001313c0,0x001313C0,0x001313EC,44
FUN_001313f0,0x001313F0,0x001314F8,264
FUN_001314f8,0x001314F8,0x00131628,304
FUN_00131628,0x00131628,0x001316A8,128
FUN_001316a8,0x001316A8,0x00131764,188
FUN_00131768,0x00131768,0x001317A0,56
FUN_001317a0,0x001317A0,0x001319AC,524
FUN_001319b0,0x001319B0,0x00131A2C,124
FUN_00131ab0,0x00131AB0,0x00131C08,344
FUN_00131c08,0x00131C08,0x00131C70,104
FUN_00131c70,0x00131C70,0x00131E00,400
FUN_00131e00,0x00131E00,0x00131E7C,124
FUN_00131ed0,0x00131ED0,0x00132068,408
FUN_00132068,0x00132068,0x00132134,204
FUN_001321f0,0x001321F0,0x0013227C,140
FUN_001322c0,0x001322C0,0x00132330,112
FUN_00132330,0x00132330,0x001323F4,196
FUN_00132d20,0x00132D20,0x00132D38,24
FUN_00132d38,0x00132D38,0x00132D9C,100
FUN_00132da0,0x00132DA0,0x00132E00,96
FUN_00132e00,0x00132E00,0x00132EA4,164
FUN_001333a0,0x001333A0,0x001333C4,36
FUN_001333d8,0x001333D8,0x00133484,172
FUN_00133558,0x00133558,0x001335A0,72
FUN_001335a0,0x001335A0,0x001335F8,88
FUN_001335f8,0x001335F8,0x00133668,112
FUN_00133668,0x00133668,0x001336E8,128
FUN_001336e8,0x001336E8,0x00133774,140
FUN_001337c0,0x001337C0,0x00133858,152
FUN_00133858,0x00133858,0x00133878,32
FUN_00133878,0x00133878,0x0013389C,36
FUN_001338a0,0x001338A0,0x001338BC,28
FUN_001338c0,0x001338C0,0x001338E0,32
FUN_001338e0,0x001338E0,0x0013393C,92
FUN_00133940,0x00133940,0x00116FF8,-117064
FUN_00133958,0x00133958,0x001339E0,136
FUN_001339e0,0x001339E0,0x00133A70,144
FUN_00133a70,0x00133A70,0x00133AB4,68
FUN_00133ad8,0x00133AD8,0x00133B58,128
FUN_00133b58,0x00133B58,0x00133B9C,68
FUN_00133bc0,0x00133BC0,0x00133BDC,28
FUN_00133be0,0x00133BE0,0x00133CB8,216
FUN_00133cb8,0x00133CB8,0x00133DE4,300
FUN_00133de8,0x00133DE8,0x00133F78,400
FUN_00133f78,0x00133F78,0x001340BC,324
FUN_001340c0,0x001340C0,0x001341D4,276
FUN_001341d8,0x001341D8,0x00134310,312
FUN_00134310,0x00134310,0x001343E8,216
FUN_001343e8,0x001343E8,0x00134594,428
FUN_00134598,0x00134598,0x00134714,380
FUN_00134750,0x00134750,0x0013490C,444
FUN_00134910,0x00134910,0x00134960,80
FUN_00134960,0x00134960,0x001349E4,132
FUN_001349e8,0x001349E8,0x00134ADC,244
FUN_00135900,0x00135900,0x00135924,36
FUN_00135928,0x00135928,0x00135950,40
FUN_00135950,0x00135950,0x00135A14,196
FUN_00135a38,0x00135A38,0x00135BF4,444
FUN_00135c70,0x00135C70,0x00135C9C,44
FUN_00135ca0,0x00135CA0,0x00135CEC,76
FUN_00135cf0,0x00135CF0,0x00135D10,32
FUN_00135d10,0x00135D10,0x00135DF8,232
FUN_00135df8,0x00135DF8,0x00135EDC,228
FUN_00135f80,0x00135F80,0x00135FA4,36
FUN_00135fc8,0x00135FC8,0x0013607C,180
FUN_00136080,0x00136080,0x001360F4,116
FUN_00136cf0,0x00136CF0,0x00136D14,36
FUN_00136d38,0x00136D38,0x00136DEC,180
FUN_00136df0,0x00136DF0,0x00136E64,116
FUN_001384d8,0x001384D8,0x00138654,380
FUN_00138698,0x00138698,0x001386B4,28
FUN_00138778,0x00138778,0x001387CC,84
FUN_001387d0,0x001387D0,0x00138824,84
FUN_00138828,0x00138828,0x00138938,272
FUN_00138938,0x00138938,0x00138998,96
FUN_00138998,0x00138998,0x00138A7C,228
FUN_00138aa8,0x00138AA8,0x00138B1C,116
FUN_00138b20,0x00138B20,0x00138C34,276
FUN_001391b8,0x001391B8,0x001392CC,276
FUN_00139848,0x00139848,0x001399A4,348
FUN_00139dc8,0x00139DC8,0x00139E14,76
FUN_0013a330,0x0013A330,0x0013A3D8,168
FUN_0013a3d8,0x0013A3D8,0x0013A4C0,232
FUN_0013a4c0,0x0013A4C0,0x0013A5D8,280
FUN_0013a5d8,0x0013A5D8,0x0013A63C,100
FUN_0013a650,0x0013A650,0x0013A6CC,124
FUN_0013a778,0x0013A778,0x0013A7B4,60
FUN_0013a7b8,0x0013A7B8,0x0013A814,92
FUN_0013a870,0x0013A870,0x0013A8AC,60
FUN_0013a8d0,0x0013A8D0,0x0013A8FC,44
FUN_0013a900,0x0013A900,0x0013A93C,60
FUN_0013a940,0x0013A940,0x0013A96C,44
FUN_0013aa18,0x0013AA18,0x0013AA4C,52
FUN_0013aad8,0x0013AAD8,0x0013AC24,332
FUN_0013ad38,0x0013AD38,0x0013AD90,88
FUN_0013ad90,0x0013AD90,0x0013ADF4,100
FUN_0013adf8,0x0013ADF8,0x0013AE9C,164
FUN_0013b080,0x0013B080,0x0013B10C,140
FUN_0013b1c0,0x0013B1C0,0x0013B224,100
FUN_0013b2e0,0x0013B2E0,0x0013B32C,76
FUN_0013b330,0x0013B330,0x0013B384,84
FUN_0013b3e8,0x0013B3E8,0x0013B484,156
FUN_0013b488,0x0013B488,0x0013B4B4,44
FUN_0013b4b8,0x0013B4B8,0x0013B50C,84
FUN_0013b510,0x0013B510,0x0013B58C,124
FUN_0013b5b0,0x0013B5B0,0x0013B61C,108
FUN_0013b620,0x0013B620,0x0013B648,40
FUN_0013b650,0x0013B650,0x0013B6B0,96
FUN_0013b6b0,0x0013B6B0,0x0013B6C4,20
FUN_0013b6d0,0x0013B6D0,0x0013B6E4,20
FUN_0013b6f0,0x0013B6F0,0x0013B714,36
FUN_0013b720,0x0013B720,0x0013B75C,60
FUN_0013b760,0x0013B760,0x0013B784,36
FUN_0013b790,0x0013B790,0x0013B7AC,28
FUN_0013b7b0,0x0013B7B0,0x0013B7C4,20
FUN_0013b7d0,0x0013B7D0,0x0013B7E4,20
FUN_0013b7f0,0x0013B7F0,0x0013B8F4,260
FUN_0013b900,0x0013B900,0x0013B964,100
FUN_0013b970,0x0013B970,0x0013B9C0,80
FUN_0013b9c0,0x0013B9C0,0x0013BC60,672
FUN_0013bc60,0x0013BC60,0x0013BC9C,60
FUN_0013bca0,0x0013BCA0,0x0013BD1C,124
FUN_0013bd20,0x0013BD20,0x0013BD98,120
FUN_0013bda0,0x0013BDA0,0x0013BED0,304
FUN_0013bed0,0x0013BED0,0x0013BFE8,280
FUN_0013bff0,0x0013BFF0,0x0013C1BC,460
FUN_0013c1c0,0x0013C1C0,0x0013C240,128
FUN_0013c240,0x0013C240,0x0013C268,40
FUN_0013c270,0x0013C270,0x0013C48C,540
FUN_0013c490,0x0013C490,0x0013C4F4,100
FUN_0013c500,0x0013C500,0x0013C584,132
FUN_0013c590,0x0013C590,0x0013C5DC,76
FUN_0013c5e0,0x0013C5E0,0x0013C604,36
FUN_0013c610,0x0013C610,0x0013C63C,44
FUN_0013c640,0x0013C640,0x0013C678,56
FUN_0013c680,0x0013C680,0x0013C6AC,44
FUN_0013c6b0,0x0013C6B0,0x0013C8C4,532
FUN_0013c8d0,0x0013C8D0,0x0013CA00,304
FUN_0013ca00,0x0013CA00,0x0013CB74,372
FUN_0013cb80,0x0013CB80,0x0013CCA8,296
FUN_0013ccb0,0x0013CCB0,0x0013CD18,104
FUN_0013cd20,0x0013CD20,0x0013CD88,104
FUN_0013cd90,0x0013CD90,0x0013CDF8,104
FUN_0013ce00,0x0013CE00,0x0013CE34,52
FUN_0013ce40,0x0013CE40,0x0013CEE4,164
FUN_0013cef0,0x0013CEF0,0x0013D004,276
FUN_0013d010,0x0013D010,0x0013D078,104
FUN_0013d080,0x0013D080,0x0013D0CC,76
FUN_0013d0d0,0x0013D0D0,0x0013D138,104
FUN_0013d140,0x0013D140,0x0013D1B4,116
FUN_0013d1c0,0x0013D1C0,0x0013D284,196
FUN_0013d290,0x0013D290,0x0013D2A8,24
FUN_0013d2b0,0x0013D2B0,0x0013D2D0,32
FUN_0013d2d0,0x0013D2D0,0x0013D2FC,44
FUN_0013d300,0x0013D300,0x0013D334,52
FUN_0013d340,0x0013D340,0x0013D378,56
FUN_0013d380,0x0013D380,0x0013D3A8,40
FUN_0013d3b0,0x0013D3B0,0x0013D3DC,44
FUN_0013d3e0,0x0013D3E0,0x0013D410,48
FUN_0013d410,0x0013D410,0x0013D600,496
FUN_0013d600,0x0013D600,0x0013D624,36
FUN_0013d630,0x0013D630,0x0013D7C4,404
FUN_0013d7d0,0x0013D7D0,0x0013D8DC,268
FUN_0013d8e0,0x0013D8E0,0x0013D96C,140
FUN_0013d970,0x0013D970,0x0013DB34,452
FUN_0013db40,0x0013DB40,0x0013DBCC,140
FUN_0013dbd0,0x0013DBD0,0x0013DD80,432
FUN_0013dd80,0x0013DD80,0x0013DDA4,36
FUN_0013ddb0,0x0013DDB0,0x0013DDE4,52
FUN_0013ddf0,0x0013DDF0,0x0013DE10,32
FUN_0013de10,0x0013DE10,0x0013DE44,52
FUN_0013de50,0x0013DE50,0x0013DE78,40
FUN_0013de80,0x0013DE80,0x0013DE9C,28
FUN_0013dea0,0x0013DEA0,0x0013DEB4,20
FUN_0013dec0,0x0013DEC0,0x0013DEE4,36
FUN_0013def0,0x0013DEF0,0x0013DF04,20
FUN_0013df10,0x0013DF10,0x0013DF60,80
FUN_0013df60,0x0013DF60,0x0013DF74,20
FUN_0013df80,0x0013DF80,0x0013DF94,20
FUN_0013dfa0,0x0013DFA0,0x0013DFE4,68
FUN_0013dff0,0x0013DFF0,0x0013E034,68
FUN_0013e040,0x0013E040,0x0013E080,64
FUN_0013e080,0x0013E080,0x0013E08C,12
FUN_0013e090,0x0013E090,0x0013E0A0,16
FUN_0013e0a0,0x0013E0A0,0x0013E0FC,92
FUN_0013e100,0x0013E100,0x0013E178,120
FUN_0013e180,0x0013E180,0x0013E1E4,100
FUN_0013e1f0,0x0013E1F0,0x0013E200,16
FUN_0013e200,0x0013E200,0x0013E288,136
FUN_0013e290,0x0013E290,0x0013E2B0,32
FUN_0013e2b0,0x0013E2B0,0x0013E2D0,32
FUN_0013e2d0,0x0013E2D0,0x0013E2F0,32
FUN_0013e2f0,0x0013E2F0,0x0013E2F8,8
FUN_0013e300,0x0013E300,0x0013E31C,28
FUN_0013e320,0x0013E320,0x0013E340,32
FUN_0013e340,0x0013E340,0x0013E348,8
FUN_0013e350,0x0013E350,0x0013E358,8
FUN_0013e360,0x0013E360,0x0013E374,20
FUN_0013e380,0x0013E380,0x0013E388,8
FUN_0013e390,0x0013E390,0x0013E3C8,56
FUN_0013e3d0,0x0013E3D0,0x0013E3D8,8
FUN_0013e3e0,0x0013E3E0,0x0013E3E8,8
FUN_0013e3f0,0x0013E3F0,0x0013E3F8,8
FUN_0013e400,0x0013E400,0x0013E408,8
FUN_0013e410,0x0013E410,0x0013E418,8
FUN_0013e420,0x0013E420,0x0013E440,32
FUN_0013e440,0x0013E440,0x0013E948,1288
FUN_0013e950,0x0013E950,0x0013EB24,468
FUN_0013eb30,0x0013EB30,0x0013EBB0,128
FUN_0013ebb0,0x0013EBB0,0x0013EBCC,28
FUN_0013ebd0,0x0013EBD0,0x0013EBF0,32
FUN_0013ebf0,0x0013EBF0,0x0013EC20,48
FUN_0013ec20,0x0013EC20,0x0013EC58,56
FUN_0013ec60,0x0013EC60,0x0013ECCC,108
FUN_0013ecd0,0x0013ECD0,0x0013ED34,100
FUN_0013ed40,0x0013ED40,0x0013ED9C,92
FUN_0013eda0,0x0013EDA0,0x0013EDFC,92
FUN_0013ee00,0x0013EE00,0x0013EE58,88
FUN_0013ee60,0x0013EE60,0x0013EED8,120
FUN_0013eee0,0x0013EEE0,0x0013EF90,176
FUN_0013ef90,0x0013EF90,0x0013EFF0,96
FUN_0013eff0,0x0013EFF0,0x0013F008,24
FUN_0013f010,0x0013F010,0x0013F054,68
FUN_0013f060,0x0013F060,0x0013F068,8
FUN_0013f070,0x0013F070,0x0013F0A4,52
FUN_0013f0b0,0x0013F0B0,0x0013F0C4,20
FUN_0013f0d0,0x0013F0D0,0x0013F0D8,8
FUN_0013f0e0,0x0013F0E0,0x0013F23C,348
FUN_0013f240,0x0013F240,0x0013F2F8,184
FUN_0013f300,0x0013F300,0x0013F328,40
FUN_0013f330,0x0013F330,0x0013F450,288
FUN_0013f450,0x0013F450,0x0013F564,276
FUN_0013f570,0x0013F570,0x0013F628,184
FUN_0013f630,0x0013F630,0x0013F6B8,136
FUN_0013f6c0,0x0013F6C0,0x0013F720,96
FUN_0013f720,0x0013F720,0x0013F768,72
FUN_0013f770,0x0013F770,0x0013F780,16
FUN_0013f780,0x0013F780,0x0013F974,500
FUN_0013f980,0x0013F980,0x0013FA1C,156
FUN_0013fa20,0x0013FA20,0x0013FB24,260
FUN_0013fb30,0x0013FB30,0x0013FB8C,92
FUN_0013fb90,0x0013FB90,0x0013FC2C,156
FUN_0013fc30,0x0013FC30,0x0013FC60,48
FUN_0013fc60,0x0013FC60,0x0013FC90,48
FUN_0013fc90,0x0013FC90,0x0013FCAC,28
FUN_0013fcb0,0x0013FCB0,0x0013FCE4,52
FUN_0013fcf0,0x0013FCF0,0x0013FD18,40
FUN_0013fd20,0x0013FD20,0x0013FF6C,588
FUN_0013ff70,0x0013FF70,0x0013FF78,8
FUN_0013ff80,0x0013FF80,0x0013FF88,8
FUN_0013ff90,0x0013FF90,0x00140408,1144
FUN_00140410,0x00140410,0x00140484,116
FUN_00140490,0x00140490,0x0014053C,172
FUN_00140540,0x00140540,0x00140580,64
FUN_00140580,0x00140580,0x0014082C,684
FUN_00140830,0x00140830,0x00140890,96
FUN_00140890,0x00140890,0x001409B8,296
FUN_001409c0,0x001409C0,0x00140A28,104
FUN_00140a30,0x00140A30,0x00140B00,208
FUN_00140b00,0x00140B00,0x00140DC4,708
FUN_00140dd0,0x00140DD0,0x00140F38,360
FUN_00140f40,0x00140F40,0x00141014,212
FUN_00141020,0x00141020,0x001414C8,1192
FUN_001414d0,0x001414D0,0x00141748,632
FUN_00141750,0x00141750,0x00141830,224
FUN_00141830,0x00141830,0x001418A8,120
FUN_001418b0,0x001418B0,0x00141994,228
FUN_001419a0,0x001419A0,0x00141B00,352
FUN_00141b00,0x00141B00,0x00141BE8,232
FUN_00141bf0,0x00141BF0,0x00141C48,88
FUN_00141c50,0x00141C50,0x00141C6C,28
FUN_00141c70,0x00141C70,0x00141CA0,48
FUN_00141ca0,0x00141CA0,0x00141CE0,64
FUN_00141ce0,0x00141CE0,0x00141D08,40
FUN_00141d10,0x00141D10,0x001422E4,1492
FUN_001422f0,0x001422F0,0x001423A0,176
FUN_001423a0,0x001423A0,0x001424E8,328
FUN_001424f0,0x001424F0,0x001426FC,524
FUN_00142700,0x00142700,0x001428C4,452
FUN_001428d0,0x001428D0,0x001428F4,36
FUN_00142900,0x00142900,0x00142A10,272
FUN_00142a10,0x00142A10,0x00142B60,336
FUN_00142b60,0x00142B60,0x00142B84,36
FUN_00142b90,0x00142B90,0x00142BBC,44
FUN_00142bc0,0x00142BC0,0x00142C58,152
FUN_00142c60,0x00142C60,0x00142DE0,384
FUN_00142de0,0x00142DE0,0x00142FF8,536
FUN_00143000,0x00143000,0x00143030,48
FUN_00143030,0x00143030,0x0014309C,108
FUN_001430c0,0x001430C0,0x001430E8,40
FUN_001430f0,0x001430F0,0x0014315C,108
FUN_00143160,0x00143160,0x00143190,48
FUN_00143190,0x00143190,0x001431B0,32
FUN_001431b0,0x001431B0,0x001431E0,48
FUN_001431e0,0x001431E0,0x00143344,356
FUN_00143350,0x00143350,0x00143378,40
FUN_00143380,0x00143380,0x00143828,1192
FUN_00143830,0x00143830,0x0014434C,2844
FUN_00144350,0x00144350,0x00144358,8
FUN_00144360,0x00144360,0x0014436C,12
FUN_00144370,0x00144370,0x00144380,16
FUN_00144380,0x00144380,0x00144620,672
FUN_00144620,0x00144620,0x00144634,20
FUN_00144640,0x00144640,0x00144688,72
FUN_00144690,0x00144690,0x00144A64,980
FUN_00144a70,0x00144A70,0x00144A94,36
FUN_00144aa0,0x00144AA0,0x00144C58,440
FUN_00144c60,0x00144C60,0x00144C70,16
FUN_00144c70,0x00144C70,0x00144F2C,700
FUN_00144f30,0x00144F30,0x001451D4,676
FUN_001451e0,0x001451E0,0x00145234,84
FUN_00145240,0x00145240,0x00145248,8
FUN_00145250,0x00145250,0x001452A8,88
FUN_001452b0,0x001452B0,0x001452D0,32
FUN_001452d0,0x001452D0,0x00145330,96
FUN_00145330,0x00145330,0x00145354,36
FUN_00145360,0x00145360,0x00145384,36
FUN_00145390,0x00145390,0x0014539C,12
FUN_001453a0,0x001453A0,0x001453AC,12
FUN_001453b0,0x001453B0,0x00145438,136
FUN_00145440,0x00145440,0x0014544C,12
FUN_00145450,0x00145450,0x0014545C,12
FUN_00145460,0x00145460,0x00145BF4,1940
FUN_00145c00,0x00145C00,0x00145C2C,44
mg_draw_cpp__assert_ref_1,0x00145C30,0x00145D6C,316
FUN_00145d70,0x00145D70,0x00145DC0,80
FUN_00145dc0,0x00145DC0,0x00145DF4,52
FUN_00145e00,0x00145E00,0x00145F0C,268
FUN_00145f10,0x00145F10,0x00145FF0,224
FUN_00145ff0,0x00145FF0,0x001460AC,188
FUN_001460b0,0x001460B0,0x001460F4,68
FUN_00146100,0x00146100,0x00146C74,2932
FUN_00146c80,0x00146C80,0x001470E8,1128
FUN_001470f0,0x001470F0,0x00147174,132
FUN_00147180,0x00147180,0x001472AC,300
FUN_001472b0,0x001472B0,0x00148110,3680
FUN_00148110,0x00148110,0x00148134,36
FUN_00148140,0x00148140,0x001481E0,160
FUN_001481e0,0x001481E0,0x001484A4,708
FUN_001484b0,0x001484B0,0x00148530,128
FUN_00148530,0x00148530,0x001486AC,380
FUN_001486b0,0x001486B0,0x001486B8,8
FUN_001486c0,0x001486C0,0x00148794,212
FUN_001487a0,0x001487A0,0x0014882C,140
FUN_00148830,0x00148830,0x001488BC,140
FUN_001488c0,0x001488C0,0x00148944,132
FUN_00148950,0x00148950,0x00148A14,196
FUN_00148a20,0x00148A20,0x00148A7C,92
FUN_00148a80,0x00148A80,0x00148C90,528
FUN_00148c90,0x00148C90,0x00148D04,116
FUN_00148d10,0x00148D10,0x00148F04,500
FUN_00148f10,0x00148F10,0x00148F80,112
FUN_00148f80,0x00148F80,0x00148FB4,52
FUN_00148fc0,0x00148FC0,0x00148FC8,8
FUN_00148fd0,0x00148FD0,0x00148FDC,12
FUN_00148fe0,0x00148FE0,0x00148FE8,8
FUN_00148ff0,0x00148FF0,0x00148FFC,12
FUN_00149000,0x00149000,0x00149240,576
FUN_00149240,0x00149240,0x00149380,320
FUN_00149380,0x00149380,0x001493D8,88
FUN_001493e0,0x001493E0,0x00149410,48
FUN_00149410,0x00149410,0x00149454,68
FUN_00149460,0x00149460,0x00149494,52
FUN_001494a0,0x001494A0,0x0014984C,940
FUN_00149850,0x00149850,0x00149890,64
FUN_00149890,0x00149890,0x001499C4,308
FUN_001499d0,0x001499D0,0x001499F0,32
FUN_001499f0,0x001499F0,0x00149B28,312
FUN_00149b30,0x00149B30,0x00149FD0,1184
FUN_00149fd0,0x00149FD0,0x0014A024,84
FUN_0014a030,0x0014A030,0x0014A1A4,372
FUN_0014a1b0,0x0014A1B0,0x0014A204,84
FUN_0014a210,0x0014A210,0x0014A244,52
FUN_0014a250,0x0014A250,0x0014A258,8
FUN_0014a260,0x0014A260,0x0014A268,8
FUN_0014a270,0x0014A270,0x0014A2E4,116
FUN_0014a2f0,0x0014A2F0,0x0014A344,84
FUN_0014a350,0x0014A350,0x0014A448,248
FUN_0014a450,0x0014A450,0x0014A484,52
FUN_0014a490,0x0014A490,0x0014A624,404
FUN_0014a630,0x0014A630,0x0014A704,212
FUN_0014a710,0x0014A710,0x0014A740,48
FUN_0014a740,0x0014A740,0x0014A764,36
FUN_0014a770,0x0014A770,0x0014A79C,44
FUN_0014a7a0,0x0014A7A0,0x0014A7D8,56
FUN_0014a7e0,0x0014A7E0,0x0014A808,40
FUN_0014a810,0x0014A810,0x0014A83C,44
FUN_0014a840,0x0014A840,0x0014A8B8,120
FUN_0014a8c0,0x0014A8C0,0x0014A9A4,228
FUN_0014a9b0,0x0014A9B0,0x0014AA78,200
FUN_0014aa80,0x0014AA80,0x0014AB1C,156
FUN_0014ab20,0x0014AB20,0x0014AB98,120
FUN_0014aba0,0x0014ABA0,0x0014ABB4,20
FUN_0014abc0,0x0014ABC0,0x0014ABF8,56
FUN_0014ac00,0x0014AC00,0x0014AC14,20
FUN_0014ac20,0x0014AC20,0x0014ACA8,136
FUN_0014acb0,0x0014ACB0,0x0014ACBC,12
FUN_0014acc0,0x0014ACC0,0x0014ADD4,276
FUN_0014ade0,0x0014ADE0,0x0014AE14,52
FUN_0014ae20,0x0014AE20,0x0014AE54,52
FUN_0014ae60,0x0014AE60,0x0014AE8C,44
FUN_0014ae90,0x0014AE90,0x0014AFC4,308
FUN_0014afd0,0x0014AFD0,0x0014B024,84
FUN_0014b030,0x0014B030,0x0014B084,84
FUN_0014b090,0x0014B090,0x0014B238,424
FUN_0014b240,0x0014B240,0x0014B278,56
FUN_0014b280,0x0014B280,0x0014B2B8,56
FUN_0014b2c0,0x0014B2C0,0x0014B3B4,244
FUN_0014b3c0,0x0014B3C0,0x0014B974,1460
FUN_0014b980,0x0014B980,0x0014B9B0,48
FUN_0014b9b0,0x0014B9B0,0x0014BA44,148
FUN_0014ba50,0x0014BA50,0x0014BAE4,148
FUN_0014baf0,0x0014BAF0,0x0014BB5C,108
FUN_0014bb60,0x0014BB60,0x0014BBCC,108
FUN_0014bbd0,0x0014BBD0,0x0014BBE4,20
FUN_0014bbf0,0x0014BBF0,0x0014BC0C,28
FUN_0014bc10,0x0014BC10,0x0014BD0C,252
FUN_0014bd10,0x0014BD10,0x0014BE6C,348
FUN_0014be70,0x0014BE70,0x0014BEE0,112
FUN_0014bee0,0x0014BEE0,0x0014BFF0,272
FUN_0014bff0,0x0014BFF0,0x0014C210,544
FUN_0014c210,0x0014C210,0x0014C284,116
FUN_0014c290,0x0014C290,0x0014C310,128
FUN_0014c310,0x0014C310,0x0014C498,392
FUN_0014c4a0,0x0014C4A0,0x0014C640,416
FUN_0014c640,0x0014C640,0x0014C65C,28
FUN_0014c660,0x0014C660,0x0014C67C,28
FUN_0014c680,0x0014C680,0x0014C710,144
FUN_0014c710,0x0014C710,0x0014CB68,1112
FUN_0014cb70,0x0014CB70,0x0014CCEC,380
FUN_0014ccf0,0x0014CCF0,0x0014CD08,24
FUN_0014cd10,0x0014CD10,0x0014CD60,80
FUN_0014cd60,0x0014CD60,0x0014CD78,24
FUN_0014cd80,0x0014CD80,0x0014CE20,160
FUN_0014ce20,0x0014CE20,0x0014CEF4,212
FUN_0014cf00,0x0014CF00,0x0014CF50,80
FUN_0014cf50,0x0014CF50,0x0014CF68,24
FUN_0014cf70,0x0014CF70,0x0014D0DC,364
FUN_0014d0e0,0x0014D0E0,0x0014D260,384
FUN_0014d260,0x0014D260,0x0014D2A0,64
FUN_0014d2a0,0x0014D2A0,0x0014D30C,108
FUN_0014d310,0x0014D310,0x0014D37C,108
FUN_0014d380,0x0014D380,0x0014D39C,28
FUN_0014d3a0,0x0014D3A0,0x0014D40C,108
FUN_0014d410,0x0014D410,0x0014D428,24
FUN_0014d430,0x0014D430,0x0014D448,24
FUN_0014d450,0x0014D450,0x0014D468,24
FUN_0014d470,0x0014D470,0x0014D488,24
FUN_0014d490,0x0014D490,0x0014D4AC,28
FUN_0014d4b0,0x0014D4B0,0x0014D50C,92
FUN_0014d510,0x0014D510,0x0014D528,24
FUN_0014d530,0x0014D530,0x0014D548,24
FUN_0014d550,0x0014D550,0x0014D568,24
FUN_0014d570,0x0014D570,0x0014D58C,28
FUN_0014d590,0x0014D590,0x0014D5AC,28
FUN_0014d5b0,0x0014D5B0,0x0014D5CC,28
FUN_0014d5d0,0x0014D5D0,0x0014D5FC,44
FUN_0014d600,0x0014D600,0x0014D700,256
FUN_0014d700,0x0014D700,0x0014D808,264
FUN_0014d810,0x0014D810,0x0014D9E8,472
FUN_0014d9f0,0x0014D9F0,0x0014D9F8,8
FUN_0014da00,0x0014DA00,0x0014DA18,24
FUN_0014da20,0x0014DA20,0x0014DA2C,12
FUN_0014da30,0x0014DA30,0x0014DA38,8
FUN_0014da40,0x0014DA40,0x0014DA50,16
FUN_0014da50,0x0014DA50,0x0014DC20,464
FUN_0014dc20,0x0014DC20,0x0014DC7C,92
FUN_0014dc80,0x0014DC80,0x0014DCF4,116
FUN_0014dd00,0x0014DD00,0x0014DD54,84
FUN_0014dd60,0x0014DD60,0x0014DE58,248
FUN_0014de60,0x0014DE60,0x0014DEB8,88
FUN_0014dec0,0x0014DEC0,0x0014DEDC,28
FUN_0014dee0,0x0014DEE0,0x0014DEF0,16
FUN_0014def0,0x0014DEF0,0x0014DF0C,28
FUN_0014df10,0x0014DF10,0x0014DF30,32
FUN_0014df30,0x0014DF30,0x0014DF74,68
FUN_0014df80,0x0014DF80,0x0014E000,128
FUN_0014e000,0x0014E000,0x0014E028,40
FUN_0014e030,0x0014E030,0x0014E0AC,124
FUN_0014e0b0,0x0014E0B0,0x0014E12C,124
FUN_0014e130,0x0014E130,0x0014E1D4,164
FUN_0014e1e0,0x0014E1E0,0x0014E240,96
FUN_0014e240,0x0014E240,0x0014E318,216
FUN_0014e320,0x0014E320,0x0014E354,52
FUN_0014e360,0x0014E360,0x0014E4FC,412
FUN_0014e500,0x0014E500,0x0014E534,52
FUN_0014e540,0x0014E540,0x0014E548,8
FUN_0014e550,0x0014E550,0x0014E558,8
FUN_0014e560,0x0014E560,0x0014E568,8
FUN_0014e570,0x0014E570,0x0014E634,196
FUN_0014e640,0x0014E640,0x0014E6F4,180
FUN_0014e700,0x0014E700,0x0014E748,72
FUN_0014e750,0x0014E750,0x0014E860,272
FUN_0014e860,0x0014E860,0x0014E8A0,64
FUN_0014e8a0,0x0014E8A0,0x0014E91C,124
FUN_0014e920,0x0014E920,0x0014E9C4,164
FUN_0014e9d0,0x0014E9D0,0x0014EA74,164
FUN_0014ea80,0x0014EA80,0x0014EB24,164
FUN_0014eb30,0x0014EB30,0x0014EBD4,164
FUN_0014ebe0,0x0014EBE0,0x0014EC94,180
FUN_0014eca0,0x0014ECA0,0x0014ED34,148
FUN_0014ed40,0x0014ED40,0x0014ED5C,28
FUN_0014ed60,0x0014ED60,0x0014EDE8,136
FUN_0014edf0,0x0014EDF0,0x0014EFB8,456
thunk_FUN_0021d150,0x0014EFC0,0x0014EFC8,8
thunk_FUN_0015c2d0,0x0014EFD0,0x0014EFD8,8
thunk_FUN_0015db40,0x0014EFE0,0x0014EFE8,8
FUN_0014eff0,0x0014EFF0,0x0014F060,112
FUN_0014f060,0x0014F060,0x0014F4F8,1176
FUN_0014f500,0x0014F500,0x0014F9AC,1196
FUN_0014f9b0,0x0014F9B0,0x0014FE9C,1260
FUN_0014fea0,0x0014FEA0,0x0014FF20,128
FUN_0014ff20,0x0014FF20,0x0014FFA0,128
FUN_0014ffa0,0x0014FFA0,0x00150030,144
FUN_00150030,0x00150030,0x001507A4,1908
FUN_001507b0,0x001507B0,0x00150814,100
FUN_00150820,0x00150820,0x00150870,80
FUN_00150870,0x00150870,0x00150A60,496
FUN_00150a60,0x00150A60,0x00150B98,312
FUN_00150ba0,0x00150BA0,0x00150C78,216
FUN_00150c80,0x00150C80,0x00150E80,512
FUN_00150e80,0x00150E80,0x00150F30,176
FUN_00150f30,0x00150F30,0x00150F94,100
FUN_00150fa0,0x00150FA0,0x00151378,984
FUN_00151380,0x00151380,0x001513BC,60
FUN_001513c0,0x001513C0,0x00151888,1224
FUN_00151890,0x00151890,0x0015191C,140
FUN_00151920,0x00151920,0x0015198C,108
FUN_00151990,0x00151990,0x00151A20,144
FUN_00151a20,0x00151A20,0x00151AB0,144
FUN_00151ab0,0x00151AB0,0x00151B40,144
FUN_00151b40,0x00151B40,0x00151B84,68
FUN_00151b90,0x00151B90,0x00151BB8,40
FUN_00151bc0,0x00151BC0,0x00151C8C,204
FUN_00151c90,0x00151C90,0x00151E10,384
FUN_00151e10,0x00151E10,0x00151E98,136
FUN_00151ea0,0x00151EA0,0x00151F34,148
FUN_00151f40,0x00151F40,0x00152040,256
FUN_00152040,0x00152040,0x00152050,16
FUN_00152050,0x00152050,0x00152130,224
FUN_00152130,0x00152130,0x001521E0,176
FUN_001521e0,0x001521E0,0x001525BC,988
FUN_001525c0,0x001525C0,0x001526C8,264
FUN_001526d0,0x001526D0,0x00152794,196
FUN_001527a0,0x001527A0,0x001528D0,304
FUN_001528d0,0x001528D0,0x00152970,160
FUN_00152970,0x00152970,0x001529E0,112
FUN_001529e0,0x001529E0,0x00152B58,376
FUN_00152b60,0x00152B60,0x00152CCC,364
FUN_00152cd0,0x00152CD0,0x00152CE4,20
FUN_00152cf0,0x00152CF0,0x00153030,832
FUN_00153050,0x00153050,0x00153080,48
FUN_00153080,0x00153080,0x00153150,208
FUN_00153150,0x00153150,0x0015316C,28
FUN_00153170,0x00153170,0x00153198,40
FUN_001531a0,0x001531A0,0x001531C0,32
FUN_001531c0,0x001531C0,0x0015361C,1116
FUN_00153620,0x00153620,0x00153628,8
FUN_00153630,0x00153630,0x00153650,32
FUN_00153650,0x00153650,0x00153658,8
FUN_00153660,0x00153660,0x00153680,32
FUN_00153680,0x00153680,0x00153768,232
FUN_00153770,0x00153770,0x001537A0,48
FUN_001537a0,0x001537A0,0x001537D8,56
FUN_001537e0,0x001537E0,0x001537F4,20
FUN_00153800,0x00153800,0x001538E8,232
FUN_001538f0,0x001538F0,0x00153920,48
FUN_00153920,0x00153920,0x00153958,56
FUN_00153960,0x00153960,0x00153974,20
FUN_00153980,0x00153980,0x00153A68,232
FUN_00153a70,0x00153A70,0x00153AA0,48
FUN_00153aa0,0x00153AA0,0x00153AD8,56
FUN_00153ae0,0x00153AE0,0x00153AF4,20
FUN_00153b00,0x00153B00,0x00153CE4,484
FUN_00153cf0,0x00153CF0,0x00153D70,128
FUN_00153d70,0x00153D70,0x00153E7C,268
FUN_00153e80,0x00153E80,0x0015434C,1228
FUN_00154350,0x00154350,0x00154B0C,1980
FUN_00154b10,0x00154B10,0x00154BAC,156
FUN_00154bb0,0x00154BB0,0x00154C78,200
FUN_00154c80,0x00154C80,0x00154DB8,312
FUN_00154dc0,0x00154DC0,0x00154ED0,272
FUN_00154ed0,0x00154ED0,0x00154ED8,8
FUN_00154f00,0x00154F00,0x00154F40,64
FUN_00154f40,0x00154F40,0x00155018,216
FUN_00155020,0x00155020,0x001550C8,168
FUN_001550d0,0x001550D0,0x001550DC,12
FUN_001550e0,0x001550E0,0x001551B0,208
FUN_001551b0,0x001551B0,0x001553FC,588
FUN_00155400,0x00155400,0x001556A4,676
FUN_001556b0,0x001556B0,0x00155790,224
FUN_00155790,0x00155790,0x00155BAC,1052
FUN_00155bb0,0x00155BB0,0x00155FC8,1048
FUN_00155fd0,0x00155FD0,0x00156240,624
FUN_00156240,0x00156240,0x00156400,448
FUN_00156400,0x00156400,0x00156504,260
FUN_00156510,0x00156510,0x0015660C,252
FUN_00156610,0x00156610,0x00156830,544
FUN_00156830,0x00156830,0x00156A14,484
FUN_00156a20,0x00156A20,0x00156C3C,540
FUN_00156c40,0x00156C40,0x00156CF4,180
FUN_00156d00,0x00156D00,0x00156E94,404
FUN_00156ea0,0x00156EA0,0x00157348,1192
FUN_00157350,0x00157350,0x001573F8,168
thunk_FUN_0013d2b0,0x00157400,0x00157408,8
FUN_00157410,0x00157410,0x00157428,24
FUN_00157430,0x00157430,0x00157480,80
FUN_00157480,0x00157480,0x001574F8,120
FUN_00157500,0x00157500,0x00157538,56
FUN_00157540,0x00157540,0x00157598,88
FUN_001575a0,0x001575A0,0x00157644,164
FUN_00157650,0x00157650,0x00157684,52
FUN_00157690,0x00157690,0x00157704,116
FUN_00157710,0x00157710,0x00157860,336
FUN_00157860,0x00157860,0x001578C4,100
FUN_001578d0,0x001578D0,0x001578EC,28
FUN_001578f0,0x001578F0,0x0015792C,60
FUN_00157930,0x00157930,0x00157984,84
FUN_00157990,0x00157990,0x00157A34,164
FUN_00157a40,0x00157A40,0x00157A60,32
FUN_00157a60,0x00157A60,0x00157AF0,144
FUN_00157af0,0x00157AF0,0x00157B2C,60
FUN_00157b30,0x00157B30,0x00157B70,64
FUN_00157b70,0x00157B70,0x00157B7C,12
FUN_00157b80,0x00157B80,0x00157BB4,52
FUN_00157bc0,0x00157BC0,0x00157BF8,56
FUN_00157c00,0x00157C00,0x00157CFC,252
FUN_00157d00,0x00157D00,0x00157DDC,220
FUN_00157de0,0x00157DE0,0x00157E84,164
FUN_00157e90,0x00157E90,0x00157F48,184
FUN_00157f50,0x00157F50,0x00157F88,56
FUN_00157f90,0x00157F90,0x00157FA4,20
FUN_00157fb0,0x00157FB0,0x00158130,384
FUN_00158130,0x00158130,0x00158138,8
FUN_00158140,0x00158140,0x0015814C,12
FUN_00158150,0x00158150,0x001581B8,104
FUN_001581b8,0x001581B8,0x001581C0,8
FUN_001581c0,0x001581C0,0x001581D4,20
FUN_001583c4,0x001583C4,0x001583CC,8
FUN_001583cc,0x001583CC,0x001583E0,20
FUN_001583e0,0x001583E0,0x00158410,48
FUN_00158410,0x00158410,0x001585F4,484
FUN_00158600,0x00158600,0x00158674,116
FUN_00158680,0x00158680,0x001586F4,116
FUN_00158700,0x00158700,0x00158750,80
FUN_00158750,0x00158750,0x001587DC,140
FUN_001587e0,0x001587E0,0x0015886C,140
FUN_00158870,0x00158870,0x00158978,264
FUN_00158980,0x00158980,0x00158CDC,860
FUN_00158ce0,0x00158CE0,0x00158EBC,476
FUN_00158ec0,0x00158EC0,0x00159148,648
FUN_00159150,0x00159150,0x00159610,1216
FUN_00159610,0x00159610,0x0015961C,12
FUN_00159620,0x00159620,0x00159628,8
FUN_00159630,0x00159630,0x00159750,288
FUN_00159750,0x00159750,0x00159794,68
FUN_001597d4,0x001597D4,0x001597E8,20
FUN_001597e8,0x001597E8,0x00159808,32
FUN_00159810,0x00159810,0x00159A40,560
FUN_00159a40,0x00159A40,0x00159B84,324
FUN_00159b90,0x00159B90,0x00159BA0,16
FUN_00159ba0,0x00159BA0,0x00159EA4,772
FUN_00159eb0,0x00159EB0,0x00159F98,232
FUN_00159fa0,0x00159FA0,0x0015A050,176
FUN_0015a050,0x0015A050,0x0015A198,328
FUN_0015a1a0,0x0015A1A0,0x0015A318,376
FUN_0015a320,0x0015A320,0x0015A490,368
FUN_0015a490,0x0015A490,0x0015A49C,12
FUN_0015a4a0,0x0015A4A0,0x0015A920,1152
FUN_0015a920,0x0015A920,0x0015A968,72
FUN_0015a970,0x0015A970,0x0015AAF0,384
FUN_0015aaf0,0x0015AAF0,0x0015AAFC,12
FUN_0015aba0,0x0015ABA0,0x0015ADCC,556
FUN_0015add0,0x0015ADD0,0x0015AEA4,212
FUN_0015aeb0,0x0015AEB0,0x0015AEF0,64
FUN_0015aef0,0x0015AEF0,0x0015AFEC,252
FUN_0015aff0,0x0015AFF0,0x0015B184,404
FUN_0015b190,0x0015B190,0x0015B274,228
FUN_0015b280,0x0015B280,0x0015B348,200
FUN_0015b348,0x0015B348,0x0015B354,12
FUN_0015b370,0x0015B370,0x0015B3E8,120
FUN_0015b3f0,0x0015B3F0,0x0015B57C,396
FUN_0015b580,0x0015B580,0x0015B734,436
FUN_0015b740,0x0015B740,0x0015B768,40
FUN_0015b790,0x0015B790,0x0015B79C,12
FUN_0015b7a0,0x0015B7A0,0x0015B828,136
FUN_0015b830,0x0015B830,0x0015BDE0,1456
FUN_0015bde0,0x0015BDE0,0x0015BF48,360
FUN_0015bf50,0x0015BF50,0x0015BF7C,44
FUN_0015bf80,0x0015BF80,0x0015C024,164
FUN_0015c030,0x0015C030,0x0015C058,40
FUN_0015c0e0,0x0015C0E0,0x0015C2D0,496
FUN_0015c2d0,0x0015C2D0,0x0015C2F8,40
FUN_0015c330,0x0015C330,0x0015C3A4,116
FUN_0015c480,0x0015C480,0x0015C9B4,1332
FUN_0015c9c0,0x0015C9C0,0x0015D3A4,2532
FUN_0015d3a4,0x0015D3A4,0x0015D448,164
FUN_0015d448,0x0015D448,0x0015D4EC,164
FUN_0015d4ec,0x0015D4EC,0x0015D89C,944
FUN_0015d89c,0x0015D89C,0x0015D8CC,48
FUN_0015d8d0,0x0015D8D0,0x0015D8D8,8
FUN_0015d8e0,0x0015D8E0,0x0015D9F8,280
FUN_0015da00,0x0015DA00,0x0015DB40,320
FUN_0015db40,0x0015DB40,0x0015DBCC,140
FUN_0015dbf0,0x0015DBF0,0x0015DC2C,60
FUN_0015dc30,0x0015DC30,0x0015DC54,36
FUN_0015dc70,0x0015DC70,0x0015DC7C,12
FUN_0015dc80,0x0015DC80,0x0015DCD8,88
FUN_0015dce0,0x0015DCE0,0x0015DCEC,12
FUN_0015dcf0,0x0015DCF0,0x0015DD80,144
FUN_0015dd80,0x0015DD80,0x0015DDA0,32
FUN_0015dda0,0x0015DDA0,0x0015DDC0,32
FUN_0015ddc0,0x0015DDC0,0x0015DE18,88
FUN_0015de20,0x0015DE20,0x0015DE68,72
FUN_0015de70,0x0015DE70,0x0015DEC8,88
FUN_0015ded0,0x0015DED0,0x0015DF04,52
FUN_0015df10,0x0015DF10,0x0015DF2C,28
FUN_0015df30,0x0015DF30,0x0015DF4C,28
FUN_0015df50,0x0015DF50,0x0015DF6C,28
FUN_0015df70,0x0015DF70,0x0015DF78,8
FUN_0015df80,0x0015DF80,0x0015DF88,8
FUN_0015df90,0x0015DF90,0x0015DFF4,100
FUN_0015e000,0x0015E000,0x0015E020,32
FUN_0015e020,0x0015E020,0x0015E04C,44
FUN_0015e050,0x0015E050,0x0015E4C8,1144
FUN_0015e4d0,0x0015E4D0,0x0015E7B0,736
FUN_0015e7b0,0x0015E7B0,0x0015E860,176
FUN_0015e860,0x0015E860,0x0015E898,56
FUN_0015e8a0,0x0015E8A0,0x0015EA90,496
FUN_0015ea90,0x0015EA90,0x0015EC00,368
FUN_0015ec00,0x0015EC00,0x0015EC44,68
FUN_0015ec50,0x0015EC50,0x0015EC58,8
FUN_0015f230,0x0015F230,0x0015F238,8
FUN_0015f240,0x0015F240,0x0015F24C,12
FUN_0015f250,0x0015F250,0x0015F330,224
FUN_0015f330,0x0015F330,0x0015F444,276
FUN_0015f450,0x0015F450,0x0015F468,24
FUN_0015f470,0x0015F470,0x0015F488,24
FUN_0015f490,0x0015F490,0x0015F498,8
FUN_0015f4a0,0x0015F4A0,0x0015F508,104
FUN_0015f510,0x0015F510,0x0015F518,8
FUN_0015f520,0x0015F520,0x0015F528,8
FUN_0015f530,0x0015F530,0x0015F5C0,144
FUN_0015f5c0,0x0015F5C0,0x0015F6A0,224
FUN_0015f6a0,0x0015F6A0,0x0015F7D4,308
FUN_0015f7e0,0x0015F7E0,0x0015F840,96
FUN_0015f840,0x0015F840,0x0015FA50,528
FUN_0015fa50,0x0015FA50,0x0015FB88,312
FUN_0015fb90,0x0015FB90,0x0015FE34,676
FUN_0015fe40,0x0015FE40,0x0015FF0C,204
FUN_0015ff10,0x0015FF10,0x0015FF1C,12
FUN_0015ff20,0x0015FF20,0x0015FF98,120
FUN_0015ffa0,0x0015FFA0,0x0015FFA8,8
FUN_0015ffb0,0x0015FFB0,0x00160024,116
FUN_00160030,0x00160030,0x00160108,216
FUN_00160120,0x00160120,0x00160210,240
FUN_00160210,0x00160210,0x0016032C,284
thunk_FUN_00160bc0,0x00160330,0x00160338,8
thunk_FUN_00160d50,0x00160340,0x00160348,8
FUN_00160350,0x00160350,0x0016053C,492
FUN_00160540,0x00160540,0x001608EC,940
FUN_001608f0,0x001608F0,0x00160B2C,572
FUN_00160b2c,0x00160B2C,0x00160B50,36
FUN_00160bc0,0x00160BC0,0x00160D50,400
FUN_00160d50,0x00160D50,0x00160F34,484
FUN_00160f40,0x00160F40,0x00161378,1080
FUN_00161380,0x00161380,0x0016144C,204
FUN_00161450,0x00161450,0x00161578,296
FUN_00161580,0x00161580,0x00161588,8
FUN_00161590,0x00161590,0x001617E0,592
FUN_001617e0,0x001617E0,0x00161838,88
FUN_00161840,0x00161840,0x001618F0,176
FUN_001618f0,0x001618F0,0x001619E4,244
FUN_001619f0,0x001619F0,0x00161B24,308
FUN_00161b30,0x00161B30,0x00161BA0,112
FUN_00161ba0,0x00161BA0,0x00161C64,196
FUN_00161c70,0x00161C70,0x00161C9C,44
FUN_00161ca0,0x00161CA0,0x00161DFC,348
FUN_00161e00,0x00161E00,0x00161E7C,124
FUN_00161e80,0x00161E80,0x00161EC4,68
FUN_00161ed0,0x00161ED0,0x00161F70,160
FUN_00161f70,0x00161F70,0x0016202C,188
FUN_00162030,0x00162030,0x00162304,724
FUN_00162310,0x00162310,0x001625E4,724
FUN_001625f0,0x001625F0,0x0016266C,124
FUN_00162670,0x00162670,0x00162704,148
FUN_00162710,0x00162710,0x001627DC,204
thunk_FUN_00160350,0x001627E0,0x001627E8,8
FUN_001627f0,0x001627F0,0x0016288C,156
FUN_00162890,0x00162890,0x001629EC,348
FUN_001629f0,0x001629F0,0x00162BB8,456
FUN_00162bc0,0x00162BC0,0x00162CA0,224
FUN_00162ca0,0x00162CA0,0x00162D28,136
FUN_00162d30,0x00162D30,0x00162D6C,60
FUN_00162d70,0x00162D70,0x00162DEC,124
FUN_00162df0,0x00162DF0,0x00162E30,64
FUN_00162e30,0x00162E30,0x00162E80,80
FUN_00162e80,0x00162E80,0x00162EFC,124
FUN_00162f00,0x00162F00,0x00162FA8,168
FUN_00162fb0,0x00162FB0,0x001632B8,776
FUN_001632c0,0x001632C0,0x001632CC,12
FUN_001632d0,0x001632D0,0x001632DC,12
FUN_001632e0,0x001632E0,0x00163328,72
FUN_00163330,0x00163330,0x00163378,72
FUN_00163380,0x00163380,0x00163428,168
FUN_00163430,0x00163430,0x00163564,308
FUN_00163570,0x00163570,0x0016371C,428
FUN_00163720,0x00163720,0x00163768,72
FUN_00163770,0x00163770,0x0016390C,412
FUN_00163910,0x00163910,0x00163BD0,704
FUN_00163c00,0x00163C00,0x00163C5C,92
FUN_00163c60,0x00163C60,0x00163E08,424
FUN_00163e10,0x00163E10,0x00163E70,96
FUN_00163e70,0x00163E70,0x00163ECC,92
FUN_00163ed0,0x00163ED0,0x00163F3C,108
FUN_00164000,0x00164000,0x0016400C,12
FUN_00164010,0x00164010,0x00164038,40
FUN_00164040,0x00164040,0x00164048,8
FUN_00164050,0x00164050,0x00164058,8
FUN_00164060,0x00164060,0x001640CC,108
FUN_001640d0,0x001640D0,0x00164100,48
FUN_00164100,0x00164100,0x00164130,48
FUN_00164130,0x00164130,0x00164154,36
FUN_00164160,0x00164160,0x001641F4,148
FUN_00164200,0x00164200,0x00164294,148
FUN_001642a0,0x001642A0,0x00164334,148
FUN_00164340,0x00164340,0x001643D4,148
FUN_001643e0,0x001643E0,0x00164408,40
FUN_00164410,0x00164410,0x00164438,40
FUN_00164440,0x00164440,0x00164458,24
FUN_00164460,0x00164460,0x00164468,8
FUN_00164470,0x00164470,0x001644F8,136
FUN_00164500,0x00164500,0x00164550,80
FUN_00164550,0x00164550,0x001645C0,112
FUN_001645c0,0x001645C0,0x00164688,200
FUN_00164690,0x00164690,0x00164C60,1488
FUN_00164c60,0x00164C60,0x00164CF0,144
FUN_00164cf0,0x00164CF0,0x00164D5C,108
FUN_00164d60,0x00164D60,0x00164EAC,332
FUN_00164eb0,0x00164EB0,0x00165058,424
FUN_00165060,0x00165060,0x00165148,232
FUN_00165150,0x00165150,0x001651F8,168
FUN_00165200,0x00165200,0x00165234,52
FUN_00165240,0x00165240,0x00165298,88
FUN_001652a0,0x001652A0,0x001652A8,8
FUN_001652b0,0x001652B0,0x001652B8,8
FUN_001652c0,0x001652C0,0x001652C8,8
FUN_001652d0,0x001652D0,0x001652D8,8
FUN_001652e0,0x001652E0,0x001654B8,472
FUN_001654c0,0x001654C0,0x00165760,672
FUN_00165760,0x00165760,0x00165858,248
FUN_00165860,0x00165860,0x001658B8,88
FUN_001658c0,0x001658C0,0x00165920,96
FUN_00165920,0x00165920,0x00165AF4,468
FUN_00165b00,0x00165B00,0x00165B1C,28
FUN_00165b20,0x00165B20,0x00165B54,52
FUN_00165b60,0x00165B60,0x00165F44,996
FUN_00165f50,0x00165F50,0x00166124,468
FUN_00166130,0x00166130,0x00166174,68
FUN_00166180,0x00166180,0x00166194,20
FUN_001661a0,0x001661A0,0x00166218,120
FUN_00166220,0x00166220,0x00166228,8
FUN_00166230,0x00166230,0x0016626C,60
FUN_00166270,0x00166270,0x001663A4,308
FUN_001663a4,0x001663A4,0x001663B8,20
FUN_001663e0,0x001663E0,0x00166418,56
FUN_00166420,0x00166420,0x0016645C,60
FUN_00166460,0x00166460,0x00166630,464
FUN_00166630,0x00166630,0x00166640,16
FUN_00166640,0x00166640,0x00166650,16
FUN_00166650,0x00166650,0x00166664,20
FUN_00166670,0x00166670,0x001666D8,104
FUN_001666e0,0x001666E0,0x001666F8,24
FUN_00166700,0x00166700,0x00166758,88
FUN_00166760,0x00166760,0x00166778,24
FUN_00166780,0x00166780,0x001667B8,56
FUN_001667c0,0x001667C0,0x001667F4,52
FUN_00166840,0x00166840,0x00166904,196
FUN_00166910,0x00166910,0x001669D4,196
FUN_001669e0,0x001669E0,0x00166AA4,196
FUN_00166ac0,0x00166AC0,0x00166AD4,20
FUN_00166ae0,0x00166AE0,0x00166B3C,92
FUN_00166b40,0x00166B40,0x00166C94,340
FUN_00166d00,0x00166D00,0x00166D4C,76
FUN_00166d80,0x00166D80,0x00166D88,8
FUN_00166d90,0x00166D90,0x00166E14,132
FUN_00166e30,0x00166E30,0x00166EB4,132
FUN_00166ec0,0x00166EC0,0x00166F0C,76
FUN_00166f40,0x00166F40,0x00166F7C,60
FUN_00167130,0x00167130,0x00167180,80
FUN_00167180,0x00167180,0x001671EC,108
FUN_001671f0,0x001671F0,0x001672D0,224
FUN_001672d0,0x001672D0,0x00167378,168
FUN_00167380,0x00167380,0x001673B0,48
FUN_001673b0,0x001673B0,0x00167550,416
FUN_00167550,0x00167550,0x00167584,52
FUN_00167590,0x00167590,0x0016768C,252
FUN_001676b0,0x001676B0,0x001676C4,20
FUN_001676d0,0x001676D0,0x00167718,72
FUN_00167720,0x00167720,0x001677D8,184
FUN_001677e0,0x001677E0,0x00167814,52
FUN_00167850,0x00167850,0x00167958,264
FUN_00167960,0x00167960,0x00167984,36
FUN_00167990,0x00167990,0x001679B4,36
FUN_001679c0,0x001679C0,0x001679F8,56
FUN_00167a00,0x00167A00,0x00167A44,68
FUN_00167a50,0x00167A50,0x00167A74,36
FUN_00167a80,0x00167A80,0x00167A8C,12
FUN_00167a90,0x00167A90,0x00167A9C,12
FUN_00167aa0,0x00167AA0,0x00167AAC,12
FUN_00167ab0,0x00167AB0,0x00167B0C,92
FUN_00167b10,0x00167B10,0x00167B18,8
FUN_00167b20,0x00167B20,0x00167B28,8
FUN_00167b30,0x00167B30,0x00167EBC,908
FUN_00167ec0,0x00167EC0,0x00167EFC,60
FUN_00167f00,0x00167F00,0x00167F60,96
FUN_00167f60,0x00167F60,0x00167F68,8
FUN_00167f70,0x00167F70,0x00167F78,8
FUN_00167f80,0x00167F80,0x00167FA4,36
FUN_00167fb0,0x00167FB0,0x00167FB8,8
FUN_00167fc0,0x00167FC0,0x00167FC8,8
FUN_00167fd0,0x00167FD0,0x00167FD8,8
FUN_00167fe0,0x00167FE0,0x00168038,88
FUN_00168040,0x00168040,0x00168090,80
FUN_00168090,0x00168090,0x00168098,8
FUN_001680a0,0x001680A0,0x001680A8,8
FUN_001680b0,0x001680B0,0x001680B8,8
FUN_001680c0,0x001680C0,0x001680CC,12
FUN_001680d0,0x001680D0,0x0016813C,108
FUN_00168140,0x00168140,0x0016814C,12
FUN_00168150,0x00168150,0x0016815C,12
FUN_00168160,0x00168160,0x0016816C,12
FUN_00168170,0x00168170,0x0016817C,12
FUN_00168180,0x00168180,0x0016818C,12
FUN_00168190,0x00168190,0x00168498,776
FUN_001684a0,0x001684A0,0x00168834,916
FUN_00168840,0x00168840,0x0016887C,60
FUN_00168880,0x00168880,0x001688F8,120
FUN_00168900,0x00168900,0x0016890C,12
FUN_00168910,0x00168910,0x00168950,64
FUN_00168950,0x00168950,0x001689E4,148
FUN_001689f0,0x001689F0,0x00168B04,276
FUN_00168b10,0x00168B10,0x00168BD8,200
FUN_00168be0,0x00168BE0,0x00168C48,104
FUN_00168c50,0x00168C50,0x00168D18,200
FUN_00168d20,0x00168D20,0x00168D88,104
FUN_00168d90,0x00168D90,0x00168E58,200
FUN_00168e60,0x00168E60,0x00168EC8,104
FUN_00168ed0,0x00168ED0,0x00168F98,200
FUN_00168fa0,0x00168FA0,0x00169008,104
FUN_00169010,0x00169010,0x001690E8,216
FUN_001690f0,0x001690F0,0x00169120,48
FUN_00169120,0x00169120,0x00169148,40
FUN_00169150,0x00169150,0x00169178,40
FUN_00169180,0x00169180,0x001691C4,68
FUN_001691d0,0x001691D0,0x001691F8,40
FUN_00169200,0x00169200,0x00169228,40
FUN_00169230,0x00169230,0x0016925C,44
FUN_00169260,0x00169260,0x00169288,40
FUN_00169290,0x00169290,0x001692C0,48
FUN_001692c0,0x001692C0,0x00169318,88
FUN_00169320,0x00169320,0x00169384,100
FUN_00169390,0x00169390,0x00169538,424
FUN_00169540,0x00169540,0x001695A8,104
FUN_001695b0,0x001695B0,0x001697E4,564
FUN_001697f0,0x001697F0,0x00169844,84
FUN_00169850,0x00169850,0x00169858,8
FUN_00169860,0x00169860,0x00169868,8
FUN_00169870,0x00169870,0x00169894,36
FUN_001698a0,0x001698A0,0x001698A8,8
FUN_001698b0,0x001698B0,0x00169AE4,564
FUN_00169af0,0x00169AF0,0x00169B44,84
FUN_00169b50,0x00169B50,0x00169B58,8
FUN_00169b60,0x00169B60,0x00169B68,8
FUN_00169b70,0x00169B70,0x00169B94,36
FUN_00169ba0,0x00169BA0,0x00169BA8,8
FUN_00169bb0,0x00169BB0,0x00169DE4,564
FUN_00169df0,0x00169DF0,0x00169E44,84
FUN_00169e50,0x00169E50,0x00169E58,8
FUN_00169e60,0x00169E60,0x00169E68,8
FUN_00169e70,0x00169E70,0x00169E94,36
FUN_00169ea0,0x00169EA0,0x00169EA8,8
FUN_00169eb0,0x00169EB0,0x0016A0E4,564
FUN_0016a0f0,0x0016A0F0,0x0016A144,84
FUN_0016a150,0x0016A150,0x0016A158,8
FUN_0016a160,0x0016A160,0x0016A168,8
FUN_0016a170,0x0016A170,0x0016A194,36
FUN_0016a1a0,0x0016A1A0,0x0016A1A8,8
FUN_0016a1b0,0x0016A1B0,0x0016A230,128
FUN_0016a230,0x0016A230,0x0016A420,496
FUN_0016a420,0x0016A420,0x0016A42C,12
FUN_0016a430,0x0016A430,0x0016A4A0,112
FUN_0016a4a0,0x0016A4A0,0x0016A5EC,332
FUN_0016a5f0,0x0016A5F0,0x0016A73C,332
FUN_0016a740,0x0016A740,0x0016A75C,28
FUN_0016a760,0x0016A760,0x0016A7AC,76
FUN_0016a7b0,0x0016A7B0,0x0016A7C4,20
FUN_0016a7d0,0x0016A7D0,0x0016A830,96
thunk_FUN_00281830,0x0016A850,0x0016A858,8
thunk_FUN_002817b0,0x0016A860,0x0016A868,8
thunk_FUN_00281760,0x0016A870,0x0016A878,8
thunk_FUN_00281710,0x0016A880,0x0016A888,8
thunk_FUN_00281b90,0x0016A890,0x0016A898,8
thunk_FUN_00281b20,0x0016A8A0,0x0016A8A8,8
thunk_FUN_00281ab0,0x0016A8B0,0x0016A8B8,8
FUN_0016a8c0,0x0016A8C0,0x0016A8C8,8
thunk_FUN_00281bf0,0x0016A8D0,0x0016A8D8,8
FUN_0016a8e0,0x0016A8E0,0x0016A8E8,8
FUN_0016a8f0,0x0016A8F0,0x0016A8F8,8
FUN_0016a900,0x0016A900,0x0016A908,8
FUN_0016a910,0x0016A910,0x0016A918,8
thunk_FUN_00281ca0,0x0016A920,0x0016A928,8
FUN_0016a930,0x0016A930,0x0016A938,8
FUN_0016a940,0x0016A940,0x0016A9A4,100
FUN_0016a9b0,0x0016A9B0,0x0016AAC0,272
FUN_0016aac0,0x0016AAC0,0x0016AB24,100
FUN_0016ab30,0x0016AB30,0x0016AC38,264
FUN_0016ac40,0x0016AC40,0x0016AC7C,60
FUN_0016ac80,0x0016AC80,0x0016AD50,208
FUN_0016ad50,0x0016AD50,0x0016AE20,208
FUN_0016ae20,0x0016AE20,0x0016AF30,272
FUN_0016af30,0x0016AF30,0x0016AF94,100
FUN_0016afa0,0x0016AFA0,0x0016B0FC,348
FUN_0016b100,0x0016B100,0x0016B1EC,236
FUN_0016b1f0,0x0016B1F0,0x0016B2B0,192
FUN_0016b2b0,0x0016B2B0,0x0016B2C8,24
FUN_0016b2f0,0x0016B2F0,0x0016B3DC,236
FUN_0016b3e0,0x0016B3E0,0x0016B4A0,192
FUN_0016b4a0,0x0016B4A0,0x0016B4C4,36
FUN_0016b4f0,0x0016B4F0,0x0016B5B0,192
FUN_0016b5b0,0x0016B5B0,0x0016B5D0,32
FUN_0016b5f0,0x0016B5F0,0x0016B6E4,244
FUN_0016b6f0,0x0016B6F0,0x0016B7E0,240
FUN_0016b7e0,0x0016B7E0,0x0016B8D8,248
FUN_0016b8e0,0x0016B8E0,0x0016B91C,60
FUN_0016b920,0x0016B920,0x0016B954,52
FUN_0016b960,0x0016B960,0x0016BA1C,188
FUN_0016ba20,0x0016BA20,0x0016BB8C,364
FUN_0016bb90,0x0016BB90,0x0016BC2C,156
FUN_0016bc30,0x0016BC30,0x0016BCA0,112
FUN_0016bca0,0x0016BCA0,0x0016BE0C,364
FUN_0016be10,0x0016BE10,0x0016BEE4,212
FUN_0016bef0,0x0016BEF0,0x0016BF30,64
FUN_0016bf30,0x0016BF30,0x0016BF80,80
FUN_0016bf80,0x0016BF80,0x0016BFB4,52
FUN_0016bfc0,0x0016BFC0,0x0016C194,468
FUN_0016c1a0,0x0016C1A0,0x0016C1B0,16
FUN_0016c1b0,0x0016C1B0,0x0016C1D4,36
FUN_0016c1e0,0x0016C1E0,0x0016C260,128
FUN_0016c260,0x0016C260,0x0016C284,36
FUN_0016c290,0x0016C290,0x0016C2B8,40
FUN_0016c2c0,0x0016C2C0,0x0016C318,88
FUN_0016c320,0x0016C320,0x0016C340,32
FUN_0016c340,0x0016C340,0x0016C3C8,136
FUN_0016c3d0,0x0016C3D0,0x0016C448,120
FUN_0016c450,0x0016C450,0x0016C474,36
FUN_0016c480,0x0016C480,0x0016C5EC,364
FUN_0016c5f0,0x0016C5F0,0x0016C660,112
FUN_0016c660,0x0016C660,0x0016C6B4,84
FUN_0016c6c0,0x0016C6C0,0x0016C6E8,40
FUN_0016c6f0,0x0016C6F0,0x0016C7D8,232
FUN_0016c7e0,0x0016C7E0,0x0016C938,344
FUN_0016c940,0x0016C940,0x0016CAC0,384
FUN_0016cac0,0x0016CAC0,0x0016CEE0,1056
FUN_0016cee0,0x0016CEE0,0x0016CF9C,188
FUN_0016cfa0,0x0016CFA0,0x0016D120,384
FUN_0016d120,0x0016D120,0x0016D130,16
FUN_0016d130,0x0016D130,0x0016D2A8,376
FUN_0016d2b0,0x0016D2B0,0x0016D320,112
FUN_0016d320,0x0016D320,0x0016D400,224
FUN_0016d400,0x0016D400,0x0016D464,100
FUN_0016d470,0x0016D470,0x0016D540,208
FUN_0016d540,0x0016D540,0x0016D578,56
FUN_0016d580,0x0016D580,0x0016D5A8,40
FUN_0016d5b0,0x0016D5B0,0x0016D5EC,60
FUN_0016d5f0,0x0016D5F0,0x0016D620,48
FUN_0016d620,0x0016D620,0x0016D6E4,196
FUN_0016d6f0,0x0016D6F0,0x0016D760,112
FUN_0016d760,0x0016D760,0x0016D8D8,376
FUN_0016d8e0,0x0016D8E0,0x0016DA10,304
FUN_0016da10,0x0016DA10,0x0016DB88,376
FUN_0016db90,0x0016DB90,0x0016DD1C,396
FUN_0016dd20,0x0016DD20,0x0016DE50,304
FUN_0016de50,0x0016DE50,0x0016DF1C,204
FUN_0016df20,0x0016DF20,0x0016DF5C,60
FUN_0016df60,0x0016DF60,0x0016DF88,40
FUN_0016df90,0x0016DF90,0x0016E080,240
FUN_0016e080,0x0016E080,0x0016E130,176
FUN_0016e130,0x0016E130,0x0016E2A4,372
FUN_0016e2b0,0x0016E2B0,0x0016E2E0,48
FUN_0016e2e0,0x0016E2E0,0x0016E310,48
FUN_0016e310,0x0016E310,0x0016E358,72
FUN_0016e410,0x0016E410,0x0016E528,280
FUN_0016e530,0x0016E530,0x0016E57C,76
FUN_0016e580,0x0016E580,0x0016E7F4,628
FUN_0016e800,0x0016E800,0x0016E808,8
FUN_0016e810,0x0016E810,0x0016E86C,92
FUN_0016e870,0x0016E870,0x0016E87C,12
FUN_0016e880,0x0016E880,0x0016E8EC,108
FUN_0016e8f0,0x0016E8F0,0x0016EB1C,556
FUN_0016eb20,0x0016EB20,0x0016F084,1380
FUN_0016f090,0x0016F090,0x0016FB6C,2780
FUN_0016fb70,0x0016FB70,0x0016FB78,8
FUN_0016fb80,0x0016FB80,0x0016FBA0,32
FUN_0016fba0,0x0016FBA0,0x0016FBD8,56
FUN_0016fc10,0x0016FC10,0x0016FC4C,60
FUN_0016fc50,0x0016FC50,0x00170178,1320
FUN_00170180,0x00170180,0x0017030C,396
FUN_00170310,0x00170310,0x0017046C,348
FUN_001704a0,0x001704A0,0x00170500,96
FUN_00170500,0x00170500,0x00170508,8
FUN_00170510,0x00170510,0x00170518,8
FUN_00170520,0x00170520,0x001705FC,220
FUN_00170600,0x00170600,0x00170778,376
FUN_00170780,0x00170780,0x00170848,200
FUN_00170850,0x00170850,0x00170868,24
FUN_00170870,0x00170870,0x0017094C,220
FUN_00170950,0x00170950,0x001709A4,84
FUN_001709b0,0x001709B0,0x001709C4,20
FUN_001709d0,0x001709D0,0x00170A58,136
FUN_00170a80,0x00170A80,0x00170C5C,476
FUN_00170c60,0x00170C60,0x00170EF8,664
FUN_00170f00,0x00170F00,0x00171050,336
FUN_00171050,0x00171050,0x001714C4,1140
FUN_001714d0,0x001714D0,0x00171588,184
FUN_00171590,0x00171590,0x001715F0,96
FUN_001715f0,0x001715F0,0x001716A4,180
FUN_001716b0,0x001716B0,0x00171A54,932
FUN_00171a60,0x00171A60,0x00171A74,20
FUN_00171a80,0x00171A80,0x00171AB0,48
FUN_00171ab0,0x00171AB0,0x00171DA0,752
FUN_00171da0,0x00171DA0,0x001721E4,1092
FUN_00172210,0x00172210,0x001723B4,420
FUN_001723c0,0x001723C0,0x00172520,352
FUN_00172520,0x00172520,0x00172664,324
FUN_00172670,0x00172670,0x00172728,184
FUN_00172730,0x00172730,0x00172908,472
FUN_00172910,0x00172910,0x0017292C,28
FUN_00172930,0x00172930,0x00172954,36
FUN_00172960,0x00172960,0x00172984,36
FUN_00172990,0x00172990,0x00172A18,136
FUN_00172a20,0x00172A20,0x00172A48,40
FUN_00172a50,0x00172A50,0x00172B2C,220
FUN_00172b30,0x00172B30,0x00172B50,32
FUN_00172b50,0x00172B50,0x00172B70,32
FUN_00172b70,0x00172B70,0x00172D04,404
FUN_00172d10,0x00172D10,0x00172F50,576
FUN_00172f50,0x00172F50,0x00173190,576
FUN_00173190,0x00173190,0x001735B0,1056
FUN_001735b0,0x001735B0,0x001735B8,8
FUN_001735c0,0x001735C0,0x001735C8,8
FUN_001735d0,0x001735D0,0x001739AC,988
FUN_001739b0,0x001739B0,0x00173DA8,1016
FUN_00173db0,0x00173DB0,0x00173F7C,460
FUN_00173f80,0x00173F80,0x001740E4,356
FUN_001740f0,0x001740F0,0x00174294,420
FUN_001742a0,0x001742A0,0x001743F8,344
FUN_00174400,0x00174400,0x001744F8,248
FUN_00174500,0x00174500,0x0017455C,92
FUN_00174560,0x00174560,0x0017457C,28
FUN_00174580,0x00174580,0x0017459C,28
FUN_001745a0,0x001745A0,0x001745B8,24
FUN_001745c0,0x001745C0,0x001746CC,268
FUN_001746d0,0x001746D0,0x00174994,708
FUN_001749a0,0x001749A0,0x001749E0,64
FUN_001749e0,0x001749E0,0x00174A0C,44
FUN_00174a10,0x00174A10,0x00174B78,360
FUN_00174b80,0x00174B80,0x0017530C,1932
FUN_00175310,0x00175310,0x00175338,40
FUN_00175340,0x00175340,0x001754B4,372
FUN_001754c0,0x001754C0,0x001757D4,788
FUN_001757e0,0x001757E0,0x001758B0,208
FUN_001758b0,0x001758B0,0x00175B18,616
FUN_00175b20,0x00175B20,0x00175EEC,972
FUN_00175ef0,0x00175EF0,0x00176008,280
FUN_00176010,0x00176010,0x00176074,100
FUN_00176080,0x00176080,0x00176230,432
FUN_00176230,0x00176230,0x00176270,64
FUN_00176270,0x00176270,0x001763A8,312
FUN_001763b0,0x001763B0,0x001763C4,20
FUN_001763d0,0x001763D0,0x00176474,164
FUN_00176480,0x00176480,0x00176494,20
FUN_001764a0,0x001764A0,0x001764F8,88
FUN_00176500,0x00176500,0x0017652C,44
FUN_00176530,0x00176530,0x001769F8,1224
FUN_00176a00,0x00176A00,0x00176D70,880
FUN_00176d70,0x00176D70,0x00176D78,8
FUN_00176d80,0x00176D80,0x00176D94,20
FUN_00176da0,0x00176DA0,0x00176DD4,52
FUN_00176de0,0x00176DE0,0x00176E14,52
FUN_00176e20,0x00176E20,0x00176E48,40
FUN_00176e50,0x00176E50,0x00176EC8,120
FUN_00176f00,0x00176F00,0x00176F30,48
FUN_00176f30,0x00176F30,0x00176F44,20
FUN_00176f44,0x00176F44,0x00176F90,76
FUN_00176f90,0x00176F90,0x00177080,240
FUN_00177080,0x00177080,0x001770C0,64
FUN_001770c0,0x001770C0,0x001772DC,540
FUN_001772e0,0x001772E0,0x001772E8,8
FUN_001772f0,0x001772F0,0x001772F8,8
FUN_00177300,0x00177300,0x00177398,152
FUN_001773a0,0x001773A0,0x00177598,504
FUN_001775a0,0x001775A0,0x00177648,168
FUN_00177648,0x00177648,0x001776B4,108
FUN_001776b4,0x001776B4,0x00177700,76
FUN_00177700,0x00177700,0x0017791C,540
FUN_00177920,0x00177920,0x00177A70,336
FUN_00177a70,0x00177A70,0x00177B24,180
FUN_00177b30,0x00177B30,0x00177BC8,152
FUN_00177bd0,0x00177BD0,0x00177E68,664
FUN_00177e70,0x00177E70,0x001780CC,604
FUN_001780d0,0x001780D0,0x00178354,644
FUN_00178360,0x00178360,0x001787C8,1128
FUN_001787d0,0x001787D0,0x00178A18,584
FUN_00178a20,0x00178A20,0x00178E80,1120
FUN_00178e80,0x00178E80,0x00178EC4,68
FUN_00178ed0,0x00178ED0,0x001790F0,544
FUN_001790f0,0x001790F0,0x001793A0,688
FUN_001793a0,0x001793A0,0x001799F0,1616
FUN_001799f0,0x001799F0,0x0017A414,2596
FUN_0017a440,0x0017A440,0x0017A4BC,124
FUN_0017a4c0,0x0017A4C0,0x0017A4CC,12
FUN_0017a4d0,0x0017A4D0,0x0017A50C,60
FUN_0017a510,0x0017A510,0x0017A604,244
FUN_0017a610,0x0017A610,0x0017A620,16
FUN_0017a620,0x0017A620,0x0017A6C0,160
FUN_0017a6c0,0x0017A6C0,0x0017A770,176
FUN_0017a770,0x0017A770,0x0017A77C,12
FUN_0017a780,0x0017A780,0x0017A788,8
FUN_0017a790,0x0017A790,0x0017A798,8
FUN_0017a7a0,0x0017A7A0,0x0017A880,224
FUN_0017a880,0x0017A880,0x0017A9D0,336
FUN_0017a9d0,0x0017A9D0,0x0017A9D8,8
FUN_0017a9e0,0x0017A9E0,0x0017AA6C,140
FUN_0017aa70,0x0017AA70,0x0017AB78,264
FUN_0017ab80,0x0017AB80,0x0017AC60,224
FUN_0017ac60,0x0017AC60,0x0017ACAC,76
FUN_0017acb0,0x0017ACB0,0x0017AD24,116
FUN_0017ad30,0x0017AD30,0x0017AD3C,12
FUN_0017ad40,0x0017AD40,0x0017AD48,8
FUN_0017ad50,0x0017AD50,0x0017AD58,8
FUN_0017ad60,0x0017AD60,0x0017AD68,8
FUN_0017ad70,0x0017AD70,0x0017AD78,8
FUN_0017ad80,0x0017AD80,0x0017AD88,8
FUN_0017ad90,0x0017AD90,0x0017AD98,8
FUN_0017ada0,0x0017ADA0,0x0017B2DC,1340
FUN_0017b2e0,0x0017B2E0,0x0017B31C,60
FUN_0017b320,0x0017B320,0x0017B364,68
FUN_0017b370,0x0017B370,0x0017B560,496
FUN_0017b560,0x0017B560,0x0017B5CC,108
FUN_0017b5cc,0x0017B5CC,0x0017B5F8,44
FUN_0017b5f8,0x0017B5F8,0x0017B610,24
FUN_0017b630,0x0017B630,0x0017B794,356
FUN_0017b7a0,0x0017B7A0,0x0017B8E0,320
FUN_0017b8e0,0x0017B8E0,0x0017B9E8,264
FUN_0017b9f0,0x0017B9F0,0x0017BA90,160
FUN_0017ba90,0x0017BA90,0x0017BDE4,852
FUN_0017bdf0,0x0017BDF0,0x0017BF88,408
FUN_0017bf90,0x0017BF90,0x0017F308,13176
FUN_0017f310,0x0017F310,0x0017F8FC,1516
FUN_0017f8fc,0x0017F8FC,0x00180BB4,4792
FUN_00180bec,0x00180BEC,0x00180DF8,524
FUN_00180e00,0x00180E00,0x00180EA0,160
FUN_00180ea0,0x00180EA0,0x00180EC4,36
FUN_00180ed0,0x00180ED0,0x00180EF4,36
FUN_00180f00,0x00180F00,0x00180F24,36
FUN_00180f30,0x00180F30,0x00180F54,36
FUN_00180f60,0x00180F60,0x00180F88,40
FUN_00180f90,0x00180F90,0x00180F98,8
FUN_00180fa0,0x00180FA0,0x00180FB4,20
FUN_00180fc0,0x00180FC0,0x00181024,100
FUN_00181030,0x00181030,0x00181124,244
FUN_00181130,0x00181130,0x001811D8,168
FUN_001811e0,0x001811E0,0x0018132C,332
FUN_00181330,0x00181330,0x00181338,8
FUN_00181340,0x00181340,0x00181348,8
FUN_00181350,0x00181350,0x0018138C,60
FUN_00181390,0x00181390,0x0018139C,12
FUN_001813a0,0x001813A0,0x001813A8,8
FUN_001813b0,0x001813B0,0x001813BC,12
FUN_001813c0,0x001813C0,0x001813CC,12
FUN_001813d0,0x001813D0,0x001813DC,12
FUN_001813e0,0x001813E0,0x00181418,56
FUN_00181420,0x00181420,0x00181458,56
FUN_00181460,0x00181460,0x001814A0,64
FUN_001814a0,0x001814A0,0x001814D0,48
FUN_001814d0,0x001814D0,0x00181504,52
FUN_00181510,0x00181510,0x00181610,256
FUN_00181610,0x00181610,0x00181654,68
FUN_00181660,0x00181660,0x0018173C,220
FUN_00181740,0x00181740,0x00181748,8
FUN_00181750,0x00181750,0x00181778,40
FUN_00181780,0x00181780,0x00181B80,1024
FUN_00181b80,0x00181B80,0x00181BA0,32
FUN_00181ba0,0x00181BA0,0x00181BE0,64
FUN_00181be0,0x00181BE0,0x00181C64,132
FUN_00181c70,0x00181C70,0x00181C9C,44
FUN_00181ca0,0x00181CA0,0x00181CD8,56
FUN_00181ce0,0x00181CE0,0x00181D24,68
FUN_00181d30,0x00181D30,0x00181D74,68
FUN_00181d80,0x00181D80,0x00181DC8,72
FUN_00181dd0,0x00181DD0,0x00181F14,324
FUN_00181f20,0x00181F20,0x00181F54,52
FUN_00181f60,0x00181F60,0x00182128,456
FUN_00182130,0x00182130,0x0018215C,44
FUN_00182160,0x00182160,0x00182168,8
FUN_00182170,0x00182170,0x00182178,8
FUN_00182180,0x00182180,0x00182188,8
FUN_00182190,0x00182190,0x001821A4,20
FUN_001821b0,0x001821B0,0x001821F4,68
FUN_00182200,0x00182200,0x0018225C,92
FUN_00182260,0x00182260,0x001822B8,88
FUN_001822c0,0x001822C0,0x00182318,88
FUN_00182320,0x00182320,0x00182328,8
FUN_00182330,0x00182330,0x00182354,36
FUN_00182360,0x00182360,0x0018245C,252
FUN_00182460,0x00182460,0x00182570,272
FUN_00182570,0x00182570,0x00182618,168
FUN_00182630,0x00182630,0x0018281C,492
FUN_0018281c,0x0018281C,0x00182878,92
FUN_00182880,0x00182880,0x00182B40,704
FUN_00182b40,0x00182B40,0x00182B78,56
FUN_00182b80,0x00182B80,0x00182C60,224
FUN_00182c60,0x00182C60,0x00182D00,160
FUN_00182d00,0x00182D00,0x00182DF0,240
FUN_00182df0,0x00182DF0,0x00182F4C,348
FUN_00182f50,0x00182F50,0x00182F60,16
FUN_00182f60,0x00182F60,0x0018306C,268
FUN_00183070,0x00183070,0x00183100,144
FUN_00183100,0x00183100,0x00183148,72
FUN_00183150,0x00183150,0x00183164,20
FUN_00183170,0x00183170,0x00183198,40
FUN_001831a0,0x001831A0,0x001831AC,12
FUN_001831b0,0x001831B0,0x00183458,680
FUN_00183460,0x00183460,0x00183598,312
FUN_001835a0,0x001835A0,0x00183A34,1172
FUN_00183a40,0x00183A40,0x00183B7C,316
FUN_00183b80,0x00183B80,0x00184E8C,4876
FUN_00184e90,0x00184E90,0x00184F0C,124
FUN_00184f10,0x00184F10,0x00185084,372
FUN_00185090,0x00185090,0x00185434,932
FUN_00185440,0x00185440,0x00185630,496
FUN_00185630,0x00185630,0x001857EC,444
FUN_001857f0,0x001857F0,0x001857F8,8
FUN_00185800,0x00185800,0x00185838,56
FUN_00185840,0x00185840,0x001859EC,428
FUN_001859f0,0x001859F0,0x00185B1C,300
FUN_00185b1c,0x00185B1C,0x00185B94,120
FUN_00185dd4,0x00185DD4,0x00185E10,60
FUN_00185ebc,0x00185EBC,0x00185EE4,40
FUN_00185ef0,0x00185EF0,0x00185F30,64
FUN_00185f70,0x00185F70,0x00186070,256
FUN_00186070,0x00186070,0x00186128,184
FUN_00186130,0x00186130,0x00186594,1124
FUN_00186594,0x00186594,0x00186DC8,2100
FUN_00186dc8,0x00186DC8,0x00186ED0,264
FUN_00186ed0,0x00186ED0,0x001870C4,500
FUN_00187120,0x00187120,0x00187AD0,2480
FUN_00187ad0,0x00187AD0,0x00187B2C,92
FUN_00187b2c,0x00187B2C,0x00187DD0,676
FUN_00187dd0,0x00187DD0,0x00188008,568
FUN_00188008,0x00188008,0x00188178,368
FUN_00188178,0x00188178,0x001881BC,68
FUN_001881c0,0x001881C0,0x001881D4,20
FUN_001881e0,0x001881E0,0x001881E8,8
FUN_001881f0,0x001881F0,0x001881F8,8
FUN_00188200,0x00188200,0x00188228,40
FUN_00188230,0x00188230,0x001882E4,180
FUN_001882f0,0x001882F0,0x00188380,144
FUN_00188380,0x00188380,0x00188408,136
FUN_00188410,0x00188410,0x00188418,8
FUN_00188420,0x00188420,0x00188428,8
FUN_00188430,0x00188430,0x00188438,8
FUN_00188440,0x00188440,0x0018847C,60
FUN_00188480,0x00188480,0x00188490,16
FUN_00188490,0x00188490,0x001884A0,16
thunk_FUN_001884b0,0x001884A0,0x001884A8,8
FUN_001884b0,0x001884B0,0x001884B8,8
FUN_001884c0,0x001884C0,0x001884D0,16
FUN_001884d0,0x001884D0,0x001884DC,12
FUN_001884e0,0x001884E0,0x0018850C,44
FUN_00188510,0x00188510,0x00188520,16
FUN_00188520,0x00188520,0x00188528,8
FUN_00188530,0x00188530,0x00188574,68
FUN_00188580,0x00188580,0x0018858C,12
FUN_00188590,0x00188590,0x001885A0,16
FUN_001885a0,0x001885A0,0x00188624,132
FUN_00188630,0x00188630,0x001886A4,116
FUN_001886b0,0x001886B0,0x001887C8,280
FUN_001887d0,0x001887D0,0x00188808,56
FUN_00188810,0x00188810,0x00188A30,544
FUN_00188a30,0x00188A30,0x00188D60,816
FUN_00188d60,0x00188D60,0x00188F18,440
FUN_00188f20,0x00188F20,0x00188F8C,108
FUN_00188f90,0x00188F90,0x0018912C,412
FUN_00189130,0x00189130,0x001897DC,1708
FUN_001897e0,0x001897E0,0x001899CC,492
FUN_001899d0,0x001899D0,0x00189AEC,284
FUN_00189af0,0x00189AF0,0x00189B84,148
FUN_00189b90,0x00189B90,0x00189CAC,284
FUN_00189cb0,0x00189CB0,0x00189D18,104
FUN_00189d20,0x00189D20,0x00189D9C,124
FUN_00189da0,0x00189DA0,0x00189DAC,12
FUN_00189db0,0x00189DB0,0x00189E00,80
FUN_00189e00,0x00189E00,0x00189E4C,76
FUN_00189e50,0x00189E50,0x00189E60,16
FUN_00189e60,0x00189E60,0x00189E88,40
FUN_00189e90,0x00189E90,0x00189EB8,40
FUN_00189ec0,0x00189EC0,0x00189EFC,60
FUN_00189f00,0x00189F00,0x00189F78,120
FUN_00189f80,0x00189F80,0x0018A00C,140
FUN_0018a010,0x0018A010,0x0018A018,8
FUN_0018a020,0x0018A020,0x0018A02C,12
FUN_0018a030,0x0018A030,0x0018A048,24
FUN_0018a050,0x0018A050,0x0018A080,48
FUN_0018a080,0x0018A080,0x0018A0AC,44
FUN_0018a0b0,0x0018A0B0,0x0018A0DC,44
FUN_0018a0e0,0x0018A0E0,0x0018A150,112
FUN_0018a150,0x0018A150,0x0018A17C,44
FUN_0018a180,0x0018A180,0x0018A1B4,52
FUN_0018a1c0,0x0018A1C0,0x0018A26C,172
FUN_0018a270,0x0018A270,0x0018A308,152
FUN_0018a310,0x0018A310,0x0018A340,48
FUN_0018a340,0x0018A340,0x0018A354,20
FUN_0018a360,0x0018A360,0x0018A378,24
FUN_0018a380,0x0018A380,0x0018A5E4,612
FUN_0018a5f0,0x0018A5F0,0x0018A640,80
FUN_0018a640,0x0018A640,0x0018A664,36
FUN_0018a670,0x0018A670,0x0018A6B0,64
FUN_0018a6b0,0x0018A6B0,0x0018A96C,700
FUN_0018a970,0x0018A970,0x0018A98C,28
FUN_0018a990,0x0018A990,0x0018A9F0,96
FUN_0018a9f0,0x0018A9F0,0x0018A9F8,8
FUN_0018aa00,0x0018AA00,0x0018AA08,8
FUN_0018aa10,0x0018AA10,0x0018AA70,96
FUN_0018aa70,0x0018AA70,0x0018AAD0,96
FUN_0018aad0,0x0018AAD0,0x0018AB20,80
FUN_0018ab20,0x0018AB20,0x0018AB90,112
FUN_0018ab90,0x0018AB90,0x0018ABD0,64
FUN_0018abd0,0x0018ABD0,0x0018AC40,112
FUN_0018ac40,0x0018AC40,0x0018AC6C,44
FUN_0018ac70,0x0018AC70,0x0018AC9C,44
FUN_0018aca0,0x0018ACA0,0x0018ACD0,48
FUN_0018acd0,0x0018ACD0,0x0018AD30,96
FUN_0018ad30,0x0018AD30,0x0018AEE8,440
FUN_0018aef0,0x0018AEF0,0x0018AF88,152
FUN_0018af90,0x0018AF90,0x0018B66C,1756
FUN_0018b670,0x0018B670,0x0018B7C8,344
FUN_0018b7d0,0x0018B7D0,0x0018B918,328
FUN_0018b920,0x0018B920,0x0018B998,120
FUN_0018b9a0,0x0018B9A0,0x0018BA54,180
FUN_0018ba60,0x0018BA60,0x0018C010,1456
FUN_0018c010,0x0018C010,0x0018C08C,124
FUN_0018c090,0x0018C090,0x0018C3B4,804
FUN_0018c3c0,0x0018C3C0,0x0018C5A0,480
FUN_0018c5a0,0x0018C5A0,0x0018C5E0,64
FUN_0018c5e0,0x0018C5E0,0x0018C63C,92
FUN_0018c640,0x0018C640,0x0018C76C,300
FUN_0018c770,0x0018C770,0x0018C988,536
FUN_0018c990,0x0018C990,0x0018C9C8,56
FUN_0018c9d0,0x0018C9D0,0x0018CA00,48
FUN_0018ca00,0x0018CA00,0x0018CA30,48
FUN_0018ca30,0x0018CA30,0x0018CA5C,44
FUN_0018ca60,0x0018CA60,0x0018CA94,52
FUN_0018caa0,0x0018CAA0,0x0018CAD0,48
FUN_0018cad0,0x0018CAD0,0x0018CB04,52
FUN_0018cb10,0x0018CB10,0x0018CB18,8
FUN_0018cb20,0x0018CB20,0x0018CB4C,44
FUN_0018cb50,0x0018CB50,0x0018CBAC,92
FUN_0018cbb0,0x0018CBB0,0x0018CCE8,312
FUN_0018ccf0,0x0018CCF0,0x0018CD4C,92
FUN_0018cd50,0x0018CD50,0x0018CDD4,132
FUN_0018cde0,0x0018CDE0,0x0018D1E8,1032
FUN_0018d1f0,0x0018D1F0,0x0018D2B4,196
FUN_0018d2c0,0x0018D2C0,0x0018D350,144
FUN_0018d350,0x0018D350,0x0018D358,8
FUN_0018d360,0x0018D360,0x0018D368,8
FUN_0018d370,0x0018D370,0x0018D378,8
FUN_0018d380,0x0018D380,0x0018D574,500
FUN_0018d580,0x0018D580,0x0018D600,128
FUN_0018d600,0x0018D600,0x0018D678,120
FUN_0018d680,0x0018D680,0x0018D714,148
FUN_0018d720,0x0018D720,0x0018D730,16
FUN_0018d730,0x0018D730,0x0018D738,8
FUN_0018d740,0x0018D740,0x0018D7C8,136
FUN_0018d7d0,0x0018D7D0,0x0018D834,100
FUN_0018d840,0x0018D840,0x0018D934,244
FUN_0018d940,0x0018D940,0x0018D948,8
FUN_0018d950,0x0018D950,0x0018D9DC,140
FUN_0018d9e0,0x0018D9E0,0x0018D9F0,16
FUN_0018d9f0,0x0018D9F0,0x0018D9F8,8
thunk_FUN_0016d620,0x0018DA00,0x0018DA08,8
FUN_0018da10,0x0018DA10,0x0018DA5C,76
FUN_0018da60,0x0018DA60,0x0018DC14,436
FUN_0018dc20,0x0018DC20,0x0018DC28,8
FUN_0018dc30,0x0018DC30,0x0018DC38,8
FUN_0018dc40,0x0018DC40,0x0018DC54,20
FUN_0018dc60,0x0018DC60,0x0018DC6C,12
FUN_0018dc70,0x0018DC70,0x0018DC78,8
FUN_0018dc80,0x0018DC80,0x0018DC88,8
FUN_0018dc90,0x0018DC90,0x0018DC98,8
FUN_0018dca0,0x0018DCA0,0x0018DCA8,8
thunk_FUN_0014df10,0x0018DCB0,0x0018DCB8,8
FUN_0018dcc0,0x0018DCC0,0x0018DD3C,124
FUN_0018dd40,0x0018DD40,0x0018DD70,48
FUN_0018dd70,0x0018DD70,0x0018DD9C,44
FUN_0018dda0,0x0018DDA0,0x0018DDAC,12
FUN_0018ddb0,0x0018DDB0,0x0018DDBC,12
FUN_0018ddc0,0x0018DDC0,0x0018DE98,216
FUN_0018dea0,0x0018DEA0,0x0018DEE0,64
FUN_0018dee0,0x0018DEE0,0x0018DF88,168
FUN_0018df90,0x0018DF90,0x0018E21C,652
FUN_0018e220,0x0018E220,0x0018E24C,44
FUN_0018e250,0x0018E250,0x0018E258,8
FUN_0018e260,0x0018E260,0x0018E28C,44
FUN_0018e290,0x0018E290,0x0018E318,136
FUN_0018e320,0x0018E320,0x0018E330,16
FUN_0018e330,0x0018E330,0x0018E528,504
FUN_0018e530,0x0018E530,0x0018E5AC,124
FUN_0018e5b0,0x0018E5B0,0x0018E638,136
FUN_0018e640,0x0018E640,0x0018E678,56
thunk_FUN_0018e690,0x0018E680,0x0018E688,8
FUN_0018e690,0x0018E690,0x0018E6DC,76
FUN_0018e6e0,0x0018E6E0,0x0018E73C,92
FUN_0018e740,0x0018E740,0x0018E768,40
FUN_0018e770,0x0018E770,0x0018E7B4,68
FUN_0018e7c0,0x0018E7C0,0x0018E93C,380
FUN_0018e940,0x0018E940,0x0018E964,36
FUN_0018e970,0x0018E970,0x0018E9A8,56
FUN_0018e9b0,0x0018E9B0,0x0018E9E8,56
FUN_0018e9f0,0x0018E9F0,0x0018EA14,36
FUN_0018ea20,0x0018EA20,0x0018EA44,36
FUN_0018ea50,0x0018EA50,0x0018EA74,36
FUN_0018ea80,0x0018EA80,0x0018EAA4,36
FUN_0018eab0,0x0018EAB0,0x0018EB34,132
FUN_0018eb40,0x0018EB40,0x0018EB70,48
FUN_0018eb70,0x0018EB70,0x0018EB98,40
FUN_0018eba0,0x0018EBA0,0x0018EBC8,40
FUN_0018ebd0,0x0018EBD0,0x0018EC00,48
FUN_0018ec00,0x0018EC00,0x0018EC30,48
FUN_0018ec30,0x0018EC30,0x0018ECD0,160
FUN_0018ecd0,0x0018ECD0,0x0018EEF4,548
FUN_0018ef00,0x0018EF00,0x0018EF9C,156
FUN_0018efa0,0x0018EFA0,0x0018F02C,140
FUN_0018f030,0x0018F030,0x0018F060,48
FUN_0018f060,0x0018F060,0x0018F088,40
FUN_0018f090,0x0018F090,0x0018F0B8,40
FUN_0018f0c0,0x0018F0C0,0x0018F0C8,8
FUN_0018f0d0,0x0018F0D0,0x0018F0F8,40
FUN_0018f100,0x0018F100,0x0018F128,40
FUN_0018f130,0x0018F130,0x0018F224,244
FUN_0018f230,0x0018F230,0x0018F28C,92
FUN_0018f290,0x0018F290,0x0018F2D8,72
FUN_0018f2e0,0x0018F2E0,0x0018F308,40
FUN_0018f310,0x0018F310,0x0018F340,48
FUN_0018f340,0x0018F340,0x0018F370,48
FUN_0018f370,0x0018F370,0x0018F3E4,116
FUN_0018f3f0,0x0018F3F0,0x0018F42C,60
FUN_0018f430,0x0018F430,0x0018F594,356
FUN_0018f5a0,0x0018F5A0,0x0018F5BC,28
FUN_0018f5c0,0x0018F5C0,0x0018F660,160
FUN_0018f660,0x0018F660,0x0018F668,8
FUN_0018f670,0x0018F670,0x0018F74C,220
FUN_0018f750,0x0018F750,0x0018FC24,1236
FUN_0018fc30,0x0018FC30,0x0018FCD4,164
FUN_0018fce0,0x0018FCE0,0x0018FCF4,20
FUN_0018fd00,0x0018FD00,0x0018FD08,8
FUN_0018fd10,0x0018FD10,0x0018FE44,308
FUN_0018fe50,0x0018FE50,0x0018FE58,8
FUN_0018fe60,0x0018FE60,0x0018FE68,8
FUN_0018fe70,0x0018FE70,0x0018FE78,8
FUN_0018fe80,0x0018FE80,0x00190048,456
FUN_00190050,0x00190050,0x0019014C,252
FUN_00190150,0x00190150,0x00190158,8
FUN_00190160,0x00190160,0x001903C0,608
FUN_001903c0,0x001903C0,0x001903C8,8
FUN_001903d0,0x001903D0,0x001903D8,8
FUN_001903e0,0x001903E0,0x001903E8,8
FUN_001903f0,0x001903F0,0x00190438,72
FUN_00190440,0x00190440,0x00190480,64
FUN_00190480,0x00190480,0x00190488,8
FUN_00190490,0x00190490,0x001904A0,16
FUN_001904a0,0x001904A0,0x00190664,452
FUN_00190670,0x00190670,0x00190678,8
FUN_00190680,0x00190680,0x00190844,452
FUN_00190850,0x00190850,0x00190898,72
FUN_001908a0,0x001908A0,0x00190A0C,364
FUN_00190a10,0x00190A10,0x00190A60,80
FUN_00190a60,0x00190A60,0x00190A94,52
FUN_00190aa0,0x00190AA0,0x00190AA8,8
FUN_00190ab0,0x00190AB0,0x00190B90,224
FUN_00190b90,0x00190B90,0x00190BB0,32
FUN_00190bb0,0x00190BB0,0x00190BBC,12
FUN_00190bc0,0x00190BC0,0x00190BCC,12
FUN_00190bd0,0x00190BD0,0x00190BD8,8
FUN_00190be0,0x00190BE0,0x00190C10,48
FUN_00190c10,0x00190C10,0x00190C1C,12
FUN_00190c20,0x00190C20,0x00190D34,276
thunk_FUN_0014df80,0x00190D40,0x00190D48,8
FUN_00190d50,0x00190D50,0x00190F00,432
FUN_00190f00,0x00190F00,0x00191128,552
FUN_00191130,0x00191130,0x00191148,24
FUN_00191150,0x00191150,0x00191158,8
FUN_00191160,0x00191160,0x00191398,568
FUN_001913a0,0x001913A0,0x00191564,452
FUN_00191570,0x00191570,0x00191A88,1304
FUN_00191a90,0x00191A90,0x00191A98,8
FUN_00191aa0,0x00191AA0,0x00191AA8,8
FUN_00191ab0,0x00191AB0,0x00191AC8,24
FUN_00191ad0,0x00191AD0,0x00191AD8,8
FUN_00191ae0,0x00191AE0,0x00191CD0,496
FUN_00191cd0,0x00191CD0,0x00191CD8,8
FUN_00191ce0,0x00191CE0,0x00191EAC,460
FUN_00191eb0,0x00191EB0,0x00191EB8,8
FUN_00191ec0,0x00191EC0,0x00191F88,200
FUN_00191f90,0x00191F90,0x00191FE4,84
FUN_00191ff0,0x00191FF0,0x00192078,136
thunk_FUN_0014e240,0x00192080,0x00192088,8
FUN_00192090,0x00192090,0x00192098,8
FUN_001920a0,0x001920A0,0x001920A8,8
FUN_001920b0,0x001920B0,0x001920E8,56
FUN_001920f0,0x001920F0,0x00192128,56
FUN_00192130,0x00192130,0x00192140,16
FUN_00192140,0x00192140,0x00192170,48
FUN_00192170,0x00192170,0x001921BC,76
FUN_001921c0,0x001921C0,0x001921C8,8
FUN_001921d0,0x001921D0,0x001921D8,8
FUN_001921e0,0x001921E0,0x001921E8,8
FUN_001921f0,0x001921F0,0x001921F8,8
FUN_00192200,0x00192200,0x00192228,40
FUN_00192230,0x00192230,0x00192270,64
FUN_00192270,0x00192270,0x00192318,168
FUN_00192320,0x00192320,0x0019232C,12
FUN_00192330,0x00192330,0x00192350,32
FUN_00192350,0x00192350,0x00192360,16
FUN_00192360,0x00192360,0x00192380,32
FUN_00192380,0x00192380,0x001923B0,48
FUN_001923b0,0x001923B0,0x00192458,168
FUN_00192460,0x00192460,0x001925B0,336
FUN_001925b0,0x001925B0,0x001927E4,564
FUN_001927f0,0x001927F0,0x00192A44,596
FUN_00192a50,0x00192A50,0x00192A64,20
FUN_00192a70,0x00192A70,0x00192CBC,588
FUN_00192cc0,0x00192CC0,0x0019309C,988
FUN_001930a0,0x001930A0,0x00193318,632
FUN_00193320,0x00193320,0x001934F8,472
FUN_00193500,0x00193500,0x00193518,24
FUN_00193520,0x00193520,0x0019355C,60
FUN_00193560,0x00193560,0x00193568,8
FUN_00193570,0x00193570,0x00193854,740
FUN_00193860,0x00193860,0x00193CDC,1148
FUN_00193ce0,0x00193CE0,0x00193E10,304
FUN_00193e10,0x00193E10,0x00193EDC,204
FUN_00193ee0,0x00193EE0,0x00193EFC,28
FUN_00193f00,0x00193F00,0x00193F08,8
FUN_00193f10,0x00193F10,0x00194240,816
FUN_00194240,0x00194240,0x0019464C,1036
FUN_00194650,0x00194650,0x00194700,176
FUN_00194700,0x00194700,0x0019471C,28
FUN_00194720,0x00194720,0x00194974,596
FUN_00194980,0x00194980,0x0019498C,12
FUN_00194990,0x00194990,0x001949D4,68
FUN_001949e0,0x001949E0,0x00194A98,184
FUN_00194aa0,0x00194AA0,0x00194BBC,284
FUN_00194bc0,0x00194BC0,0x00195098,1240
FUN_001950a0,0x001950A0,0x001950AC,12
FUN_001950b0,0x001950B0,0x001951C4,276
FUN_001951d0,0x001951D0,0x001955C0,1008
FUN_001955c0,0x001955C0,0x00195A20,1120
FUN_00195a20,0x00195A20,0x00195CBC,668
FUN_00195cc0,0x00195CC0,0x001961B0,1264
FUN_001961b0,0x001961B0,0x00196218,104
FUN_00196220,0x00196220,0x001966BC,1180
FUN_001966c0,0x001966C0,0x00196950,656
FUN_00196950,0x00196950,0x00196A00,176
FUN_00196a00,0x00196A00,0x0019731C,2332
FUN_00197320,0x00197320,0x00197680,864
FUN_00197680,0x00197680,0x001976B4,52
FUN_001976c0,0x001976C0,0x0019789C,476
FUN_001978a0,0x001978A0,0x001978AC,12
FUN_001978b0,0x001978B0,0x001978BC,12
FUN_001978c0,0x001978C0,0x001979F0,304
FUN_001979f0,0x001979F0,0x00197A78,136
FUN_00197a80,0x00197A80,0x00197AAC,44
FUN_00197ab0,0x00197AB0,0x00197B10,96
FUN_00197b10,0x00197B10,0x00197C20,272
FUN_00197c20,0x00197C20,0x00197CCC,172
FUN_00197d34,0x00197D34,0x00197D58,36
FUN_00197d58,0x00197D58,0x00197D60,8
FUN_00197d60,0x00197D60,0x00197D90,48
FUN_00197d90,0x00197D90,0x00197DB4,36
FUN_00197db4,0x00197DB4,0x00197DBC,8
FUN_00197dbc,0x00197DBC,0x00197EC8,268
FUN_00197ec8,0x00197EC8,0x00197EF8,48
FUN_00197f00,0x00197F00,0x00198114,532
FUN_00198120,0x00198120,0x001981E0,192
FUN_001981e0,0x001981E0,0x001981E8,8
FUN_001981f0,0x001981F0,0x00198330,320
FUN_00198330,0x00198330,0x0019883C,1292
FUN_0019883c,0x0019883C,0x00198B54,792
FUN_00198c68,0x00198C68,0x00198F74,780
FUN_00198f74,0x00198F74,0x00198FA4,48
FUN_00198fb0,0x00198FB0,0x0019911C,364
FUN_00199120,0x00199120,0x001992B4,404
FUN_001992c0,0x001992C0,0x00199400,320
FUN_00199400,0x00199400,0x001999F8,1528
FUN_00199a40,0x00199A40,0x00199AB8,120
FUN_00199ac0,0x00199AC0,0x00199CC8,520
FUN_00199cd0,0x00199CD0,0x00199E74,420
FUN_00199e80,0x00199E80,0x00199F30,176
FUN_00199f30,0x00199F30,0x0019A0C8,408
FUN_0019a0d0,0x0019A0D0,0x0019A10C,60
FUN_0019a110,0x0019A110,0x0019A14C,60
FUN_0019a150,0x0019A150,0x0019A1A0,80
FUN_0019a1a0,0x0019A1A0,0x0019A21C,124
FUN_0019a220,0x0019A220,0x0019A248,40
FUN_0019a250,0x0019A250,0x0019A258,8
FUN_0019a260,0x0019A260,0x0019A290,48
FUN_0019a290,0x0019A290,0x0019A298,8
FUN_0019a2a0,0x0019A2A0,0x0019A2A8,8
FUN_0019a2b0,0x0019A2B0,0x0019A810,1376
FUN_0019a810,0x0019A810,0x0019AAA4,660
FUN_0019aab0,0x0019AAB0,0x0019ACB4,516
FUN_0019acc0,0x0019ACC0,0x0019AD30,112
FUN_0019ad30,0x0019AD30,0x0019AD48,24
FUN_0019ad50,0x0019AD50,0x0019AD6C,28
FUN_0019ad70,0x0019AD70,0x0019AE20,176
FUN_0019ae20,0x0019AE20,0x0019AE28,8
FUN_0019ae30,0x0019AE30,0x0019AEB4,132
FUN_0019aec0,0x0019AEC0,0x0019AF40,128
FUN_0019af40,0x0019AF40,0x0019AFC0,128
FUN_0019afc0,0x0019AFC0,0x0019B02C,108
FUN_0019b030,0x0019B030,0x0019B110,224
FUN_0019b110,0x0019B110,0x0019B180,112
FUN_0019b180,0x0019B180,0x0019B190,16
FUN_0019b190,0x0019B190,0x0019B1D4,68
FUN_0019b1e0,0x0019B1E0,0x0019B240,96
FUN_0019b240,0x0019B240,0x0019B510,720
FUN_0019b510,0x0019B510,0x0019B558,72
FUN_0019b560,0x0019B560,0x0019B718,440
FUN_0019b720,0x0019B720,0x0019B748,40
FUN_0019b760,0x0019B760,0x0019B84C,236
FUN_0019b850,0x0019B850,0x0019B93C,236
FUN_0019b940,0x0019B940,0x0019B978,56
FUN_0019b980,0x0019B980,0x0019BA3C,188
FUN_0019ba40,0x0019BA40,0x0019BAD0,144
FUN_0019bad0,0x0019BAD0,0x0019BB8C,188
FUN_0019bb90,0x0019BB90,0x0019BC20,144
FUN_0019bc20,0x0019BC20,0x0019BC94,116
FUN_0019bca0,0x0019BCA0,0x0019C218,1400
FUN_0019c220,0x0019C220,0x0019C8BC,1692
FUN_0019c8c0,0x0019C8C0,0x0019C9C4,260
FUN_0019c9d0,0x0019C9D0,0x0019CF9C,1484
FUN_0019cfa0,0x0019CFA0,0x0019D4A0,1280
FUN_0019d4a0,0x0019D4A0,0x0019D564,196
FUN_0019d570,0x0019D570,0x0019D8E8,888
FUN_0019d8f0,0x0019D8F0,0x0019DB9C,684
FUN_0019dba0,0x0019DBA0,0x0019DBA8,8
FUN_0019dbb0,0x0019DBB0,0x0019DC64,180
FUN_0019dc70,0x0019DC70,0x0019DCE0,112
FUN_0019dce0,0x0019DCE0,0x0019DF0C,556
FUN_0019df10,0x0019DF10,0x0019DFD8,200
FUN_0019dfe0,0x0019DFE0,0x0019DFEC,12
FUN_0019dff0,0x0019DFF0,0x0019E0EC,252
FUN_0019e0f0,0x0019E0F0,0x0019E1A8,184
FUN_0019e1b0,0x0019E1B0,0x0019E3FC,588
FUN_0019e400,0x0019E400,0x0019E62C,556
FUN_0019e630,0x0019E630,0x0019E9A0,880
FUN_0019e9a0,0x0019E9A0,0x0019EB98,504
FUN_0019eba0,0x0019EBA0,0x0019ECE8,328
FUN_0019ecf0,0x0019ECF0,0x0019EEAC,444
FUN_0019eeb0,0x0019EEB0,0x0019F164,692
FUN_0019f170,0x0019F170,0x0019F330,448
FUN_0019f330,0x0019F330,0x0019F470,320
FUN_0019f470,0x0019F470,0x0019F81C,940
FUN_0019f820,0x0019F820,0x0019F93C,284
FUN_0019f940,0x0019F940,0x0019FC04,708
FUN_0019fc10,0x0019FC10,0x0019FD08,248
FUN_0019fd10,0x0019FD10,0x0019FE6C,348
FUN_0019fe80,0x0019FE80,0x001A0014,404
FUN_001a0030,0x001A0030,0x001A0280,592
FUN_001a0280,0x001A0280,0x001A0604,900
FUN_001a0610,0x001A0610,0x001A0654,68
FUN_001a0660,0x001A0660,0x001A0684,36
FUN_001a0690,0x001A0690,0x001A06B4,36
FUN_001a06c0,0x001A06C0,0x001A06EC,44
FUN_001a0700,0x001A0700,0x001A0B9C,1180
FUN_001a0ba0,0x001A0BA0,0x001A0C0C,108
FUN_001a0c10,0x001A0C10,0x001A0C28,24
FUN_001a0c30,0x001A0C30,0x001A0CB4,132
FUN_001a0cc0,0x001A0CC0,0x001A0D24,100
FUN_001a0d30,0x001A0D30,0x001A0F34,516
FUN_001a0f40,0x001A0F40,0x001A0F48,8
FUN_001a0f50,0x001A0F50,0x001A0F88,56
FUN_001a0f90,0x001A0F90,0x001A127C,748
FUN_001a1280,0x001A1280,0x001A12D8,88
FUN_001a12e0,0x001A12E0,0x001A158C,684
FUN_001a1590,0x001A1590,0x001A17CC,572
FUN_001a17d0,0x001A17D0,0x001A17EC,28
FUN_001a17f0,0x001A17F0,0x001A1F70,1920
FUN_001a1f70,0x001A1F70,0x001A1FD8,104
FUN_001a1fe0,0x001A1FE0,0x001A1FFC,28
FUN_001a2000,0x001A2000,0x001A20B4,180
FUN_001a20c0,0x001A20C0,0x001A2130,112
FUN_001a2130,0x001A2130,0x001A215C,44
FUN_001a2160,0x001A2160,0x001A2188,40
FUN_001a2190,0x001A2190,0x001A21BC,44
FUN_001a21c0,0x001A21C0,0x001A2810,1616
FUN_001a2810,0x001A2810,0x001A2854,68
FUN_001a2860,0x001A2860,0x001A2888,40
FUN_001a2890,0x001A2890,0x001A2940,176
FUN_001a2940,0x001A2940,0x001A2980,64
FUN_001a2980,0x001A2980,0x001A2988,8
FUN_001a2990,0x001A2990,0x001A2A14,132
FUN_001a2a20,0x001A2A20,0x001A2A9C,124
FUN_001a2aa0,0x001A2AA0,0x001A2B24,132
FUN_001a2b30,0x001A2B30,0x001A2BE0,176
FUN_001a2be0,0x001A2BE0,0x001A2C84,164
FUN_001a2c90,0x001A2C90,0x001A2D0C,124
FUN_001a2d10,0x001A2D10,0x001A2DB4,164
FUN_001a2dc0,0x001A2DC0,0x001A2E3C,124
FUN_001a2e40,0x001A2E40,0x001A2F1C,220
FUN_001a2f20,0x001A2F20,0x001A2F9C,124
FUN_001a2fa0,0x001A2FA0,0x001A301C,124
FUN_001a3020,0x001A3020,0x001A309C,124
FUN_001a30a0,0x001A30A0,0x001A3118,120
FUN_001a3120,0x001A3120,0x001A319C,124
FUN_001a31a0,0x001A31A0,0x001A321C,124
FUN_001a3220,0x001A3220,0x001A3298,120
FUN_001a32a0,0x001A32A0,0x001A3318,120
FUN_001a3320,0x001A3320,0x001A3398,120
FUN_001a33a0,0x001A33A0,0x001A3458,184
FUN_001a3460,0x001A3460,0x001A3518,184
FUN_001a3520,0x001A3520,0x001A35D0,176
FUN_001a35d0,0x001A35D0,0x001A3674,164
FUN_001a3680,0x001A3680,0x001A3744,196
FUN_001a3750,0x001A3750,0x001A3864,276
FUN_001a3870,0x001A3870,0x001A38FC,140
FUN_001a3900,0x001A3900,0x001A3A0C,268
FUN_001a3a10,0x001A3A10,0x001A3A90,128
FUN_001a3a90,0x001A3A90,0x001A3B44,180
FUN_001a3b50,0x001A3B50,0x001A3C50,256
FUN_001a3c50,0x001A3C50,0x001A3D04,180
FUN_001a3d10,0x001A3D10,0x001A3D8C,124
FUN_001a3d90,0x001A3D90,0x001A3E1C,140
FUN_001a3e20,0x001A3E20,0x001A3ED0,176
FUN_001a3ed0,0x001A3ED0,0x001A3F48,120
FUN_001a3f50,0x001A3F50,0x001A4050,256
FUN_001a4050,0x001A4050,0x001A4138,232
FUN_001a4140,0x001A4140,0x001A41CC,140
FUN_001a41d0,0x001A41D0,0x001A42A4,212
FUN_001a42b0,0x001A42B0,0x001A4570,704
FUN_001a4570,0x001A4570,0x001A45D8,104
FUN_001a45e0,0x001A45E0,0x001A45E8,8
FUN_001a45f0,0x001A45F0,0x001A4898,680
FUN_001a48a0,0x001A48A0,0x001A494C,172
FUN_001a4950,0x001A4950,0x001A49E0,144
FUN_001a49e0,0x001A49E0,0x001A4A14,52
FUN_001a4a30,0x001A4A30,0x001A4A58,40
FUN_001a4a60,0x001A4A60,0x001A4A88,40
FUN_001a4ac0,0x001A4AC0,0x001A4BAC,236
FUN_001a4be0,0x001A4BE0,0x001A4CBC,220
FUN_001a4cf0,0x001A4CF0,0x001A4D64,116
FUN_001a4dc0,0x001A4DC0,0x001A4DE8,40
FUN_001a4df0,0x001A4DF0,0x001A4E18,40
FUN_001a4e20,0x001A4E20,0x001A4E44,36
FUN_001a4e50,0x001A4E50,0x001A4E78,40
FUN_001a4e80,0x001A4E80,0x001A4EA8,40
FUN_001a4eb0,0x001A4EB0,0x001A4ED4,36
FUN_001a4ee0,0x001A4EE0,0x001A4F0C,44
FUN_001a4f10,0x001A4F10,0x001A4FA8,152
FUN_001a4fb0,0x001A4FB0,0x001A5030,128
FUN_001a5060,0x001A5060,0x001A51F4,404
FUN_001a5200,0x001A5200,0x001A5504,772
FUN_001a56f0,0x001A56F0,0x001A5718,40
FUN_001a5720,0x001A5720,0x001A5800,224
FUN_001a5800,0x001A5800,0x001A5940,320
FUN_001a5940,0x001A5940,0x001A59DC,156
FUN_001a59e0,0x001A59E0,0x001A5A6C,140
FUN_001a5a70,0x001A5A70,0x001A5BE0,368
FUN_001a5be0,0x001A5BE0,0x001A5C38,88
FUN_001a5d00,0x001A5D00,0x001A5F10,528
FUN_001a5f10,0x001A5F10,0x001A61A4,660
FUN_001a61f0,0x001A61F0,0x001A62A8,184
FUN_001a62b0,0x001A62B0,0x001A6360,176
FUN_001a6360,0x001A6360,0x001A6448,232
FUN_001a6450,0x001A6450,0x001A6578,296
FUN_001a6580,0x001A6580,0x001A6658,216
FUN_001a6660,0x001A6660,0x001A6710,176
FUN_001a6710,0x001A6710,0x001A67CC,188
FUN_001a67d0,0x001A67D0,0x001A688C,188
FUN_001a6890,0x001A6890,0x001A6908,120
FUN_001a6910,0x001A6910,0x001A69C0,176
FUN_001a69c0,0x001A69C0,0x001A6A38,120
FUN_001a6a40,0x001A6A40,0x001A6AB8,120
FUN_001a6ac0,0x001A6AC0,0x001A6B74,180
FUN_001a6b80,0x001A6B80,0x001A6BF8,120
FUN_001a6c00,0x001A6C00,0x001A6D3C,316
FUN_001a6d40,0x001A6D40,0x001A6E04,196
FUN_001a6e10,0x001A6E10,0x001A6ECC,188
FUN_001a6ed0,0x001A6ED0,0x001A6F54,132
FUN_001a6f60,0x001A6F60,0x001A6FDC,124
FUN_001a6fe0,0x001A6FE0,0x001A705C,124
FUN_001a7060,0x001A7060,0x001A70DC,124
FUN_001a70e0,0x001A70E0,0x001A7190,176
FUN_001a7190,0x001A7190,0x001A7208,120
FUN_001a7210,0x001A7210,0x001A7288,120
FUN_001a7290,0x001A7290,0x001A7344,180
FUN_001a7350,0x001A7350,0x001A73C8,120
FUN_001a73d0,0x001A73D0,0x001A747C,172
FUN_001a7480,0x001A7480,0x001A7530,176
FUN_001a7530,0x001A7530,0x001A75A8,120
FUN_001a75b0,0x001A75B0,0x001A76A8,248
FUN_001a76b0,0x001A76B0,0x001A7790,224
FUN_001a7790,0x001A7790,0x001A7888,248
FUN_001a7890,0x001A7890,0x001A7968,216
FUN_001a7970,0x001A7970,0x001A7A88,280
FUN_001a7a90,0x001A7A90,0x001A7B80,240
FUN_001a7b80,0x001A7B80,0x001A7C0C,140
FUN_001a7c10,0x001A7C10,0x001A7C9C,140
FUN_001a7ca0,0x001A7CA0,0x001A7D74,212
FUN_001a7d80,0x001A7D80,0x001A8380,1536
FUN_001a8380,0x001A8380,0x001A8394,20
FUN_001a83a0,0x001A83A0,0x001A83E4,68
FUN_001a83f0,0x001A83F0,0x001A85A0,432
FUN_001a85a0,0x001A85A0,0x001A8610,112
FUN_001a8610,0x001A8610,0x001A86DC,204
FUN_001a86e0,0x001A86E0,0x001A87E4,260
FUN_001a87f0,0x001A87F0,0x001A8824,52
FUN_001a8840,0x001A8840,0x001A8904,196
FUN_001a8940,0x001A8940,0x001A89BC,124
FUN_001a89c0,0x001A89C0,0x001A8B54,404
FUN_001a8b60,0x001A8B60,0x001A8D30,464
FUN_001a8de0,0x001A8DE0,0x001A8E94,180
FUN_001a8ea0,0x001A8EA0,0x001A8FD0,304
FUN_001a8fd0,0x001A8FD0,0x001A904C,124
FUN_001a9060,0x001A9060,0x001A9080,32
FUN_001a90a0,0x001A90A0,0x001A9254,436
FUN_001a9260,0x001A9260,0x001A92A4,68
FUN_001a92b0,0x001A92B0,0x001A938C,220
FUN_001a9390,0x001A9390,0x001A99A4,1556
FUN_001a99b0,0x001A99B0,0x001A9C90,736
FUN_001a9c90,0x001A9C90,0x001A9EA0,528
FUN_001a9ea0,0x001A9EA0,0x001A9F50,176
FUN_001a9f50,0x001A9F50,0x001AA160,528
FUN_001aa160,0x001AA160,0x001AA210,176
FUN_001aa210,0x001AA210,0x001AA4E0,720
FUN_001aa4e0,0x001AA4E0,0x001AA5EC,268
FUN_001aa5f0,0x001AA5F0,0x001AA6B8,200
FUN_001aa6c0,0x001AA6C0,0x001AA740,128
FUN_001aa760,0x001AA760,0x001AA7E0,128
FUN_001aa810,0x001AA810,0x001AA8CC,188
FUN_001aa8d0,0x001AA8D0,0x001AA98C,188
FUN_001aa9c0,0x001AA9C0,0x001AAB38,376
FUN_001aab40,0x001AAB40,0x001AACB0,368
FUN_001aacb0,0x001AACB0,0x001AADC0,272
FUN_001aadc0,0x001AADC0,0x001AB05C,668
FUN_001ab060,0x001AB060,0x001AB168,264
FUN_001ab170,0x001AB170,0x001AB274,260
FUN_001ab280,0x001AB280,0x001AB41C,412
FUN_001ab420,0x001AB420,0x001AB64C,556
FUN_001ab650,0x001AB650,0x001AB9A4,852
FUN_001ab9b0,0x001AB9B0,0x001ABA80,208
FUN_001aba80,0x001ABA80,0x001ABAD0,80
FUN_001abad0,0x001ABAD0,0x001ABB0C,60
FUN_001abb10,0x001ABB10,0x001ABB60,80
FUN_001abb60,0x001ABB60,0x001ABCA0,320
FUN_001abca0,0x001ABCA0,0x001ABD3C,156
FUN_001abd40,0x001ABD40,0x001ABD90,80
FUN_001abd90,0x001ABD90,0x001ABDCC,60
FUN_001abdd0,0x001ABDD0,0x001ABE0C,60
FUN_001abe10,0x001ABE10,0x001ABE88,120
FUN_001abe90,0x001ABE90,0x001ABF70,224
FUN_001abf70,0x001ABF70,0x001AC018,168
FUN_001ac020,0x001AC020,0x001AC0F0,208
FUN_001ac0f0,0x001AC0F0,0x001AC118,40
FUN_001ac120,0x001AC120,0x001AC1A4,132
FUN_001ac1b0,0x001AC1B0,0x001AC258,168
FUN_001ac260,0x001AC260,0x001AC2D8,120
FUN_001ac2e0,0x001AC2E0,0x001AC2E8,8
FUN_001ac2f0,0x001AC2F0,0x001AC38C,156
FUN_001ac390,0x001AC390,0x001AC484,244
FUN_001ac490,0x001AC490,0x001AC630,416
FUN_001ac630,0x001AC630,0x001AC6B8,136
FUN_001ac6c0,0x001AC6C0,0x001AC71C,92
FUN_001ac720,0x001AC720,0x001AC77C,92
FUN_001ac780,0x001AC780,0x001AC7DC,92
FUN_001ac7e0,0x001AC7E0,0x001AC808,40
FUN_001ac810,0x001AC810,0x001AC878,104
FUN_001ac880,0x001AC880,0x001AC8E0,96
FUN_001ac8e0,0x001AC8E0,0x001ACA8C,428
FUN_001aca90,0x001ACA90,0x001ACEF0,1120
FUN_001acef0,0x001ACEF0,0x001AD164,628
FUN_001ad170,0x001AD170,0x001AD694,1316
FUN_001ad6a0,0x001AD6A0,0x001AD704,100
FUN_001ad710,0x001AD710,0x001AD770,96
FUN_001ad770,0x001AD770,0x001AD7CC,92
FUN_001ad7d0,0x001AD7D0,0x001AD82C,92
FUN_001ad830,0x001AD830,0x001AD88C,92
FUN_001ad890,0x001AD890,0x001AD8F8,104
FUN_001ad900,0x001AD900,0x001ADB1C,540
FUN_001adb20,0x001ADB20,0x001ADD0C,492
FUN_001add10,0x001ADD10,0x001ADD1C,12
FUN_001add20,0x001ADD20,0x001ADDBC,156
FUN_001addc0,0x001ADDC0,0x001ADDCC,12
FUN_001addd0,0x001ADDD0,0x001ADDD8,8
FUN_001adde0,0x001ADDE0,0x001ADF50,368
FUN_001adf50,0x001ADF50,0x001AE088,312
FUN_001ae090,0x001AE090,0x001AE098,8
FUN_001ae0a0,0x001AE0A0,0x001AE11C,124
FUN_001ae120,0x001AE120,0x001AE128,8
FUN_001ae130,0x001AE130,0x001AE13C,12
FUN_001ae140,0x001AE140,0x001AE1B0,112
FUN_001ae1b0,0x001AE1B0,0x001AE1FC,76
FUN_001ae200,0x001AE200,0x001AE254,84
FUN_001ae260,0x001AE260,0x001AE838,1496
FUN_001ae840,0x001AE840,0x001AE874,52
FUN_001ae880,0x001AE880,0x001AECFC,1148
FUN_001aed00,0x001AED00,0x001AEE0C,268
FUN_001aee10,0x001AEE10,0x001AEFF0,480
FUN_001aeff0,0x001AEFF0,0x001AF004,20
FUN_001af010,0x001AF010,0x001AF094,132
FUN_001af0a0,0x001AF0A0,0x001AF114,116
FUN_001af120,0x001AF120,0x001AF440,800
FUN_001af440,0x001AF440,0x001AF4E0,160
FUN_001af4e0,0x001AF4E0,0x001AF53C,92
FUN_001af540,0x001AF540,0x001AF6E8,424
FUN_001af6f0,0x001AF6F0,0x001AF6FC,12
FUN_001af700,0x001AF700,0x001AF70C,12
FUN_001af710,0x001AF710,0x001AF718,8
FUN_001af720,0x001AF720,0x001AF76C,76
FUN_001af770,0x001AF770,0x001AF7BC,76
FUN_001af7c0,0x001AF7C0,0x001AF80C,76
FUN_001af810,0x001AF810,0x001AF858,72
FUN_001af860,0x001AF860,0x001AFA84,548
FUN_001afa90,0x001AFA90,0x001AFAB4,36
FUN_001afac0,0x001AFAC0,0x001AFE08,840
FUN_001afe10,0x001AFE10,0x001B0E04,4084
FUN_001b0e10,0x001B0E10,0x001B10E0,720
FUN_001b10e0,0x001B10E0,0x001B1174,148
FUN_001b1180,0x001B1180,0x001B13E0,608
FUN_001b13e0,0x001B13E0,0x001B1530,336
FUN_001b1530,0x001B1530,0x001B15E8,184
FUN_001b15f0,0x001B15F0,0x001B1674,132
FUN_001b1680,0x001B1680,0x001B16A8,40
FUN_001b16b0,0x001B16B0,0x001B1818,360
FUN_001b1820,0x001B1820,0x001B182C,12
FUN_001b1830,0x001B1830,0x001B18D8,168
FUN_001b18e0,0x001B18E0,0x001B18EC,12
FUN_001b18f0,0x001B18F0,0x001B19E0,240
FUN_001b19e0,0x001B19E0,0x001B1A98,184
FUN_001b1aa0,0x001B1AA0,0x001B1EF0,1104
FUN_001b1ef0,0x001B1EF0,0x001B1FA0,176
FUN_001b1fa0,0x001B1FA0,0x001B20D0,304
FUN_001b20d0,0x001B20D0,0x001B20F0,32
FUN_001b20f0,0x001B20F0,0x001B2140,80
FUN_001b2140,0x001B2140,0x001B2168,40
FUN_001b2170,0x001B2170,0x001B2204,148
FUN_001b2210,0x001B2210,0x001B229C,140
FUN_001b22a0,0x001B22A0,0x001B22C0,32
FUN_001b22c0,0x001B22C0,0x001B2320,96
FUN_001b2500,0x001B2500,0x001B2564,100
FUN_001b26f0,0x001B26F0,0x001B27B4,196
FUN_001b27c0,0x001B27C0,0x001B2944,388
FUN_001b2950,0x001B2950,0x001B2A3C,236
FUN_001b2a40,0x001B2A40,0x001B2DC0,896
FUN_001b2dc0,0x001B2DC0,0x001B2E54,148
FUN_001b2e60,0x001B2E60,0x001B2EF4,148
FUN_001b2f00,0x001B2F00,0x001B2FAC,172
FUN_001b2fb0,0x001B2FB0,0x001B305C,172
FUN_001b3060,0x001B3060,0x001B3138,216
FUN_001b3140,0x001B3140,0x001B3214,212
FUN_001b3220,0x001B3220,0x001B328C,108
FUN_001b3290,0x001B3290,0x001B3330,160
FUN_001b3330,0x001B3330,0x001B34B8,392
FUN_001b34c0,0x001B34C0,0x001B34D0,16
FUN_001b34d0,0x001B34D0,0x001B3570,160
FUN_001b3570,0x001B3570,0x001B35B0,64
FUN_001b35b0,0x001B35B0,0x001B368C,220
FUN_001b3690,0x001B3690,0x001B37C0,304
FUN_001b37c0,0x001B37C0,0x001B385C,156
FUN_001b3860,0x001B3860,0x001B3954,244
FUN_001b3960,0x001B3960,0x001B39BC,92
FUN_001b39c0,0x001B39C0,0x001B3B78,440
FUN_001b3b80,0x001B3B80,0x001B3C14,148
FUN_001b3c20,0x001B3C20,0x001B3CE4,196
FUN_001b3cf0,0x001B3CF0,0x001B3D60,112
FUN_001b3d60,0x001B3D60,0x001B3E08,168
FUN_001b3e10,0x001B3E10,0x001B3E30,32
FUN_001b3e30,0x001B3E30,0x001B3EAC,124
FUN_001b3eb0,0x001B3EB0,0x001B3F6C,188
FUN_001b3f70,0x001B3F70,0x001B3FAC,60
FUN_001b3fb0,0x001B3FB0,0x001B407C,204
FUN_001b4080,0x001B4080,0x001B45D0,1360
FUN_001b45d0,0x001B45D0,0x001B45F0,32
FUN_001b45f0,0x001B45F0,0x001B466C,124
FUN_001b4670,0x001B4670,0x001B470C,156
FUN_001b4710,0x001B4710,0x001B4888,376
FUN_001b4890,0x001B4890,0x001B4920,144
FUN_001b4920,0x001B4920,0x001B4948,40
FUN_001b4950,0x001B4950,0x001B497C,44
FUN_001b4980,0x001B4980,0x001B49C4,68
FUN_001b49d0,0x001B49D0,0x001B4BDC,524
FUN_001b4be0,0x001B4BE0,0x001B4C08,40
FUN_001b4c10,0x001B4C10,0x001B4DCC,444
FUN_001b4dd0,0x001B4DD0,0x001B4F90,448
FUN_001b4f90,0x001B4F90,0x001B5188,504
FUN_001b5190,0x001B5190,0x001B5264,212
FUN_001b5270,0x001B5270,0x001B5320,176
FUN_001b5320,0x001B5320,0x001B539C,124
FUN_001b53a0,0x001B53A0,0x001B541C,124
FUN_001b5420,0x001B5420,0x001B5480,96
FUN_001b5480,0x001B5480,0x001B54F0,112
FUN_001b54f0,0x001B54F0,0x001B552C,60
FUN_001b5530,0x001B5530,0x001B556C,60
FUN_001b5570,0x001B5570,0x001B55F8,136
FUN_001b5600,0x001B5600,0x001B570C,268
FUN_001b5710,0x001B5710,0x001B5878,360
FUN_001b5880,0x001B5880,0x001B5934,180
FUN_001b5940,0x001B5940,0x001B5C90,848
FUN_001b5c90,0x001B5C90,0x001B5CE8,88
FUN_001b5cf0,0x001B5CF0,0x001B5D48,88
FUN_001b5d50,0x001B5D50,0x001B5D8C,60
FUN_001b5d90,0x001B5D90,0x001B5DFC,108
FUN_001b5e00,0x001B5E00,0x001B5E68,104
FUN_001b5e70,0x001B5E70,0x001B5F60,240
FUN_001b5f60,0x001B5F60,0x001B6044,228
FUN_001b6050,0x001B6050,0x001B61F4,420
FUN_001b6200,0x001B6200,0x001B6300,256
FUN_001b6300,0x001B6300,0x001B6500,512
FUN_001b6500,0x001B6500,0x001B6590,144
FUN_001b6590,0x001B6590,0x001B6928,920
FUN_001b6930,0x001B6930,0x001B6C94,868
FUN_001b6ca0,0x001B6CA0,0x001B6D64,196
FUN_001b6d70,0x001B6D70,0x001B6D90,32
FUN_001b6d90,0x001B6D90,0x001B6E10,128
FUN_001b6e10,0x001B6E10,0x001B6E88,120
FUN_001b6e90,0x001B6E90,0x001B6FAC,284
FUN_001b6fb0,0x001B6FB0,0x001B70B8,264
FUN_001b70c0,0x001B70C0,0x001B7120,96
FUN_001b7120,0x001B7120,0x001B7238,280
FUN_001b7240,0x001B7240,0x001B727C,60
FUN_001b7280,0x001B7280,0x001B72BC,60
FUN_001b72c0,0x001B72C0,0x001B7330,112
FUN_001b7330,0x001B7330,0x001B73A0,112
FUN_001b73a0,0x001B73A0,0x001B7448,168
FUN_001b7450,0x001B7450,0x001B74F8,168
FUN_001b7500,0x001B7500,0x001B759C,156
FUN_001b75a0,0x001B75A0,0x001B763C,156
FUN_001b7640,0x001B7640,0x001B76B4,116
FUN_001b76c0,0x001B76C0,0x001B7784,196
FUN_001b7790,0x001B7790,0x001B7844,180
FUN_001b7850,0x001B7850,0x001B788C,60
FUN_001b7890,0x001B7890,0x001B79B8,296
FUN_001b79c0,0x001B79C0,0x001B79FC,60
FUN_001b7a00,0x001B7A00,0x001B7A3C,60
FUN_001b7a40,0x001B7A40,0x001B7B08,200
FUN_001b7b10,0x001B7B10,0x001B7C48,312
FUN_001b7c50,0x001B7C50,0x001B7EC4,628
FUN_001b7ed0,0x001B7ED0,0x001B833C,1132
FUN_001b8340,0x001B8340,0x001B83CC,140
FUN_001b83d0,0x001B83D0,0x001B8478,168
FUN_001b8480,0x001B8480,0x001B8748,712
FUN_001b8750,0x001B8750,0x001B8770,32
FUN_001b8770,0x001B8770,0x001B87C4,84
FUN_001b87d0,0x001B87D0,0x001B87FC,44
FUN_001b8800,0x001B8800,0x001B88F8,248
FUN_001b8900,0x001B8900,0x001B89A4,164
FUN_001b89b0,0x001B89B0,0x001B89D8,40
FUN_001b89e0,0x001B89E0,0x001B8A70,144
FUN_001b8a70,0x001B8A70,0x001B8AF8,136
FUN_001b8b00,0x001B8B00,0x001B8C8C,396
FUN_001b8c90,0x001B8C90,0x001B8CC0,48
FUN_001b8cc0,0x001B8CC0,0x001B8D18,88
FUN_001b8d20,0x001B8D20,0x001B8F64,580
FUN_001b8f70,0x001B8F70,0x001B8F94,36
FUN_001b8fa0,0x001B8FA0,0x001B921C,636
FUN_001b9220,0x001B9220,0x001B941C,508
FUN_001b9420,0x001B9420,0x001B9634,532
FUN_001b9640,0x001B9640,0x001B9698,88
FUN_001b96a0,0x001B96A0,0x001B970C,108
FUN_001b9710,0x001B9710,0x001B9768,88
FUN_001b9770,0x001B9770,0x001B9860,240
FUN_001b9860,0x001B9860,0x001B9900,160
FUN_001b9900,0x001B9900,0x001B992C,44
FUN_001b9930,0x001B9930,0x001B997C,76
FUN_001b9980,0x001B9980,0x001B9A04,132
FUN_001b9a10,0x001B9A10,0x001B9B20,272
FUN_001b9b20,0x001B9B20,0x001B9B68,72
FUN_001b9b70,0x001B9B70,0x001B9BC8,88
FUN_001b9bd0,0x001B9BD0,0x001B9C28,88
FUN_001b9c30,0x001B9C30,0x001B9C64,52
FUN_001b9c70,0x001B9C70,0x001B9E54,484
FUN_001b9e60,0x001B9E60,0x001B9EA8,72
FUN_001b9eb0,0x001B9EB0,0x001B9EEC,60
FUN_001b9ef0,0x001B9EF0,0x001B9F6C,124
FUN_001b9f70,0x001B9F70,0x001BA024,180
FUN_001ba030,0x001BA030,0x001BA1EC,444
FUN_001ba1f0,0x001BA1F0,0x001BA3CC,476
FUN_001ba3d0,0x001BA3D0,0x001BA5D4,516
FUN_001ba5e0,0x001BA5E0,0x001BA628,72
FUN_001ba630,0x001BA630,0x001BA674,68
FUN_001ba680,0x001BA680,0x001BA6BC,60
FUN_001ba6c0,0x001BA6C0,0x001BA6D0,16
FUN_001ba6d0,0x001BA6D0,0x001BA8DC,524
FUN_001ba8e0,0x001BA8E0,0x001BA938,88
FUN_001ba940,0x001BA940,0x001BA970,48
FUN_001ba970,0x001BA970,0x001BA9EC,124
FUN_001ba9f0,0x001BA9F0,0x001BAA18,40
FUN_001baa20,0x001BAA20,0x001BAA50,48
FUN_001baa50,0x001BAA50,0x001BAA7C,44
FUN_001baa80,0x001BAA80,0x001BAD2C,684
FUN_001bad30,0x001BAD30,0x001BB00C,732
FUN_001bb010,0x001BB010,0x001BB1E0,464
FUN_001bb1e0,0x001BB1E0,0x001BB264,132
FUN_001bb270,0x001BB270,0x001BB294,36
FUN_001bb2a0,0x001BB2A0,0x001BB738,1176
FUN_001bb740,0x001BB740,0x001BB77C,60
FUN_001bb780,0x001BB780,0x001BB86C,236
FUN_001bb870,0x001BB870,0x001BB8CC,92
FUN_001bb8d0,0x001BB8D0,0x001BB93C,108
FUN_001bb940,0x001BB940,0x001BB990,80
FUN_001bb990,0x001BB990,0x001BBAEC,348
FUN_001bbaf0,0x001BBAF0,0x001BBB40,80
FUN_001bbb40,0x001BBB40,0x001BBB7C,60
FUN_001bbb80,0x001BBB80,0x001BBD98,536
FUN_001bbda0,0x001BBDA0,0x001BBEB4,276
FUN_001bbec0,0x001BBEC0,0x001BBF98,216
FUN_001bbfa0,0x001BBFA0,0x001BC1BC,540
FUN_001bc1c0,0x001BC1C0,0x001BC2BC,252
FUN_001bc2c0,0x001BC2C0,0x001BC30C,76
FUN_001bc310,0x001BC310,0x001BC3A8,152
FUN_001bc3b0,0x001BC3B0,0x001BC42C,124
FUN_001bc430,0x001BC430,0x001BC47C,76
FUN_001bc480,0x001BC480,0x001BC588,264
FUN_001bc590,0x001BC590,0x001BC724,404
FUN_001bc730,0x001BC730,0x001BC8B4,388
FUN_001bc8c0,0x001BC8C0,0x001BCA2C,364
FUN_001bca30,0x001BCA30,0x001BCC30,512
FUN_001bcc30,0x001BCC30,0x001BCE30,512
FUN_001bce30,0x001BCE30,0x001BCF8C,348
FUN_001bcf90,0x001BCF90,0x001BD038,168
FUN_001bd040,0x001BD040,0x001BD09C,92
FUN_001bd0a0,0x001BD0A0,0x001BD0A8,8
FUN_001bd0b0,0x001BD0B0,0x001BD0B8,8
FUN_001bd0c0,0x001BD0C0,0x001BD0FC,60
FUN_001bd100,0x001BD100,0x001BD12C,44
FUN_001bd130,0x001BD130,0x001BD15C,44
FUN_001bd160,0x001BD160,0x001BD19C,60
FUN_001bd1a0,0x001BD1A0,0x001BD1DC,60
FUN_001bd1e0,0x001BD1E0,0x001BD22C,76
FUN_001bd230,0x001BD230,0x001BD284,84
FUN_001bd290,0x001BD290,0x001BD338,168
FUN_001bd340,0x001BD340,0x001BD414,212
FUN_001bd420,0x001BD420,0x001BD464,68
FUN_001bd470,0x001BD470,0x001BD574,260
FUN_001bd580,0x001BD580,0x001BD5AC,44
FUN_001bd5b0,0x001BD5B0,0x001BD67C,204
FUN_001bd680,0x001BD680,0x001BD898,536
FUN_001bd8a0,0x001BD8A0,0x001BD938,152
FUN_001bd940,0x001BD940,0x001BD9D8,152
FUN_001bd9e0,0x001BD9E0,0x001BDA88,168
FUN_001bda90,0x001BDA90,0x001BDBA4,276
FUN_001bdbb0,0x001BDBB0,0x001BDBF0,64
FUN_001bdbf0,0x001BDBF0,0x001BDC58,104
FUN_001bdc60,0x001BDC60,0x001BDD90,304
FUN_001bdd90,0x001BDD90,0x001BDDE0,80
FUN_001bdde0,0x001BDDE0,0x001BDED8,248
FUN_001bdee0,0x001BDEE0,0x001BDF24,68
FUN_001bdf30,0x001BDF30,0x001BDF9C,108
FUN_001bdfa0,0x001BDFA0,0x001BE020,128
FUN_001be020,0x001BE020,0x001BE09C,124
FUN_001be0a0,0x001BE0A0,0x001BE170,208
FUN_001be170,0x001BE170,0x001BE22C,188
FUN_001be230,0x001BE230,0x001BE2F8,200
FUN_001be300,0x001BE300,0x001BE408,264
FUN_001be410,0x001BE410,0x001BE460,80
FUN_001be460,0x001BE460,0x001BE49C,60
FUN_001be4a0,0x001BE4A0,0x001BE630,400
FUN_001be630,0x001BE630,0x001BE674,68
FUN_001be680,0x001BE680,0x001BE6C4,68
FUN_001be6d0,0x001BE6D0,0x001BE784,180
FUN_001be790,0x001BE790,0x001BE8A0,272
FUN_001be8a0,0x001BE8A0,0x001BE948,168
FUN_001be950,0x001BE950,0x001BE98C,60
FUN_001be990,0x001BE990,0x001BEA20,144
FUN_001bea20,0x001BEA20,0x001BEA8C,108
FUN_001bea90,0x001BEA90,0x001BEB00,112
FUN_001beb00,0x001BEB00,0x001BEB20,32
FUN_001beb20,0x001BEB20,0x001BEBB0,144
FUN_001bebb0,0x001BEBB0,0x001BEBB8,8
FUN_001bebc0,0x001BEBC0,0x001BEC10,80
FUN_001bec10,0x001BEC10,0x001BF29C,1676
FUN_001bf2a0,0x001BF2A0,0x001BF3A8,264
FUN_001bf3b0,0x001BF3B0,0x001BF3F4,68
FUN_001bf400,0x001BF400,0x001BF484,132
FUN_001bf490,0x001BF490,0x001BF540,176
FUN_001bf540,0x001BF540,0x001BF590,80
FUN_001bf590,0x001BF590,0x001BF688,248
FUN_001bf690,0x001BF690,0x001BF704,116
FUN_001bf710,0x001BF710,0x001BF7F0,224
FUN_001bf7f0,0x001BF7F0,0x001BF98C,412
FUN_001bf990,0x001BF990,0x001BF9B0,32
FUN_001bf9b0,0x001BF9B0,0x001BFA3C,140
FUN_001bfa40,0x001BFA40,0x001BFAEC,172
FUN_001bfaf0,0x001BFAF0,0x001BFB38,72
FUN_001bfb40,0x001BFB40,0x001BFBAC,108
FUN_001bfbb0,0x001BFBB0,0x001BFBD0,32
FUN_001bfbd0,0x001BFBD0,0x001BFC90,192
FUN_001bfc90,0x001BFC90,0x001BFD18,136
FUN_001bfd20,0x001BFD20,0x001BFDD0,176
FUN_001bfdd0,0x001BFDD0,0x001BFE78,168
FUN_001bfe80,0x001BFE80,0x001BFEC8,72
FUN_001bfed0,0x001BFED0,0x001BFF20,80
FUN_001bff20,0x001BFF20,0x001BFF98,120
FUN_001bffa0,0x001BFFA0,0x001C0174,468
FUN_001c0180,0x001C0180,0x001C01BC,60
FUN_001c01c0,0x001C01C0,0x001C0478,696
FUN_001c0480,0x001C0480,0x001C0490,16
FUN_001c0490,0x001C0490,0x001C057C,236
FUN_001c0580,0x001C0580,0x001C0664,228
FUN_001c0670,0x001C0670,0x001C0820,432
FUN_001c0820,0x001C0820,0x001C0890,112
FUN_001c0890,0x001C0890,0x001C0918,136
FUN_001c0920,0x001C0920,0x001C09C8,168
FUN_001c09d0,0x001C09D0,0x001C0A28,88
FUN_001c0a30,0x001C0A30,0x001C0AD8,168
FUN_001c0ae0,0x001C0AE0,0x001C0B50,112
FUN_001c0b50,0x001C0B50,0x001C0BDC,140
FUN_001c0be0,0x001C0BE0,0x001C0C54,116
FUN_001c0c60,0x001C0C60,0x001C0DC4,356
FUN_001c0dd0,0x001C0DD0,0x001C0E90,192
FUN_001c0e90,0x001C0E90,0x001C0EE0,80
FUN_001c0ee0,0x001C0EE0,0x001C0F3C,92
FUN_001c0f40,0x001C0F40,0x001C0F84,68
FUN_001c0f90,0x001C0F90,0x001C1054,196
FUN_001c1060,0x001C1060,0x001C10D4,116
FUN_001c10e0,0x001C10E0,0x001C1124,68
FUN_001c1130,0x001C1130,0x001C11F0,192
FUN_001c11f0,0x001C11F0,0x001C1240,80
FUN_001c1240,0x001C1240,0x001C1284,68
FUN_001c1290,0x001C1290,0x001C1330,160
FUN_001c1330,0x001C1330,0x001C1374,68
FUN_001c1380,0x001C1380,0x001C13DC,92
FUN_001c13e0,0x001C13E0,0x001C1454,116
FUN_001c1460,0x001C1460,0x001C14A4,68
FUN_001c14b0,0x001C14B0,0x001C1524,116
FUN_001c1530,0x001C1530,0x001C1660,304
FUN_001c1660,0x001C1660,0x001C169C,60
FUN_001c16a0,0x001C16A0,0x001C17A0,256
FUN_001c17a0,0x001C17A0,0x001C18A4,260
FUN_001c18b0,0x001C18B0,0x001C196C,188
FUN_001c1970,0x001C1970,0x001C1A90,288
FUN_001c1a90,0x001C1A90,0x001C1B04,116
FUN_001c1b10,0x001C1B10,0x001C1C00,240
FUN_001c1c00,0x001C1C00,0x001C1E4C,588
FUN_001c1e50,0x001C1E50,0x001C1F34,228
FUN_001c1f40,0x001C1F40,0x001C2204,708
FUN_001c2210,0x001C2210,0x001C224C,60
FUN_001c2250,0x001C2250,0x001C2270,32
FUN_001c2270,0x001C2270,0x001C2290,32
FUN_001c2290,0x001C2290,0x001C2318,136
FUN_001c2320,0x001C2320,0x001C2328,8
FUN_001c2330,0x001C2330,0x001C23A0,112
FUN_001c23a0,0x001C23A0,0x001C23E8,72
FUN_001c23f0,0x001C23F0,0x001C249C,172
FUN_001c24a0,0x001C24A0,0x001C2524,132
FUN_001c2530,0x001C2530,0x001C256C,60
FUN_001c2570,0x001C2570,0x001C25A4,52
FUN_001c25b0,0x001C25B0,0x001C25FC,76
FUN_001c2600,0x001C2600,0x001C264C,76
FUN_001c2650,0x001C2650,0x001C26E0,144
FUN_001c26e0,0x001C26E0,0x001C26E8,8
FUN_001c26f0,0x001C26F0,0x001C2754,100
FUN_001c2760,0x001C2760,0x001C27F0,144
FUN_001c27f0,0x001C27F0,0x001C2894,164
FUN_001c28a0,0x001C28A0,0x001C28B0,16
FUN_001c28b0,0x001C28B0,0x001C28C0,16
FUN_001c28c0,0x001C28C0,0x001C28D0,16
FUN_001c28d0,0x001C28D0,0x001C28E0,16
FUN_001c28e0,0x001C28E0,0x001C28F0,16
FUN_001c28f0,0x001C28F0,0x001C2900,16
FUN_001c2900,0x001C2900,0x001C293C,60
FUN_001c2940,0x001C2940,0x001C2A08,200
FUN_001c2a10,0x001C2A10,0x001C2A44,52
FUN_001c2a50,0x001C2A50,0x001C2AD0,128
FUN_001c2ad0,0x001C2AD0,0x001C2B84,180
FUN_001c2b90,0x001C2B90,0x001C2BB0,32
FUN_001c2bb0,0x001C2BB0,0x001C2C54,164
FUN_001c2c60,0x001C2C60,0x001C2D0C,172
FUN_001c2d10,0x001C2D10,0x001C2D4C,60
FUN_001c2d50,0x001C2D50,0x001C2DF4,164
FUN_001c2e00,0x001C2E00,0x001C2EA4,164
FUN_001c2eb0,0x001C2EB0,0x001C2ED0,32
FUN_001c2ed0,0x001C2ED0,0x001C2EF0,32
FUN_001c2ef0,0x001C2EF0,0x001C2F10,32
FUN_001c2f10,0x001C2F10,0x001C2F5C,76
FUN_001c2f60,0x001C2F60,0x001C30B0,336
FUN_001c30b0,0x001C30B0,0x001C3158,168
FUN_001c3160,0x001C3160,0x001C3168,8
FUN_001c3170,0x001C3170,0x001C31B4,68
FUN_001c31c0,0x001C31C0,0x001C3340,384
FUN_001c3340,0x001C3340,0x001C3348,8
FUN_001c3350,0x001C3350,0x001C3358,8
FUN_001c3360,0x001C3360,0x001C3648,744
FUN_001c3650,0x001C3650,0x001C3658,8
FUN_001c3660,0x001C3660,0x001C3694,52
FUN_001c36a0,0x001C36A0,0x001C36DC,60
FUN_001c36e0,0x001C36E0,0x001C377C,156
FUN_001c3780,0x001C3780,0x001C3820,160
FUN_001c3820,0x001C3820,0x001C385C,60
FUN_001c3860,0x001C3860,0x001C393C,220
FUN_001c3940,0x001C3940,0x001C3A1C,220
FUN_001c3a20,0x001C3A20,0x001C3BA0,384
FUN_001c3ba0,0x001C3BA0,0x001C3C54,180
FUN_001c3c60,0x001C3C60,0x001C3EAC,588
FUN_001c3eb0,0x001C3EB0,0x001C3F08,88
FUN_001c3f10,0x001C3F10,0x001C3F88,120
FUN_001c4020,0x001C4020,0x001C4224,516
FUN_001c4230,0x001C4230,0x001C426C,60
FUN_001c4270,0x001C4270,0x001C4320,176
FUN_001c4320,0x001C4320,0x001C4420,256
FUN_001c4420,0x001C4420,0x001C452C,268
FUN_001c4530,0x001C4530,0x001C45CC,156
FUN_001c45d0,0x001C45D0,0x001C46F0,288
FUN_001c46f0,0x001C46F0,0x001C478C,156
FUN_001c4790,0x001C4790,0x001C48C8,312
FUN_001c48d0,0x001C48D0,0x001C496C,156
FUN_001c4970,0x001C4970,0x001C4A28,184
FUN_001c4a30,0x001C4A30,0x001C4ACC,156
FUN_001c4ad0,0x001C4AD0,0x001C4B64,148
FUN_001c4b70,0x001C4B70,0x001C4C04,148
FUN_001c4c10,0x001C4C10,0x001C4C90,128
FUN_001c4c90,0x001C4C90,0x001C4D10,128
FUN_001c4d10,0x001C4D10,0x001C4D90,128
FUN_001c4d90,0x001C4D90,0x001C4E54,196
FUN_001c4e60,0x001C4E60,0x001C4EF4,148
FUN_001c4f00,0x001C4F00,0x001C4F80,128
FUN_001c4f80,0x001C4F80,0x001C5074,244
FUN_001c5080,0x001C5080,0x001C5174,244
FUN_001c5180,0x001C5180,0x001C521C,156
FUN_001c5220,0x001C5220,0x001C5324,260
FUN_001c5330,0x001C5330,0x001C547C,332
FUN_001c5480,0x001C5480,0x001C5584,260
FUN_001c5590,0x001C5590,0x001C566C,220
FUN_001c5670,0x001C5670,0x001C570C,156
FUN_001c5710,0x001C5710,0x001C57C8,184
FUN_001c57d0,0x001C57D0,0x001C591C,332
FUN_001c5920,0x001C5920,0x001C5BF0,720
FUN_001c5bf0,0x001C5BF0,0x001C5D08,280
FUN_001c5d10,0x001C5D10,0x001C5DD0,192
FUN_001c5dd0,0x001C5DD0,0x001C5EAC,220
FUN_001c5eb0,0x001C5EB0,0x001C5F4C,156
FUN_001c5f50,0x001C5F50,0x001C5FD0,128
FUN_001c5fd0,0x001C5FD0,0x001C611C,332
FUN_001c6120,0x001C6120,0x001C626C,332
FUN_001c6270,0x001C6270,0x001C634C,220
FUN_001c6350,0x001C6350,0x001C63EC,156
FUN_001c63f0,0x001C63F0,0x001C648C,156
FUN_001c6490,0x001C6490,0x001C6510,128
FUN_001c6510,0x001C6510,0x001C65C8,184
FUN_001c65d0,0x001C65D0,0x001C66E8,280
FUN_001c66f0,0x001C66F0,0x001C6764,116
FUN_001c6770,0x001C6770,0x001C67AC,60
FUN_001c67b0,0x001C67B0,0x001C684C,156
FUN_001c6850,0x001C6850,0x001C68EC,156
FUN_001c68f0,0x001C68F0,0x001C692C,60
FUN_001c6930,0x001C6930,0x001C69E0,176
FUN_001c69e0,0x001C69E0,0x001C6A90,176
FUN_001c6a90,0x001C6A90,0x001C6AB0,32
FUN_001c6ab0,0x001C6AB0,0x001C6AEC,60
FUN_001c6af0,0x001C6AF0,0x001C6B10,32
FUN_001c6b10,0x001C6B10,0x001C6B30,32
FUN_001c6b30,0x001C6B30,0x001C6B80,80
FUN_001c6b80,0x001C6B80,0x001C6BA0,32
FUN_001c6ba0,0x001C6BA0,0x001C6C70,208
FUN_001c6c70,0x001C6C70,0x001C6DCC,348
FUN_001c6dd0,0x001C6DD0,0x001C6E58,136
FUN_001c6e60,0x001C6E60,0x001C6E80,32
FUN_001c6e80,0x001C6E80,0x001C6EA0,32
FUN_001c6ea0,0x001C6EA0,0x001C6EF0,80
FUN_001c6ef0,0x001C6EF0,0x001C6F10,32
FUN_001c6f10,0x001C6F10,0x001C7000,240
FUN_001c7000,0x001C7000,0x001C703C,60
FUN_001c7040,0x001C7040,0x001C7060,32
FUN_001c7060,0x001C7060,0x001C714C,236
FUN_001c7150,0x001C7150,0x001C723C,236
FUN_001c7240,0x001C7240,0x001C72E4,164
FUN_001c72f0,0x001C72F0,0x001C7394,164
FUN_001c73a0,0x001C73A0,0x001C74FC,348
FUN_001c7500,0x001C7500,0x001C7614,276
FUN_001c7620,0x001C7620,0x001C7684,100
FUN_001c7690,0x001C7690,0x001C76C4,52
FUN_001c76d0,0x001C76D0,0x001C7704,52
FUN_001c7710,0x001C7710,0x001C7744,52
FUN_001c7750,0x001C7750,0x001C778C,60
FUN_001c7790,0x001C7790,0x001C7810,128
FUN_001c7810,0x001C7810,0x001C7890,128
FUN_001c7890,0x001C7890,0x001C78CC,60
FUN_001c78d0,0x001C78D0,0x001C78F0,32
FUN_001c78f0,0x001C78F0,0x001C7944,84
FUN_001c7950,0x001C7950,0x001C79E0,144
FUN_001c79e0,0x001C79E0,0x001C7A84,164
FUN_001c7a90,0x001C7A90,0x001C7B78,232
FUN_001c7b80,0x001C7B80,0x001C7C88,264
FUN_001c7c90,0x001C7C90,0x001C7D48,184
FUN_001c7d50,0x001C7D50,0x001C7E30,224
FUN_001c7e30,0x001C7E30,0x001C7ECC,156
FUN_001c7ed0,0x001C7ED0,0x001C7F60,144
FUN_001c7f60,0x001C7F60,0x001C7FF0,144
FUN_001c7ff0,0x001C7FF0,0x001C8064,116
FUN_001c8070,0x001C8070,0x001C8118,168
FUN_001c8120,0x001C8120,0x001C81C8,168
FUN_001c81d0,0x001C81D0,0x001C8244,116
FUN_001c8250,0x001C8250,0x001C82A8,88
FUN_001c82b0,0x001C82B0,0x001C8364,180
FUN_001c8370,0x001C8370,0x001C840C,156
FUN_001c8410,0x001C8410,0x001C84C4,180
FUN_001c84d0,0x001C84D0,0x001C856C,156
FUN_001c8570,0x001C8570,0x001C86DC,364
FUN_001c86e0,0x001C86E0,0x001C8778,152
FUN_001c8780,0x001C8780,0x001C8838,184
FUN_001c8840,0x001C8840,0x001C8968,296
FUN_001c8970,0x001C8970,0x001C8B30,448
FUN_001c8b30,0x001C8B30,0x001C8C60,304
FUN_001c8c60,0x001C8C60,0x001C8D10,176
FUN_001c93e0,0x001C93E0,0x001C9458,120
FUN_001c9460,0x001C9460,0x001C94D8,120
FUN_001c94e0,0x001C94E0,0x001C9558,120
FUN_001c9560,0x001C9560,0x001C9590,48
FUN_001c9590,0x001C9590,0x001C9608,120
FUN_001c9610,0x001C9610,0x001C968C,124
FUN_001c9690,0x001C9690,0x001C9758,200
FUN_001c9760,0x001C9760,0x001C9828,200
FUN_001c9830,0x001C9830,0x001C98D8,168
FUN_001c98e0,0x001C98E0,0x001C995C,124
FUN_001c9960,0x001C9960,0x001C99DC,124
FUN_001c99e0,0x001C99E0,0x001C9A64,132
FUN_001c9a70,0x001C9A70,0x001C9AF4,132
FUN_001c9b00,0x001C9B00,0x001C9B84,132
FUN_001c9b90,0x001C9B90,0x001C9C08,120
FUN_001c9c10,0x001C9C10,0x001C9C88,120
FUN_001c9c90,0x001C9C90,0x001C9D0C,124
FUN_001c9d10,0x001C9D10,0x001C9DD4,196
FUN_001c9de0,0x001C9DE0,0x001C9EC0,224
FUN_001c9ec0,0x001C9EC0,0x001C9F04,68
FUN_001c9f10,0x001C9F10,0x001C9FEC,220
FUN_001c9ff0,0x001C9FF0,0x001CA06C,124
FUN_001ca070,0x001CA070,0x001CA0BC,76
FUN_001ca0c0,0x001CA0C0,0x001CA22C,364
FUN_001ca230,0x001CA230,0x001CA31C,236
FUN_001ca320,0x001CA320,0x001CA36C,76
FUN_001ca370,0x001CA370,0x001CA3B4,68
FUN_001ca3c0,0x001CA3C0,0x001CA52C,364
FUN_001ca530,0x001CA530,0x001CA574,68
FUN_001ca580,0x001CA580,0x001CA5F8,120
FUN_001ca600,0x001CA600,0x001CA644,68
FUN_001ca650,0x001CA650,0x001CA79C,332
FUN_001ca7a0,0x001CA7A0,0x001CA800,96
FUN_001ca800,0x001CA800,0x001CA914,276
FUN_001ca920,0x001CA920,0x001CAA08,232
FUN_001caa10,0x001CAA10,0x001CAA6C,92
FUN_001cacd0,0x001CACD0,0x001CAD48,120
FUN_001cad50,0x001CAD50,0x001CADFC,172
FUN_001cae00,0x001CAE00,0x001CAEFC,252
FUN_001caf00,0x001CAF00,0x001CAFF8,248
FUN_001cb000,0x001CB000,0x001CB0C4,196
FUN_001cb0d0,0x001CB0D0,0x001CB204,308
FUN_001cb210,0x001CB210,0x001CB254,68
FUN_001cb260,0x001CB260,0x001CB320,192
FUN_001cb320,0x001CB320,0x001CB3F4,212
FUN_001cb400,0x001CB400,0x001CB444,68
FUN_001cb450,0x001CB450,0x001CB54C,252
FUN_001cb550,0x001CB550,0x001CB6D8,392
FUN_001cb6e0,0x001CB6E0,0x001CB81C,316
FUN_001cb820,0x001CB820,0x001CB878,88
FUN_001cb880,0x001CB880,0x001CB8D0,80
FUN_001cb8d0,0x001CB8D0,0x001CB934,100
FUN_001cb940,0x001CB940,0x001CB9A4,100
FUN_001cb9b0,0x001CB9B0,0x001CBA14,100
FUN_001cba20,0x001CBA20,0x001CBAA0,128
FUN_001cbaa0,0x001CBAA0,0x001CBC90,496
FUN_001cbc90,0x001CBC90,0x001CBCEC,92
FUN_001cbcf0,0x001CBCF0,0x001CBD4C,92
FUN_001cbd50,0x001CBD50,0x001CBD74,36
FUN_001cbd80,0x001CBD80,0x001CBDEC,108
FUN_001cbdf0,0x001CBDF0,0x001CBE94,164
FUN_001cbea0,0x001CBEA0,0x001CC328,1160
FUN_001cc330,0x001CC330,0x001CC3D8,168
FUN_001cc3e0,0x001CC3E0,0x001CC488,168
FUN_001cc490,0x001CC490,0x001CC4BC,44
FUN_001cc4c0,0x001CC4C0,0x001CC4EC,44
FUN_001cc4f0,0x001CC4F0,0x001CC500,16
FUN_001cc500,0x001CC500,0x001CC52C,44
FUN_001cc530,0x001CC530,0x001CC5D0,160
FUN_001cc5d0,0x001CC5D0,0x001CC600,48
FUN_001cc600,0x001CC600,0x001CC684,132
FUN_001cc690,0x001CC690,0x001CC6F0,96
FUN_001cc6f0,0x001CC6F0,0x001CC798,168
FUN_001cc7a0,0x001CC7A0,0x001CC7D0,48
FUN_001cc7d0,0x001CC7D0,0x001CC800,48
FUN_001cc800,0x001CC800,0x001CC830,48
FUN_001cc830,0x001CC830,0x001CC860,48
FUN_001cc860,0x001CC860,0x001CC9C8,360
FUN_001cc9d0,0x001CC9D0,0x001CCA00,48
FUN_001cca00,0x001CCA00,0x001CCAE4,228
FUN_001ccaf0,0x001CCAF0,0x001CCD38,584
FUN_001ccd40,0x001CCD40,0x001CCDB0,112
FUN_001ccdb0,0x001CCDB0,0x001CCDE4,52
FUN_001ccdf0,0x001CCDF0,0x001CCE6C,124
FUN_001cce70,0x001CCE70,0x001CCEA0,48
FUN_001ccea0,0x001CCEA0,0x001CCFD4,308
FUN_001ccfe0,0x001CCFE0,0x001CD108,296
FUN_001cd110,0x001CD110,0x001CD208,248
FUN_001cd210,0x001CD210,0x001CD2C8,184
FUN_001cd2d0,0x001CD2D0,0x001CD36C,156
FUN_001cd370,0x001CD370,0x001CD3EC,124
FUN_001cd3f0,0x001CD3F0,0x001CD46C,124
FUN_001cd470,0x001CD470,0x001CD4AC,60
FUN_001cd4b0,0x001CD4B0,0x001CD578,200
FUN_001cd580,0x001CD580,0x001CD628,168
FUN_001cd630,0x001CD630,0x001CD798,360
FUN_001cd7a0,0x001CD7A0,0x001CD7E8,72
FUN_001cd7f0,0x001CD7F0,0x001CD8F0,256
FUN_001cd8f0,0x001CD8F0,0x001CDC0C,796
FUN_001cdc10,0x001CDC10,0x001CDCF8,232
FUN_001cdd00,0x001CDD00,0x001CDD48,72
FUN_001cdd50,0x001CDD50,0x001CDE14,196
FUN_001cde20,0x001CDE20,0x001CDE94,116
FUN_001cdea0,0x001CDEA0,0x001CDED4,52
FUN_001cdee0,0x001CDEE0,0x001CDFEC,268
FUN_001cdff0,0x001CDFF0,0x001CE020,48
FUN_001ce020,0x001CE020,0x001CE15C,316
FUN_001ce160,0x001CE160,0x001CE70C,1452
FUN_001ce720,0x001CE720,0x001CE764,68
FUN_001ce770,0x001CE770,0x001CEA60,752
FUN_001cea60,0x001CEA60,0x001CEB00,160
FUN_001ceb00,0x001CEB00,0x001CEBB0,176
FUN_001cebb0,0x001CEBB0,0x001CEC2C,124
FUN_001cec30,0x001CEC30,0x001CEDE0,432
FUN_001cede0,0x001CEDE0,0x001CEF84,420
thunk_FUN_001d0b90,0x001CEF90,0x001CEF98,8
FUN_001cefa0,0x001CEFA0,0x001CF0BC,284
FUN_001cf0c0,0x001CF0C0,0x001CF258,408
FUN_001cf260,0x001CF260,0x001CF454,500
FUN_001cf460,0x001CF460,0x001CF4FC,156
FUN_001cf500,0x001CF500,0x001CF67C,380
FUN_001cf680,0x001CF680,0x001CF790,272
FUN_001cf790,0x001CF790,0x001CF7F0,96
FUN_001cf7f0,0x001CF7F0,0x001CF880,144
FUN_001cf880,0x001CF880,0x001CF904,132
FUN_001cf910,0x001CF910,0x001CF998,136
FUN_001cf9a0,0x001CF9A0,0x001CFA20,128
FUN_001cfa20,0x001CFA20,0x001CFA5C,60
FUN_001cfa60,0x001CFA60,0x001CFB18,184
FUN_001cfb20,0x001CFB20,0x001CFBBC,156
FUN_001cfbc0,0x001CFBC0,0x001CFD70,432
FUN_001cfd70,0x001CFD70,0x001CFD98,40
FUN_001cfda0,0x001CFDA0,0x001CFE58,184
FUN_001cfe60,0x001CFE60,0x001CFF58,248
FUN_001cff60,0x001CFF60,0x001D008C,300
FUN_001d0090,0x001D0090,0x001D0198,264
FUN_001d01a0,0x001D01A0,0x001D01F8,88
FUN_001d0200,0x001D0200,0x001D0258,88
FUN_001d0260,0x001D0260,0x001D02B8,88
FUN_001d02c0,0x001D02C0,0x001D02CC,12
FUN_001d02d0,0x001D02D0,0x001D032C,92
FUN_001d0330,0x001D0330,0x001D033C,12
FUN_001d0340,0x001D0340,0x001D051C,476
FUN_001d0520,0x001D0520,0x001D05FC,220
FUN_001d0600,0x001D0600,0x001D0A74,1140
FUN_001d0a80,0x001D0A80,0x001D0AD4,84
FUN_001d0ae0,0x001D0AE0,0x001D0B8C,172
FUN_001d0b90,0x001D0B90,0x001D0DB8,552
FUN_001d0dc0,0x001D0DC0,0x001D0E68,168
FUN_001d0e70,0x001D0E70,0x001D117C,780
FUN_001d1180,0x001D1180,0x001D1238,184
FUN_001d1240,0x001D1240,0x001D1614,980
FUN_001d1620,0x001D1620,0x001D16F8,216
FUN_001d1700,0x001D1700,0x001D1D30,1584
FUN_001d1d30,0x001D1D30,0x001D1D68,56
FUN_001d1d70,0x001D1D70,0x001D1D78,8
FUN_001d1d80,0x001D1D80,0x001D1D88,8
FUN_001d1d90,0x001D1D90,0x001D1D98,8
FUN_001d1da0,0x001D1DA0,0x001D1DA8,8
FUN_001d1db0,0x001D1DB0,0x001D1DC0,16
FUN_001d1dc0,0x001D1DC0,0x001D1DD0,16
FUN_001d1dd0,0x001D1DD0,0x001D1DE4,20
FUN_001d1df0,0x001D1DF0,0x001D1DFC,12
FUN_001d1e00,0x001D1E00,0x001D1E14,20
FUN_001d1e20,0x001D1E20,0x001D1E2C,12
FUN_001d1e30,0x001D1E30,0x001D1E38,8
FUN_001d1e40,0x001D1E40,0x001D1E48,8
FUN_001d1e50,0x001D1E50,0x001D1E58,8
FUN_001d1e60,0x001D1E60,0x001D1E68,8
FUN_001d1e70,0x001D1E70,0x001D1EA8,56
FUN_001d1eb0,0x001D1EB0,0x001D1F38,136
FUN_001d1f40,0x001D1F40,0x001D1FCC,140
FUN_001d1fd0,0x001D1FD0,0x001D207C,172
FUN_001d2080,0x001D2080,0x001D2170,240
FUN_001d2170,0x001D2170,0x001D21C0,80
FUN_001d21c0,0x001D21C0,0x001D2210,80
FUN_001d2210,0x001D2210,0x001D2240,48
FUN_001d2240,0x001D2240,0x001D22C4,132
FUN_001d22d0,0x001D22D0,0x001D2318,72
FUN_001d2320,0x001D2320,0x001D2368,72
FUN_001d2370,0x001D2370,0x001D23AC,60
FUN_001d23b0,0x001D23B0,0x001D23FC,76
FUN_001d2400,0x001D2400,0x001D2478,120
FUN_001d2480,0x001D2480,0x001D262C,428
FUN_001d2630,0x001D2630,0x001D2788,344
FUN_001d2790,0x001D2790,0x001D59B4,12836
FUN_001d59c0,0x001D59C0,0x001D5A04,68
FUN_001d5a10,0x001D5A10,0x001D5B94,388
FUN_001d5ba0,0x001D5BA0,0x001D5BC8,40
FUN_001d5bd0,0x001D5BD0,0x001D5BDC,12
FUN_001d5be0,0x001D5BE0,0x001D5CC0,224
FUN_001d5cc0,0x001D5CC0,0x001D5CD0,16
FUN_001d5cd0,0x001D5CD0,0x001D5D20,80
FUN_001d5d20,0x001D5D20,0x001D5F70,592
FUN_001d5f70,0x001D5F70,0x001D6480,1296
FUN_001d65f8,0x001D65F8,0x001D672C,308
FUN_001d672c,0x001D672C,0x001D6764,56
FUN_001d6770,0x001D6770,0x001D6798,40
FUN_001d67a0,0x001D67A0,0x001D6B30,912
FUN_001d6b30,0x001D6B30,0x001D6BF4,196
FUN_001d6c00,0x001D6C00,0x001D6CD0,208
FUN_001d6cd0,0x001D6CD0,0x001D6CE0,16
FUN_001d6ce0,0x001D6CE0,0x001D6CF0,16
FUN_001d6cf0,0x001D6CF0,0x001D6D00,16
FUN_001d6d00,0x001D6D00,0x001D6D10,16
FUN_001d6d10,0x001D6D10,0x001D6D24,20
FUN_001d6d30,0x001D6D30,0x001D6D44,20
FUN_001d6d50,0x001D6D50,0x001D6D60,16
FUN_001d6d60,0x001D6D60,0x001D6DA8,72
FUN_001d6db0,0x001D6DB0,0x001D6EB8,264
FUN_001d6ec0,0x001D6EC0,0x001D6EE8,40
FUN_001d6ef0,0x001D6EF0,0x001D6F68,120
FUN_001d6f70,0x001D6F70,0x001D7030,192
FUN_001d7030,0x001D7030,0x001D71B8,392
FUN_001d71c0,0x001D71C0,0x001D7300,320
FUN_001d7300,0x001D7300,0x001D7498,408
FUN_001d74a0,0x001D74A0,0x001D7948,1192
FUN_001d7950,0x001D7950,0x001D7A50,256
FUN_001d7a50,0x001D7A50,0x001D7A5C,12
FUN_001d7a60,0x001D7A60,0x001D7A6C,12
FUN_001d7a70,0x001D7A70,0x001D7AA0,48
FUN_001d7aa0,0x001D7AA0,0x001D7AAC,12
FUN_001d7ab0,0x001D7AB0,0x001D7C70,448
FUN_001d7c70,0x001D7C70,0x001D7CE0,112
FUN_001d7ce0,0x001D7CE0,0x001D8728,2632
FUN_001d8730,0x001D8730,0x001D8788,88
FUN_001d8790,0x001D8790,0x001D8910,384
FUN_001d8910,0x001D8910,0x001D8B00,496
FUN_001d8b00,0x001D8B00,0x001D8D84,644
FUN_001d8d90,0x001D8D90,0x001D8E24,148
FUN_001d8e30,0x001D8E30,0x001D8FF0,448
FUN_001d8ff0,0x001D8FF0,0x001D91D8,488
FUN_001d91e0,0x001D91E0,0x001D9654,1140
FUN_001d9660,0x001D9660,0x001D96CC,108
FUN_001d96d0,0x001D96D0,0x001D9EA8,2008
FUN_001d9eb0,0x001D9EB0,0x001D9F84,212
FUN_001d9f90,0x001D9F90,0x001DA0E4,340
FUN_001da0f0,0x001DA0F0,0x001DA39C,684
FUN_001da3a0,0x001DA3A0,0x001DA564,452
FUN_001da570,0x001DA570,0x001DA77C,524
FUN_001da780,0x001DA780,0x001DA788,8
FUN_001da790,0x001DA790,0x001DA798,8
FUN_001da7a0,0x001DA7A0,0x001DA7CC,44
FUN_001da7d0,0x001DA7D0,0x001DA7F0,32
FUN_001da7f0,0x001DA7F0,0x001DA820,48
FUN_001da820,0x001DA820,0x001DAA3C,540
FUN_001daa40,0x001DAA40,0x001DAA48,8
FUN_001daa50,0x001DAA50,0x001DAAF8,168
FUN_001dab00,0x001DAB00,0x001DAC04,260
FUN_001dac10,0x001DAC10,0x001DAD18,264
FUN_001dad20,0x001DAD20,0x001DAEC8,424
FUN_001daed0,0x001DAED0,0x001DAF4C,124
FUN_001daf50,0x001DAF50,0x001DAFB4,100
FUN_001dafc0,0x001DAFC0,0x001DAFEC,44
FUN_001daff0,0x001DAFF0,0x001DB08C,156
FUN_001db090,0x001DB090,0x001DB114,132
FUN_001db160,0x001DB160,0x001DB194,52
FUN_001db1a0,0x001DB1A0,0x001DB2C4,292
FUN_001db310,0x001DB310,0x001DB33C,44
FUN_001db340,0x001DB340,0x001DB3BC,124
FUN_001db3c0,0x001DB3C0,0x001DB51C,348
FUN_001db520,0x001DB520,0x001DB530,16
FUN_001db560,0x001DB560,0x001DB62C,204
FUN_001db630,0x001DB630,0x001DB638,8
FUN_001db640,0x001DB640,0x001DB6AC,108
FUN_001db6b0,0x001DB6B0,0x001DB724,116
FUN_001db730,0x001DB730,0x001DB7E8,184
FUN_001db7f0,0x001DB7F0,0x001DB8DC,236
FUN_001db8e0,0x001DB8E0,0x001DBA08,296
FUN_001dba10,0x001DBA10,0x001DBAB8,168
FUN_001dbac0,0x001DBAC0,0x001DBC24,356
FUN_001dbc30,0x001DBC30,0x001DBD2C,252
FUN_001dbd30,0x001DBD30,0x001DBE30,256
FUN_001dbe30,0x001DBE30,0x001DBEF8,200
FUN_001dbf00,0x001DBF00,0x001DBFC4,196
FUN_001dbfd0,0x001DBFD0,0x001DC074,164
FUN_001dc080,0x001DC080,0x001DC0EC,108
FUN_001dc0f0,0x001DC0F0,0x001DC15C,108
FUN_001dc160,0x001DC160,0x001DC1E4,132
FUN_001dc1f0,0x001DC1F0,0x001DC2B0,192
FUN_001dc2b0,0x001DC2B0,0x001DC364,180
FUN_001dc370,0x001DC370,0x001DC3B0,64
FUN_001dc3b0,0x001DC3B0,0x001DC3F0,64
FUN_001dc3f0,0x001DC3F0,0x001DC42C,60
FUN_001dc430,0x001DC430,0x001DC490,96
FUN_001dc490,0x001DC490,0x001DC534,164
FUN_001dc540,0x001DC540,0x001DC584,68
FUN_001dc590,0x001DC590,0x001DC5C4,52
FUN_001dc5d0,0x001DC5D0,0x001DC674,164
FUN_001dc680,0x001DC680,0x001DC6D8,88
FUN_001dc6e0,0x001DC6E0,0x001DC724,68
FUN_001dc730,0x001DC730,0x001DC858,296
FUN_001dc860,0x001DC860,0x001DC8D4,116
FUN_001dc8e0,0x001DC8E0,0x001DC954,116
FUN_001dc960,0x001DC960,0x001DC9BC,92
FUN_001dc9c0,0x001DC9C0,0x001DCB04,324
FUN_001dcb10,0x001DCB10,0x001DCB50,64
FUN_001dcb50,0x001DCB50,0x001DD084,1332
FUN_001dd090,0x001DD090,0x001DD5EC,1372
FUN_001dd5f0,0x001DD5F0,0x001DD700,272
FUN_001dd700,0x001DD700,0x001DD75C,92
FUN_001dd760,0x001DD760,0x001DD804,164
FUN_001dd810,0x001DD810,0x001DD898,136
FUN_001dd8a0,0x001DD8A0,0x001DD8F8,88
FUN_001dd900,0x001DD900,0x001DDA94,404
FUN_001ddaa0,0x001DDAA0,0x001DDC24,388
FUN_001ddc30,0x001DDC30,0x001DDD9C,364
FUN_001ddda0,0x001DDDA0,0x001DDFA0,512
FUN_001ddfa0,0x001DDFA0,0x001DE1A0,512
FUN_001de1a0,0x001DE1A0,0x001DE2FC,348
FUN_001de300,0x001DE300,0x001DE3A8,168
FUN_001de410,0x001DE410,0x001DE488,120
FUN_001de490,0x001DE490,0x001DE4A8,24
FUN_001de4b0,0x001DE4B0,0x001DE544,148
FUN_001de550,0x001DE550,0x001DE6B8,360
FUN_001de6c0,0x001DE6C0,0x001DE71C,92
FUN_001de720,0x001DE720,0x001DE820,256
FUN_001de820,0x001DE820,0x001DED80,1376
FUN_001ded80,0x001DED80,0x001DF294,1300
FUN_001df2a0,0x001DF2A0,0x001DF8FC,1628
FUN_001df900,0x001DF900,0x001DFA70,368
FUN_001dfa70,0x001DFA70,0x001DFAA4,52
FUN_001dfab0,0x001DFAB0,0x001DFC04,340
FUN_001dfc10,0x001DFC10,0x001DFC34,36
FUN_001dfc40,0x001DFC40,0x001E058C,2380
FUN_001e0590,0x001E0590,0x001E05C4,52
FUN_001e05d0,0x001E05D0,0x001E0A5C,1164
FUN_001e0a60,0x001E0A60,0x001E17DC,3452
FUN_001e17e0,0x001E17E0,0x001E1944,356
FUN_001e1950,0x001E1950,0x001E1E80,1328
FUN_001e1e80,0x001E1E80,0x001E24BC,1596
FUN_001e25b0,0x001E25B0,0x001E29E8,1080
FUN_001e29f0,0x001E29F0,0x001E2A00,16
FUN_001e2a00,0x001E2A00,0x001E2A58,88
FUN_001e2a60,0x001E2A60,0x001E2B8C,300
FUN_001e2b90,0x001E2B90,0x001E2D50,448
FUN_001e2d60,0x001E2D60,0x001E2DC4,100
FUN_001e2dd0,0x001E2DD0,0x001E30D0,768
FUN_001e30f0,0x001E30F0,0x001E3320,560
FUN_001e3320,0x001E3320,0x001E38CC,1452
FUN_001e38d0,0x001E38D0,0x001E3948,120
FUN_001e3950,0x001E3950,0x001E39D0,128
FUN_001e39d0,0x001E39D0,0x001E3C24,596
FUN_001e3c30,0x001E3C30,0x001E3DDC,428
FUN_001e3de0,0x001E3DE0,0x001E3EE8,264
FUN_001e4000,0x001E4000,0x001E4054,84
FUN_001e4060,0x001E4060,0x001E408C,44
FUN_001e4090,0x001E4090,0x001E4098,8
FUN_001e40a0,0x001E40A0,0x001E40C0,32
FUN_001e4150,0x001E4150,0x001E4168,24
FUN_001e4170,0x001E4170,0x001E4348,472
FUN_001e4350,0x001E4350,0x001E4B48,2040
FUN_001e4b50,0x001E4B50,0x001E4F90,1088
FUN_001e4f90,0x001E4F90,0x001E4F9C,12
FUN_001e4fa0,0x001E4FA0,0x001E5214,628
FUN_001e5220,0x001E5220,0x001E5944,1828
FUN_001e5950,0x001E5950,0x001E5D88,1080
FUN_001e5d90,0x001E5D90,0x001E6184,1012
FUN_001e6190,0x001E6190,0x001E6518,904
FUN_001e6520,0x001E6520,0x001E6568,72
FUN_001e6570,0x001E6570,0x001E670C,412
FUN_001e6710,0x001E6710,0x001E6748,56
FUN_001e6750,0x001E6750,0x001E69A8,600
FUN_001e69b0,0x001E69B0,0x001E69F0,64
FUN_001e69f0,0x001E69F0,0x001E6AEC,252
FUN_001e6af0,0x001E6AF0,0x001E6C40,336
FUN_001e6c40,0x001E6C40,0x001E6FD0,912
FUN_001e6fd0,0x001E6FD0,0x001E720C,572
FUN_001e7210,0x001E7210,0x001E728C,124
FUN_001e7290,0x001E7290,0x001E7360,208
FUN_001e7360,0x001E7360,0x001E73E0,128
FUN_001e73e0,0x001E73E0,0x001E7420,64
FUN_001e7420,0x001E7420,0x001E746C,76
FUN_001e7470,0x001E7470,0x001E7544,212
FUN_001e7550,0x001E7550,0x001E7640,240
FUN_001e7640,0x001E7640,0x001E76C8,136
FUN_001e76d0,0x001E76D0,0x001E772C,92
FUN_001e7730,0x001E7730,0x001E77E4,180
FUN_001e77f0,0x001E77F0,0x001E786C,124
FUN_001e7870,0x001E7870,0x001E78E4,116
FUN_001e78f0,0x001E78F0,0x001E7AF0,512
FUN_001e7af0,0x001E7AF0,0x001E7B68,120
FUN_001e7b68,0x001E7B68,0x001E7B74,12
FUN_001e7b80,0x001E7B80,0x001E7BAC,44
FUN_001e7bb0,0x001E7BB0,0x001E7C6C,188
FUN_001e7c70,0x001E7C70,0x001E7CD0,96
FUN_001e7cd0,0x001E7CD0,0x001E7D30,96
FUN_001e7d30,0x001E7D30,0x001E7E88,344
FUN_001e7e90,0x001E7E90,0x001E7EA4,20
FUN_001e7eb0,0x001E7EB0,0x001E7EC0,16
FUN_001e7ec0,0x001E7EC0,0x001E7F08,72
FUN_001e7f10,0x001E7F10,0x001E802C,284
FUN_001e8030,0x001E8030,0x001E8190,352
FUN_001e8190,0x001E8190,0x001E81A4,20
FUN_001e81b0,0x001E81B0,0x001E84F4,836
FUN_001e8500,0x001E8500,0x001E864C,332
FUN_001e8650,0x001E8650,0x001E8E68,2072
FUN_001e8e70,0x001E8E70,0x001E9008,408
FUN_001e9010,0x001E9010,0x001E90C8,184
FUN_001e90d0,0x001E90D0,0x001E9138,104
FUN_001e9140,0x001E9140,0x001E91CC,140
FUN_001e91d0,0x001E91D0,0x001E924C,124
FUN_001e9250,0x001E9250,0x001E92F8,168
FUN_001e9300,0x001E9300,0x001E9358,88
FUN_001e9360,0x001E9360,0x001E9500,416
FUN_001e9500,0x001E9500,0x001E9568,104
FUN_001e9570,0x001E9570,0x001E9578,8
FUN_001e96e0,0x001E96E0,0x001E97D4,244
FUN_001e97e0,0x001E97E0,0x001E9828,72
FUN_001e9830,0x001E9830,0x001E9838,8
FUN_001e9840,0x001E9840,0x001E9958,280
FUN_001e9960,0x001E9960,0x001E99A4,68
FUN_001e99b0,0x001E99B0,0x001E99F4,68
FUN_001e9a00,0x001E9A00,0x001E9A30,48
FUN_001e9a30,0x001E9A30,0x001E9C8C,604
FUN_001e9c90,0x001E9C90,0x001E9CFC,108
FUN_001e9d00,0x001E9D00,0x001E9D90,144
FUN_001e9d90,0x001E9D90,0x001E9E68,216
FUN_001e9e70,0x001E9E70,0x001E9EB8,72
FUN_001e9ec0,0x001E9EC0,0x001E9EEC,44
FUN_001e9ef0,0x001E9EF0,0x001E9F20,48
FUN_001e9f20,0x001E9F20,0x001E9F4C,44
FUN_001e9f50,0x001E9F50,0x001E9FA4,84
FUN_001e9fb0,0x001E9FB0,0x001E9FF4,68
FUN_001ea000,0x001EA000,0x001EA090,144
FUN_001ea090,0x001EA090,0x001EA098,8
FUN_001ea0a0,0x001EA0A0,0x001EA0A8,8
FUN_001ea0b0,0x001EA0B0,0x001EA120,112
FUN_001ea120,0x001EA120,0x001EA1C4,164
FUN_001ea1d0,0x001EA1D0,0x001EA204,52
FUN_001ea210,0x001EA210,0x001EA264,84
FUN_001ea270,0x001EA270,0x001EA2C4,84
FUN_001ea320,0x001EA320,0x001EA410,240
FUN_001ea410,0x001EA410,0x001EA448,56
FUN_001ea450,0x001EA450,0x001EA544,244
FUN_001ea550,0x001EA550,0x001EA5CC,124
FUN_001ea5d0,0x001EA5D0,0x001EA674,164
FUN_001ea680,0x001EA680,0x001EA6B4,52
FUN_001ea6c0,0x001EA6C0,0x001EA6E0,32
FUN_001ea6e0,0x001EA6E0,0x001EA724,68
FUN_001ea730,0x001EA730,0x001EA76C,60
FUN_001ea770,0x001EA770,0x001EA7CC,92
FUN_001ea7d0,0x001EA7D0,0x001EA848,120
FUN_001ea850,0x001EA850,0x001EA888,56
FUN_001ea890,0x001EA890,0x001EA964,212
FUN_001ea970,0x001EA970,0x001EAA24,180
FUN_001eaa30,0x001EAA30,0x001EAAE4,180
FUN_001eaaf0,0x001EAAF0,0x001EAC84,404
FUN_001eaca0,0x001EACA0,0x001EAD48,168
FUN_001ead50,0x001EAD50,0x001EADD0,128
FUN_001eade0,0x001EADE0,0x001EAE1C,60
FUN_001eae20,0x001EAE20,0x001EAE5C,60
FUN_001eae60,0x001EAE60,0x001EAED4,116
FUN_001eaee0,0x001EAEE0,0x001EAF54,116
FUN_001eaf60,0x001EAF60,0x001EAFA4,68
FUN_001eafb0,0x001EAFB0,0x001EB01C,108
FUN_001eb020,0x001EB020,0x001EB048,40
FUN_001eb050,0x001EB050,0x001EB078,40
FUN_001eb080,0x001EB080,0x001EB0A8,40
FUN_001eb0b0,0x001EB0B0,0x001EB14C,156
FUN_001eb150,0x001EB150,0x001EB178,40
FUN_001eb180,0x001EB180,0x001EB1A8,40
FUN_001eb1b0,0x001EB1B0,0x001EB1F4,68
FUN_001eb200,0x001EB200,0x001EB228,40
FUN_001eb230,0x001EB230,0x001EB258,40
FUN_001eb260,0x001EB260,0x001EB2C8,104
FUN_001eb2d0,0x001EB2D0,0x001EB3DC,268
FUN_001eb3e0,0x001EB3E0,0x001EB414,52
FUN_001eb420,0x001EB420,0x001EB4F0,208
FUN_001eb4f0,0x001EB4F0,0x001EB5CC,220
FUN_001eb5d0,0x001EB5D0,0x001EB644,116
FUN_001eb650,0x001EB650,0x001EB6C4,116
FUN_001eb6d0,0x001EB6D0,0x001EB790,192
FUN_001eb790,0x001EB790,0x001EB804,116
FUN_001eb830,0x001EB830,0x001EB940,272
FUN_001ebb10,0x001EBB10,0x001EBC08,248
FUN_001ebc10,0x001EBC10,0x001EBC38,40
FUN_001ebc40,0x001EBC40,0x001EBCFC,188
FUN_001ebd00,0x001EBD00,0x001EBDBC,188
FUN_001ebdc0,0x001EBDC0,0x001EBDFC,60
FUN_001ebe00,0x001EBE00,0x001EBFF4,500
FUN_001ec000,0x001EC000,0x001EC044,68
FUN_001ec050,0x001EC050,0x001EC060,16
FUN_001ec060,0x001EC060,0x001EC070,16
FUN_001ec070,0x001EC070,0x001EC0A4,52
FUN_001ec0b0,0x001EC0B0,0x001EC0E4,52
FUN_001ec0f0,0x001EC0F0,0x001EC164,116
FUN_001ec170,0x001EC170,0x001EC1A4,52
FUN_001ec1b0,0x001EC1B0,0x001EC240,144
FUN_001ec240,0x001EC240,0x001EC358,280
FUN_001ec360,0x001EC360,0x001EC554,500
FUN_001ec560,0x001EC560,0x001EC5CC,108
FUN_001ec670,0x001EC670,0x001EC7D0,352
FUN_001ec7d0,0x001EC7D0,0x001EC898,200
FUN_001ec8a0,0x001EC8A0,0x001EC914,116
FUN_001ec920,0x001EC920,0x001EC98C,108
FUN_001ec990,0x001EC990,0x001ECA60,208
FUN_001eca60,0x001ECA60,0x001ECAB8,88
FUN_001ecac0,0x001ECAC0,0x001ECAC8,8
FUN_001ecaf0,0x001ECAF0,0x001ECD74,644
FUN_001ecd80,0x001ECD80,0x001ECE2C,172
FUN_001ece30,0x001ECE30,0x001ECEE8,184
FUN_001ecef0,0x001ECEF0,0x001ECF64,116
FUN_001ecf70,0x001ECF70,0x001ED1F0,640
FUN_001ed200,0x001ED200,0x001ED340,320
FUN_001ed340,0x001ED340,0x001ED580,576
FUN_001ed580,0x001ED580,0x001ED6F4,372
FUN_001ed700,0x001ED700,0x001ED788,136
FUN_001ed790,0x001ED790,0x001ED814,132
FUN_001ed820,0x001ED820,0x001EDAC8,680
FUN_001edad0,0x001EDAD0,0x001EDAF4,36
FUN_001edb00,0x001EDB00,0x001EDB20,32
FUN_001edb20,0x001EDB20,0x001EDB58,56
FUN_001edb60,0x001EDB60,0x001EDD58,504
FUN_001edd60,0x001EDD60,0x001EDD68,8
FUN_001edd70,0x001EDD70,0x001EDD88,24
FUN_001edd90,0x001EDD90,0x001EDDC4,52
FUN_001eddd0,0x001EDDD0,0x001EDE98,200
FUN_001edea0,0x001EDEA0,0x001EDF5C,188
FUN_001edf60,0x001EDF60,0x001EDFB4,84
FUN_001edfc0,0x001EDFC0,0x001EDFF0,48
FUN_001edff0,0x001EDFF0,0x001EE090,160
FUN_001ee090,0x001EE090,0x001EE0E4,84
FUN_001ee0f0,0x001EE0F0,0x001EE118,40
FUN_001ee120,0x001EE120,0x001EE130,16
FUN_001ee140,0x001EE140,0x001EE2E4,420
FUN_001ee2f0,0x001EE2F0,0x001EE2F8,8
FUN_001ee300,0x001EE300,0x001EE33C,60
FUN_001ee340,0x001EE340,0x001EE34C,12
FUN_001ee350,0x001EE350,0x001EE390,64
FUN_001ee390,0x001EE390,0x001EE3A0,16
FUN_001ee3a0,0x001EE3A0,0x001EE3AC,12
FUN_001ee3b0,0x001EE3B0,0x001EE400,80
FUN_001ee400,0x001EE400,0x001EE408,8
FUN_001ee410,0x001EE410,0x001EE438,40
FUN_001ee440,0x001EE440,0x001EE468,40
FUN_001ee470,0x001EE470,0x001EE498,40
FUN_001ee4a0,0x001EE4A0,0x001EE4EC,76
FUN_001ee4f0,0x001EE4F0,0x001EE528,56
FUN_001ee530,0x001EE530,0x001EE568,56
FUN_001ee570,0x001EE570,0x001EE5A8,56
FUN_001ee5b0,0x001EE5B0,0x001EE5E0,48
FUN_001ee5e0,0x001EE5E0,0x001EE6B8,216
FUN_001ee6c0,0x001EE6C0,0x001EE700,64
FUN_001ee700,0x001EE700,0x001EE754,84
FUN_001ee760,0x001EE760,0x001EE7D4,116
FUN_001ee7e0,0x001EE7E0,0x001EE7E8,8
FUN_001ee7f0,0x001EE7F0,0x001EE838,72
FUN_001ee870,0x001EE870,0x001EE8D4,100
FUN_001ee8e0,0x001EE8E0,0x001EE944,100
FUN_001ee950,0x001EE950,0x001EE9B4,100
FUN_001ee9c0,0x001EE9C0,0x001EEA58,152
FUN_001eea60,0x001EEA60,0x001EEA68,8
FUN_001eea70,0x001EEA70,0x001EECDC,620
FUN_001eece0,0x001EECE0,0x001EECE8,8
FUN_001eecf0,0x001EECF0,0x001EECF8,8
FUN_001eed00,0x001EED00,0x001EED08,8
FUN_001eed10,0x001EED10,0x001EED1C,12
FUN_001eed20,0x001EED20,0x001EED28,8
FUN_001eed30,0x001EED30,0x001EED38,8
FUN_001eed40,0x001EED40,0x001EED48,8
FUN_001eed50,0x001EED50,0x001EED8C,60
FUN_001eed90,0x001EED90,0x001EEDA4,20
FUN_001eedb0,0x001EEDB0,0x001EEDEC,60
FUN_001eedf0,0x001EEDF0,0x001EEE04,20
FUN_001eee60,0x001EEE60,0x001EEF30,208
FUN_001eef30,0x001EEF30,0x001EEF98,104
FUN_001eefa0,0x001EEFA0,0x001EF008,104
FUN_001ef010,0x001EF010,0x001EF124,276
FUN_001ef130,0x001EF130,0x001EF144,20
FUN_001ef240,0x001EF240,0x001EF248,8
FUN_001ef250,0x001EF250,0x001EF29C,76
FUN_001ef2a0,0x001EF2A0,0x001EF2C8,40
FUN_001ef2d0,0x001EF2D0,0x001EF2D8,8
FUN_001ef2e0,0x001EF2E0,0x001EF2E8,8
FUN_001ef2f0,0x001EF2F0,0x001EF964,1652
FUN_001ef970,0x001EF970,0x001EF990,32
FUN_001ef990,0x001EF990,0x001EFAE0,336
FUN_001efae0,0x001EFAE0,0x001EFAE8,8
FUN_001efaf0,0x001EFAF0,0x001EFAF8,8
FUN_001efb00,0x001EFB00,0x001EFB08,8
FUN_001efb20,0x001EFB20,0x001EFBE4,196
FUN_001efbf0,0x001EFBF0,0x001EFDA0,432
FUN_001efda0,0x001EFDA0,0x001EFE74,212
FUN_001efe80,0x001EFE80,0x001EFEA8,40
FUN_001efeb0,0x001EFEB0,0x001F0050,416
FUN_001f0050,0x001F0050,0x001F0100,176
FUN_001f0100,0x001F0100,0x001F0188,136
FUN_001f0190,0x001F0190,0x001F01B0,32
FUN_001f01b0,0x001F01B0,0x001F0728,1400
FUN_001f0730,0x001F0730,0x001F0738,8
FUN_001f0740,0x001F0740,0x001F0748,8
FUN_001f0750,0x001F0750,0x001F0780,48
FUN_001f0780,0x001F0780,0x001F0788,8
FUN_001f0790,0x001F0790,0x001F0804,116
FUN_001f0810,0x001F0810,0x001F0840,48
FUN_001f0840,0x001F0840,0x001F0854,20
thunk_FUN_001f087c,0x001F0860,0x001F0868,8
FUN_001f087c,0x001F087C,0x001F0890,20
FUN_001f0890,0x001F0890,0x001F08CC,60
FUN_001f08d0,0x001F08D0,0x001F08E4,20
FUN_001f08f0,0x001F08F0,0x001F0928,56
FUN_001f0930,0x001F0930,0x001F097C,76
FUN_001f0980,0x001F0980,0x001F09A8,40
FUN_001f09b0,0x001F09B0,0x001F09CC,28
FUN_001f09d0,0x001F09D0,0x001F09DC,12
FUN_001f09e0,0x001F09E0,0x001F0A0C,44
FUN_001f0a10,0x001F0A10,0x001F0A28,24
FUN_001f0a30,0x001F0A30,0x001F0A38,8
FUN_001f0a40,0x001F0A40,0x001F0A60,32
FUN_001f0a60,0x001F0A60,0x001F0C50,496
FUN_001f0c50,0x001F0C50,0x001F1048,1016
FUN_001f1050,0x001F1050,0x001F1274,548
FUN_001f1280,0x001F1280,0x001F213C,3772
FUN_001f2140,0x001F2140,0x001F21D8,152
FUN_001f21e0,0x001F21E0,0x001F225C,124
FUN_001f2260,0x001F2260,0x001F226C,12
FUN_001f2270,0x001F2270,0x001F2278,8
FUN_001f2280,0x001F2280,0x001F2554,724
FUN_001f2560,0x001F2560,0x001F2664,260
FUN_001f2670,0x001F2670,0x001F275C,236
FUN_001f2760,0x001F2760,0x001F284C,236
FUN_001f2850,0x001F2850,0x001F2DE0,1424
FUN_001f2de0,0x001F2DE0,0x001F2DE8,8
FUN_001f2df0,0x001F2DF0,0x001F2E10,32
FUN_001f2e10,0x001F2E10,0x001F2E98,136
FUN_001f2ea0,0x001F2EA0,0x001F2F80,224
FUN_001f2f80,0x001F2F80,0x001F2F88,8
FUN_001f2f90,0x001F2F90,0x001F2FB0,32
FUN_001f2fb0,0x001F2FB0,0x001F2FEC,60
FUN_001f2ff0,0x001F2FF0,0x001F3060,112
FUN_001f3060,0x001F3060,0x001F3210,432
FUN_001f3210,0x001F3210,0x001F33E8,472
FUN_001f3410,0x001F3410,0x001F344C,60
FUN_001f3450,0x001F3450,0x001F3464,20
FUN_001f3470,0x001F3470,0x001F3664,500
FUN_001f3670,0x001F3670,0x001F3864,500
FUN_001f3870,0x001F3870,0x001F3918,168
FUN_001f3920,0x001F3920,0x001F3D30,1040
FUN_001f3d30,0x001F3D30,0x001F489C,2924
FUN_001f48a0,0x001F48A0,0x001F4918,120
FUN_001f4920,0x001F4920,0x001F4974,84
FUN_001f4980,0x001F4980,0x001F49E8,104
FUN_001f49f0,0x001F49F0,0x001F49F8,8
FUN_001f4a00,0x001F4A00,0x001F4A20,32
FUN_001f4a20,0x001F4A20,0x001F4A5C,60
FUN_001f4ac0,0x001F4AC0,0x001F4C94,468
FUN_001f4ca0,0x001F4CA0,0x001F4E14,372
FUN_001f4e20,0x001F4E20,0x001F4FA0,384
FUN_001f4fc0,0x001F4FC0,0x001F5044,132
FUN_001f5050,0x001F5050,0x001F51B4,356
FUN_001f51c0,0x001F51C0,0x001F5250,144
FUN_001f5250,0x001F5250,0x001F5348,248
FUN_001f5350,0x001F5350,0x001F5378,40
FUN_001f53a0,0x001F53A0,0x001F5654,692
FUN_001f5660,0x001F5660,0x001F59A4,836
FUN_001f5b20,0x001F5B20,0x001F5BC0,160
FUN_001f5c50,0x001F5C50,0x001F5CD0,128
FUN_001f5cd0,0x001F5CD0,0x001F5D90,192
FUN_001f5d90,0x001F5D90,0x001F5E30,160
FUN_001f5e30,0x001F5E30,0x001F5F0C,220
FUN_001f5f10,0x001F5F10,0x001F6024,276
FUN_001f6040,0x001F6040,0x001F61EC,428
FUN_001f61f0,0x001F61F0,0x001F6304,276
FUN_001f6310,0x001F6310,0x001F67BC,1196
FUN_001f67c0,0x001F67C0,0x001F6CB4,1268
FUN_001f6cc0,0x001F6CC0,0x001F6D90,208
FUN_001f6d90,0x001F6D90,0x001F6E7C,236
FUN_001f6e80,0x001F6E80,0x001F6F58,216
FUN_001f6f60,0x001F6F60,0x001F6FA4,68
FUN_001f6fb0,0x001F6FB0,0x001F6FE4,52
FUN_001f6ff0,0x001F6FF0,0x001F7088,152
FUN_001f7090,0x001F7090,0x001F70D0,64
FUN_001f70d0,0x001F70D0,0x001F719C,204
FUN_001f71a0,0x001F71A0,0x001F7340,416
FUN_001f7340,0x001F7340,0x001F73B4,116
FUN_001f73c0,0x001F73C0,0x001F7584,452
FUN_001f7590,0x001F7590,0x001F75B8,40
FUN_001f75c0,0x001F75C0,0x001F7694,212
FUN_001f76a0,0x001F76A0,0x001F779C,252
FUN_001f77a0,0x001F77A0,0x001F77A8,8
FUN_001f77b0,0x001F77B0,0x001F77B8,8
FUN_001f77c0,0x001F77C0,0x001F77E8,40
FUN_001f77f0,0x001F77F0,0x001F7834,68
FUN_001f7840,0x001F7840,0x001F784C,12
FUN_001f7850,0x001F7850,0x001F7958,264
FUN_001f7960,0x001F7960,0x001F7974,20
FUN_001f7980,0x001F7980,0x001F7A88,264
FUN_001f7a90,0x001F7A90,0x001F7AA4,20
FUN_001f7ab0,0x001F7AB0,0x001F7AC0,16
FUN_001f7ac0,0x001F7AC0,0x001F7AC8,8
FUN_001f7ad0,0x001F7AD0,0x001F7C60,400
FUN_001f7c60,0x001F7C60,0x001F7CE8,136
FUN_001f7cf0,0x001F7CF0,0x001F7EC4,468
FUN_001f7ed0,0x001F7ED0,0x001F7EE4,20
FUN_001f7ef0,0x001F7EF0,0x001F7F04,20
FUN_001f7f30,0x001F7F30,0x001F804C,284
FUN_001f8050,0x001F8050,0x001F8064,20
FUN_001f8070,0x001F8070,0x001F856C,1276
FUN_001f8570,0x001F8570,0x001F85FC,140
FUN_001f8600,0x001F8600,0x001F867C,124
FUN_001f8680,0x001F8680,0x001F8708,136
FUN_001f8710,0x001F8710,0x001F8808,248
FUN_001f8810,0x001F8810,0x001F8854,68
FUN_001f8860,0x001F8860,0x001F8980,288
thunk_FUN_001e9a30,0x001F8980,0x001F8988,8
FUN_001f8990,0x001F8990,0x001F89C4,52
FUN_001f89d0,0x001F89D0,0x001F8A48,120
FUN_001f8a50,0x001F8A50,0x001F8AB0,96
FUN_001f8ab0,0x001F8AB0,0x001F8B24,116
FUN_001f8b30,0x001F8B30,0x001F8CA8,376
FUN_001f8cb0,0x001F8CB0,0x001F8D48,152
FUN_001f8d50,0x001F8D50,0x001F8E48,248
FUN_001f8e50,0x001F8E50,0x001F9480,1584
FUN_001f9510,0x001F9510,0x001F9528,24
FUN_001f9530,0x001F9530,0x001F961C,236
FUN_001f9620,0x001F9620,0x001F9678,88
FUN_001f9680,0x001F9680,0x001F96DC,92
FUN_001f96e0,0x001F96E0,0x001F9754,116
FUN_001f9760,0x001F9760,0x001F97EC,140
FUN_001f97f0,0x001F97F0,0x001F97F8,8
FUN_001f9800,0x001F9800,0x001F9850,80
FUN_001f9850,0x001F9850,0x001F98F4,164
FUN_001f9900,0x001F9900,0x001F9948,72
FUN_001f9950,0x001F9950,0x001F9AE0,400
FUN_001f9ae0,0x001F9AE0,0x001F9CA0,448
FUN_001f9ca0,0x001F9CA0,0x001F9CF8,88
FUN_001f9d00,0x001F9D00,0x001F9FD8,728
FUN_001f9fe0,0x001F9FE0,0x001FA08C,172
FUN_001fa090,0x001FA090,0x001FA104,116
FUN_001fa110,0x001FA110,0x001FA26C,348
FUN_001fa270,0x001FA270,0x001FA300,144
FUN_001fa300,0x001FA300,0x001FA360,96
FUN_001fa360,0x001FA360,0x001FA428,200
FUN_001fa430,0x001FA430,0x001FA4BC,140
FUN_001fa4c0,0x001FA4C0,0x001FA6DC,540
FUN_001fa6e0,0x001FA6E0,0x001FA74C,108
FUN_001fa750,0x001FA750,0x001FA83C,236
FUN_001fa840,0x001FA840,0x001FA870,48
FUN_001fa870,0x001FA870,0x001FA92C,188
FUN_001fa930,0x001FA930,0x001FAB04,468
FUN_001fab10,0x001FAB10,0x001FABC0,176
FUN_001fabc0,0x001FABC0,0x001FAD30,368
FUN_001fad30,0x001FAD30,0x001FAEA0,368
FUN_001faea0,0x001FAEA0,0x001FAEE8,72
FUN_001faef0,0x001FAEF0,0x001FB01C,300
FUN_001fb020,0x001FB020,0x001FB120,256
FUN_001fb120,0x001FB120,0x001FB250,304
FUN_001fb250,0x001FB250,0x001FB2F8,168
FUN_001fb300,0x001FB300,0x001FB380,128
FUN_001fb380,0x001FB380,0x001FB38C,12
FUN_001fb390,0x001FB390,0x001FB4E4,340
FUN_001fb4f0,0x001FB4F0,0x001FB564,116
FUN_001fb570,0x001FB570,0x001FB5E0,112
FUN_001fb5e0,0x001FB5E0,0x001FB6D0,240
FUN_001fb750,0x001FB750,0x001FB828,216
FUN_001fb828,0x001FB828,0x001FB858,48
FUN_001fb9d4,0x001FB9D4,0x001FB88C,-328
FUN_001fb9e8,0x001FB9E8,0x001FB9F8,16
FUN_001fba00,0x001FBA00,0x001FBA80,128
FUN_001fba80,0x001FBA80,0x001FBAEC,108
FUN_001fbaf0,0x001FBAF0,0x001FBB24,52
FUN_001fbb30,0x001FBB30,0x001FBBDC,172
FUN_001fbbe0,0x001FBBE0,0x001FBC08,40
FUN_001fbc10,0x001FBC10,0x001FBDC0,432
FUN_001fbdc0,0x001FBDC0,0x001FBF24,356
FUN_001fbf30,0x001FBF30,0x001FC040,272
FUN_001fc040,0x001FC040,0x001FC0A0,96
FUN_001fc0a0,0x001FC0A0,0x001FC124,132
FUN_001fc130,0x001FC130,0x001FC1B4,132
FUN_001fc1c0,0x001FC1C0,0x001FC418,600
FUN_001fc420,0x001FC420,0x001FC454,52
FUN_001fc460,0x001FC460,0x001FC494,52
FUN_001fc4a0,0x001FC4A0,0x001FC4D8,56
FUN_001fc4e0,0x001FC4E0,0x001FC510,48
FUN_001fc510,0x001FC510,0x001FC560,80
FUN_001fc560,0x001FC560,0x001FC6E4,388
FUN_001fc6f0,0x001FC6F0,0x001FC800,272
FUN_001fc800,0x001FC800,0x001FC814,20
FUN_001fc820,0x001FC820,0x001FC8A8,136
FUN_001fc8b0,0x001FC8B0,0x001FC930,128
FUN_001fc930,0x001FC930,0x001FD7E0,3760
FUN_001fd7e0,0x001FD7E0,0x001FDAA0,704
FUN_001fdaa0,0x001FDAA0,0x001FDB2C,140
FUN_001fdb30,0x001FDB30,0x001FDD3C,524
FUN_001fdd40,0x001FDD40,0x001FDFB0,624
FUN_001fdfb0,0x001FDFB0,0x001FE614,1636
FUN_001fe620,0x001FE620,0x001FE808,488
FUN_001fe810,0x001FE810,0x001FEBB8,936
FUN_001febc0,0x001FEBC0,0x001FEF40,896
FUN_001fef40,0x001FEF40,0x001FEF7C,60
FUN_001fef80,0x001FEF80,0x001FF218,664
FUN_001ff220,0x001FF220,0x001FF268,72
FUN_001ff270,0x001FF270,0x001FF2EC,124
FUN_001ff2f0,0x001FF2F0,0x001FF2F8,8
FUN_001ff300,0x001FF300,0x001FF364,100
thunk_FUN_002e72c0,0x001FF370,0x001FF378,8
FUN_001ff380,0x001FF380,0x001FF3F0,112
FUN_001ff3f0,0x001FF3F0,0x001FF46C,124
FUN_001ff470,0x001FF470,0x001FF4A8,56
FUN_001ff4b0,0x001FF4B0,0x001FF5AC,252
FUN_001ff5b0,0x001FF5B0,0x001FF5DC,44
FUN_001ff5e0,0x001FF5E0,0x001FF620,64
FUN_001ff620,0x001FF620,0x001FF76C,332
FUN_001ff770,0x001FF770,0x001FF778,8
FUN_001ff780,0x001FF780,0x001FF790,16
FUN_001ff790,0x001FF790,0x001FF7F0,96
FUN_001ff7f0,0x001FF7F0,0x001FF828,56
FUN_001ff830,0x001FF830,0x001FF878,72
FUN_001ff880,0x001FF880,0x001FF888,8
FUN_001ff890,0x001FF890,0x001FF90C,124
FUN_001ff910,0x001FF910,0x001FF920,16
FUN_001ff920,0x001FF920,0x001FF928,8
FUN_001ff930,0x001FF930,0x001FF978,72
FUN_001ff980,0x001FF980,0x001FFA3C,188
FUN_001ffa40,0x001FFA40,0x001FFA48,8
FUN_001ffa50,0x001FFA50,0x001FFB54,260
thunk_FUN_002e9cd0,0x001FFB60,0x001FFB68,8
FUN_001ffb70,0x001FFB70,0x001FFB84,20
FUN_001ffb90,0x001FFB90,0x001FFBA0,16
FUN_001ffba0,0x001FFBA0,0x001FFBDC,60
FUN_001ffbe0,0x001FFBE0,0x001FFBFC,28
thunk_FUN_001ffc20,0x001FFC00,0x001FFC08,8
FUN_001ffc10,0x001FFC10,0x001FFC1C,12
FUN_001ffc20,0x001FFC20,0x001FFC2C,12
FUN_001ffc30,0x001FFC30,0x001FFC3C,12
FUN_001ffc40,0x001FFC40,0x001FFE7C,572
FUN_001ffe80,0x001FFE80,0x001FFEB4,52
FUN_001ffec0,0x001FFEC0,0x001FFEC8,8
FUN_001ffed0,0x001FFED0,0x001FFFFC,300
FUN_00200000,0x00200000,0x00200008,8
FUN_00200010,0x00200010,0x00200018,8
FUN_00200020,0x00200020,0x002000D4,180
FUN_002000e0,0x002000E0,0x00200200,288
FUN_00200200,0x00200200,0x00200264,100
FUN_00200270,0x00200270,0x00200404,404
FUN_00200410,0x00200410,0x00200418,8
FUN_00200420,0x00200420,0x002007F4,980
FUN_00200800,0x00200800,0x00200808,8
FUN_00200810,0x00200810,0x00200820,16
FUN_00200820,0x00200820,0x00200D58,1336
FUN_00200d60,0x00200D60,0x00200D68,8
FUN_00200d70,0x00200D70,0x00200E68,248
FUN_00200e70,0x00200E70,0x00200EE0,112
FUN_00200ee0,0x00200EE0,0x00200F74,148
FUN_00200f80,0x00200F80,0x00200F88,8
FUN_00200f90,0x00200F90,0x00200FCC,60
FUN_00200fd0,0x00200FD0,0x00201088,184
FUN_00201090,0x00201090,0x002010F0,96
FUN_002010f0,0x002010F0,0x002011E8,248
FUN_002011e8,0x002011E8,0x002013F4,524
FUN_002013f4,0x002013F4,0x002014D0,220
thunk_FUN_002f7070,0x00201690,0x00201698,8
FUN_002016a0,0x002016A0,0x002016C8,40
FUN_002016d0,0x002016D0,0x002016F8,40
FUN_00201700,0x00201700,0x00201738,56
FUN_00201740,0x00201740,0x00201758,24
FUN_00201760,0x00201760,0x00201778,24
FUN_00201780,0x00201780,0x00201790,16
FUN_00201790,0x00201790,0x00201798,8
FUN_002017a0,0x002017A0,0x002017A8,8
FUN_002017b0,0x002017B0,0x002017B8,8
FUN_002017c0,0x002017C0,0x00201910,336
FUN_00201910,0x00201910,0x00201918,8
FUN_00201920,0x00201920,0x00201A88,360
FUN_00201a90,0x00201A90,0x00201BC4,308
FUN_00201bd0,0x00201BD0,0x00201BD8,8
FUN_00201be0,0x00201BE0,0x00201C00,32
FUN_00201c00,0x00201C00,0x00201C08,8
FUN_00201c10,0x00201C10,0x00201C90,128
FUN_00201c90,0x00201C90,0x00201C9C,12
FUN_00201ca0,0x00201CA0,0x00201CAC,12
FUN_00201cb0,0x00201CB0,0x00201CBC,12
FUN_00201cc0,0x00201CC0,0x00201CCC,12
FUN_00201cd0,0x00201CD0,0x00201CDC,12
FUN_00201ce0,0x00201CE0,0x00201D04,36
FUN_00201d10,0x00201D10,0x00201DB0,160
FUN_00201db0,0x00201DB0,0x00201DB8,8
FUN_00201dc0,0x00201DC0,0x00201E64,164
FUN_00201e70,0x00201E70,0x00201F0C,156
FUN_00201f10,0x00201F10,0x00201F64,84
FUN_00201f70,0x00201F70,0x00201FD4,100
FUN_00201fe0,0x00201FE0,0x00202018,56
FUN_00202020,0x00202020,0x00202090,112
FUN_00202090,0x00202090,0x002020E4,84
FUN_002020f0,0x002020F0,0x00202120,48
FUN_00202120,0x00202120,0x002021CC,172
FUN_002021d0,0x002021D0,0x00202230,96
FUN_00202230,0x00202230,0x002022B4,132
FUN_002022c0,0x002022C0,0x00202520,608
FUN_00202520,0x00202520,0x00202528,8
FUN_00202530,0x00202530,0x00202590,96
FUN_00202590,0x00202590,0x002025B4,36
FUN_002025c0,0x002025C0,0x002025C8,8
FUN_002025d0,0x002025D0,0x002026F4,292
FUN_002026f4,0x002026F4,0x00202798,164
FUN_002027e0,0x002027E0,0x002027E8,8
FUN_002027f0,0x002027F0,0x00202838,72
FUN_00202840,0x00202840,0x00202A78,568
FUN_00202a80,0x00202A80,0x00202E40,960
FUN_00202e40,0x00202E40,0x00202E74,52
FUN_00202e80,0x00202E80,0x00202F54,212
FUN_00202f60,0x00202F60,0x00203094,308
FUN_002030a0,0x002030A0,0x002030B8,24
FUN_002030c0,0x002030C0,0x002030F0,48
FUN_002030f0,0x002030F0,0x002030F8,8
FUN_00203100,0x00203100,0x00203114,20
FUN_00203120,0x00203120,0x00203140,32
FUN_00203140,0x00203140,0x00203174,52
FUN_00203180,0x00203180,0x002031C8,72
FUN_002031d0,0x002031D0,0x0020320C,60
FUN_00203210,0x00203210,0x0020326C,92
FUN_00203270,0x00203270,0x002032A4,52
FUN_002032b0,0x002032B0,0x002032D8,40
FUN_002032e0,0x002032E0,0x0020330C,44
FUN_00203310,0x00203310,0x00203334,36
FUN_00203340,0x00203340,0x00203394,84
FUN_002033a0,0x002033A0,0x002033C8,40
FUN_002033d0,0x002033D0,0x002034A4,212
FUN_002034b0,0x002034B0,0x00203648,408
FUN_00203650,0x00203650,0x00203688,56
FUN_00203690,0x00203690,0x002036EC,92
FUN_002036f0,0x002036F0,0x00203738,72
FUN_00203740,0x00203740,0x00203938,504
FUN_00203940,0x00203940,0x002039AC,108
FUN_002039b0,0x002039B0,0x00203A24,116
FUN_00203a30,0x00203A30,0x00203AD8,168
FUN_00203ae0,0x00203AE0,0x00203B04,36
FUN_00203b10,0x00203B10,0x00203B90,128
FUN_00203b90,0x00203B90,0x00203C38,168
FUN_00203c40,0x00203C40,0x00203D08,200
FUN_00203d10,0x00203D10,0x00203DE8,216
FUN_00203df0,0x00203DF0,0x00203E1C,44
FUN_00203e20,0x00203E20,0x00203E8C,108
FUN_00203e90,0x00203E90,0x00203F90,256
FUN_00203f90,0x00203F90,0x00203FCC,60
FUN_00203fd0,0x00203FD0,0x00204000,48
FUN_00204000,0x00204000,0x00204040,64
FUN_00204040,0x00204040,0x002040F8,184
FUN_00204100,0x00204100,0x00204160,96
FUN_00204160,0x00204160,0x00204200,160
FUN_00204200,0x00204200,0x00204250,80
FUN_00204250,0x00204250,0x0020432C,220
FUN_00204330,0x00204330,0x0020435C,44
FUN_00204360,0x00204360,0x002043B4,84
FUN_002043c0,0x002043C0,0x002043EC,44
FUN_002043f0,0x002043F0,0x00204428,56
FUN_00204430,0x00204430,0x0020446C,60
FUN_00204470,0x00204470,0x002044AC,60
FUN_002044b0,0x002044B0,0x002044EC,60
FUN_002044f0,0x002044F0,0x0020452C,60
FUN_00204530,0x00204530,0x0020456C,60
FUN_00204570,0x00204570,0x002045AC,60
FUN_002045b0,0x002045B0,0x00204628,120
FUN_00204630,0x00204630,0x002046AC,124
FUN_002046b0,0x002046B0,0x002046E8,56
FUN_002046f0,0x002046F0,0x00204A28,824
FUN_00204a30,0x00204A30,0x00204A68,56
FUN_00204a70,0x00204A70,0x00204AAC,60
FUN_00204ab0,0x00204AB0,0x00204B00,80
FUN_00204b00,0x00204B00,0x00204B40,64
FUN_00204b40,0x00204B40,0x00204BA8,104
FUN_00204bb0,0x00204BB0,0x00204BE8,56
FUN_00204bf0,0x00204BF0,0x00204C5C,108
FUN_00204c60,0x00204C60,0x00204CCC,108
FUN_00204cd0,0x00204CD0,0x00204E08,312
FUN_00204e10,0x00204E10,0x00204E18,8
FUN_00204e20,0x00204E20,0x00204E64,68
FUN_00204e70,0x00204E70,0x00204E9C,44
FUN_00204ea0,0x00204EA0,0x00204EA8,8
FUN_00204eb0,0x00204EB0,0x00204F80,208
FUN_00204f80,0x00204F80,0x00204FB8,56
FUN_00204fc0,0x00204FC0,0x00205004,68
FUN_00205010,0x00205010,0x0020503C,44
FUN_00205040,0x00205040,0x00205048,8
FUN_00205050,0x00205050,0x00205120,208
FUN_00205120,0x00205120,0x0020514C,44
FUN_00205150,0x00205150,0x00205244,244
FUN_00205250,0x00205250,0x002052F4,164
FUN_00205300,0x00205300,0x0020538C,140
FUN_00205390,0x00205390,0x002053C4,52
FUN_002053d0,0x002053D0,0x00205698,712
FUN_002056a0,0x002056A0,0x00205880,480
FUN_00205880,0x00205880,0x002059CC,332
FUN_002059d0,0x002059D0,0x00205A1C,76
FUN_00205a20,0x00205A20,0x00205B48,296
FUN_00205b50,0x00205B50,0x00205BFC,172
FUN_00205c00,0x00205C00,0x00205C98,152
FUN_00205ca0,0x00205CA0,0x00205D30,144
FUN_00205d30,0x00205D30,0x00205DD4,164
FUN_00205de0,0x00205DE0,0x00205E28,72
FUN_00205e30,0x00205E30,0x00205F48,280
FUN_00205f50,0x00205F50,0x00205FA4,84
FUN_00205fb0,0x00205FB0,0x00206078,200
FUN_00206080,0x00206080,0x002060A4,36
FUN_002060b0,0x002060B0,0x002060E8,56
FUN_002060f0,0x002060F0,0x00206124,52
FUN_00206130,0x00206130,0x002061A0,112
FUN_002061a0,0x002061A0,0x002061F0,80
FUN_002061f0,0x002061F0,0x00206230,64
FUN_00206230,0x00206230,0x00206384,340
FUN_00206390,0x00206390,0x002064E8,344
FUN_002064f0,0x002064F0,0x00206640,336
FUN_00206640,0x00206640,0x00206728,232
FUN_00206730,0x00206730,0x002067D4,164
FUN_002067e0,0x002067E0,0x0020687C,156
FUN_00206880,0x00206880,0x002068F4,116
FUN_00206900,0x00206900,0x002069B0,176
FUN_002069b0,0x002069B0,0x00206A48,152
FUN_00206a50,0x00206A50,0x00206A58,8
FUN_00206a60,0x00206A60,0x00206AD8,120
FUN_00206ae0,0x00206AE0,0x00206B80,160
FUN_00206b80,0x00206B80,0x00206C1C,156
FUN_00206c20,0x00206C20,0x00206CAC,140
FUN_00206cb0,0x00206CB0,0x00206D04,84
FUN_00206d10,0x00206D10,0x00206D70,96
FUN_00206d70,0x00206D70,0x00206E50,224
FUN_00206e50,0x00206E50,0x00206F40,240
FUN_00206f40,0x00206F40,0x00207008,200
FUN_00207010,0x00207010,0x00207100,240
FUN_00207100,0x00207100,0x00207184,132
FUN_00207190,0x00207190,0x00207240,176
FUN_00207240,0x00207240,0x002072BC,124
FUN_002072c0,0x002072C0,0x002072F0,48
FUN_002072f0,0x002072F0,0x00207324,52
FUN_00207330,0x00207330,0x002073CC,156
FUN_002073d0,0x002073D0,0x00207444,116
FUN_00207450,0x00207450,0x002074E8,152
FUN_002074f0,0x002074F0,0x0020754C,92
FUN_00207550,0x00207550,0x002075AC,92
FUN_002075b0,0x002075B0,0x0020760C,92
FUN_00207610,0x00207610,0x00207644,52
FUN_00207650,0x00207650,0x00207680,48
FUN_00207680,0x00207680,0x002076DC,92
FUN_002076e0,0x002076E0,0x0020771C,60
FUN_00207720,0x00207720,0x00207790,112
FUN_00207790,0x00207790,0x002078F0,352
FUN_002078f0,0x002078F0,0x002079D0,224
FUN_002079d0,0x002079D0,0x00207A18,72
FUN_00207a20,0x00207A20,0x00207A50,48
FUN_00207a50,0x00207A50,0x00207A80,48
FUN_00207a80,0x00207A80,0x00207A88,8
FUN_00207a90,0x00207A90,0x00207A98,8
FUN_00207aa0,0x00207AA0,0x00207AD8,56
FUN_00207ae0,0x00207AE0,0x00207AE8,8
FUN_00207af0,0x00207AF0,0x00207AF8,8
FUN_00207b00,0x00207B00,0x00207B18,24
FUN_00207b20,0x00207B20,0x00207B38,24
FUN_00207b40,0x00207B40,0x00207B70,48
thunk_FUN_00207d90,0x00207B70,0x00207B78,8
FUN_00207b80,0x00207B80,0x00207BB0,48
FUN_00207bb0,0x00207BB0,0x00207BE8,56
FUN_00207bf0,0x00207BF0,0x00207C04,20
FUN_00207c10,0x00207C10,0x00207C1C,12
FUN_00207c20,0x00207C20,0x00207C38,24
FUN_00207c40,0x00207C40,0x00207C68,40
FUN_00207c70,0x00207C70,0x00207C7C,12
FUN_00207c80,0x00207C80,0x00207CC4,68
FUN_00207cd0,0x00207CD0,0x00207D30,96
FUN_00207d30,0x00207D30,0x00207D60,48
FUN_00207d60,0x00207D60,0x00207D8C,44
FUN_00207d90,0x00207D90,0x00207DD8,72
FUN_00208100,0x00208100,0x00208198,152
FUN_002081a0,0x002081A0,0x002081E0,64
FUN_002081e0,0x002081E0,0x00208218,56
FUN_00208220,0x00208220,0x00208270,80
FUN_00208270,0x00208270,0x00208360,240
FUN_00208360,0x00208360,0x00208498,312
FUN_002084a0,0x002084A0,0x00208648,424
FUN_00208650,0x00208650,0x002086A0,80
FUN_002086a0,0x002086A0,0x002087F8,344
FUN_00208800,0x00208800,0x0020886C,108
FUN_00208870,0x00208870,0x0020898C,284
FUN_00208990,0x00208990,0x00208A6C,220
FUN_00208a70,0x00208A70,0x00208A78,8
FUN_00208a80,0x00208A80,0x00208A8C,12
FUN_00208a90,0x00208A90,0x00208AC4,52
FUN_00208ad0,0x00208AD0,0x00208B20,80
FUN_00208b20,0x00208B20,0x00208B5C,60
FUN_00208b60,0x00208B60,0x00208BA4,68
FUN_00208bb0,0x00208BB0,0x00208C04,84
FUN_00208c10,0x00208C10,0x00208C18,8
FUN_00208c20,0x00208C20,0x00208C48,40
FUN_00208c50,0x00208C50,0x00208C78,40
FUN_00208c80,0x00208C80,0x00208CA8,40
FUN_00208cb0,0x00208CB0,0x00208D24,116
FUN_00208d30,0x00208D30,0x00208DF4,196
FUN_00208e00,0x00208E00,0x00208EE4,228
FUN_00208ef0,0x00208EF0,0x002096D4,2020
FUN_002096e0,0x002096E0,0x00209760,128
FUN_00209760,0x00209760,0x00209898,312
FUN_002098a0,0x002098A0,0x002098D0,48
FUN_002098d0,0x002098D0,0x00209954,132
FUN_00209960,0x00209960,0x00209A68,264
FUN_00209a70,0x00209A70,0x00209BE0,368
FUN_00209be0,0x00209BE0,0x00209BE8,8
FUN_00209bf0,0x00209BF0,0x00209E28,568
FUN_00209e30,0x00209E30,0x00209F2C,252
FUN_00209f30,0x00209F30,0x0020A110,480
FUN_0020a110,0x0020A110,0x0020A2B0,416
FUN_0020a2b0,0x0020A2B0,0x0020A49C,492
FUN_0020a4a0,0x0020A4A0,0x0020A4E0,64
FUN_0020a4e0,0x0020A4E0,0x0020A648,360
FUN_0020a650,0x0020A650,0x0020A704,180
FUN_0020a710,0x0020A710,0x0020B120,2576
FUN_0020b120,0x0020B120,0x0020B24C,300
FUN_0020b250,0x0020B250,0x0020B258,8
FUN_0020b260,0x0020B260,0x0020B280,32
FUN_0020b280,0x0020B280,0x0020B2A0,32
FUN_0020b2a0,0x0020B2A0,0x0020B2C0,32
FUN_0020b2c0,0x0020B2C0,0x0020B2FC,60
FUN_0020b300,0x0020B300,0x0020B344,68
FUN_0020b350,0x0020B350,0x0020B3F4,164
FUN_0020b400,0x0020B400,0x0020B4A4,164
FUN_0020b4b0,0x0020B4B0,0x0020B538,136
FUN_0020b540,0x0020B540,0x0020B574,52
FUN_0020b580,0x0020B580,0x0020B748,456
FUN_0020b750,0x0020B750,0x0020B758,8
FUN_0020b760,0x0020B760,0x0020B768,8
FUN_0020b770,0x0020B770,0x0020B7AC,60
FUN_0020b7b0,0x0020B7B0,0x0020B80C,92
FUN_0020b810,0x0020B810,0x0020B860,80
FUN_0020b860,0x0020B860,0x0020BA74,532
FUN_0020ba80,0x0020BA80,0x0020BB84,260
FUN_0020bb90,0x0020BB90,0x0020BBBC,44
FUN_0020bbc0,0x0020BBC0,0x0020BBEC,44
FUN_0020bbf0,0x0020BBF0,0x0020BD70,384
FUN_0020bd70,0x0020BD70,0x0020BDF4,132
FUN_0020be00,0x0020BE00,0x0020BE48,72
FUN_0020be50,0x0020BE50,0x0020BF88,312
FUN_0020bf90,0x0020BF90,0x0020BFD8,72
FUN_0020bfe0,0x0020BFE0,0x0020C0FC,284
FUN_0020c100,0x0020C100,0x0020C180,128
FUN_0020c180,0x0020C180,0x0020C20C,140
FUN_0020c210,0x0020C210,0x0020C23C,44
FUN_0020c240,0x0020C240,0x0020C2C4,132
FUN_0020c2d0,0x0020C2D0,0x0020C35C,140
FUN_0020c360,0x0020C360,0x0020C3D4,116
FUN_0020c3e0,0x0020C3E0,0x0020C454,116
FUN_0020c460,0x0020C460,0x0020C5B8,344
FUN_0020c5c0,0x0020C5C0,0x0020C8C0,768
FUN_0020c8c0,0x0020C8C0,0x0020CC10,848
FUN_0020cc10,0x0020CC10,0x0020CC3C,44
FUN_0020cc40,0x0020CC40,0x0020CC6C,44
FUN_0020cc70,0x0020CC70,0x0020CD98,296
FUN_0020cda0,0x0020CDA0,0x0020CDFC,92
FUN_0020ce00,0x0020CE00,0x0020CF10,272
FUN_0020cf10,0x0020CF10,0x0020CF8C,124
FUN_0020cf90,0x0020CF90,0x0020D094,260
FUN_0020d0a0,0x0020D0A0,0x0020D100,96
FUN_0020d100,0x0020D100,0x0020D10C,12
FUN_0020d110,0x0020D110,0x0020D2F8,488
FUN_0020d300,0x0020D300,0x0020D450,336
FUN_0020d450,0x0020D450,0x0020D4C4,116
FUN_0020d4d0,0x0020D4D0,0x0020D4D8,8
FUN_0020d4e0,0x0020D4E0,0x0020D5F8,280
FUN_0020d600,0x0020D600,0x0020D660,96
FUN_0020d660,0x0020D660,0x0020D668,8
FUN_0020d670,0x0020D670,0x0020D6D0,96
FUN_0020d6d0,0x0020D6D0,0x0020D6D8,8
FUN_0020d6e0,0x0020D6E0,0x0020D70C,44
FUN_0020d710,0x0020D710,0x0020D74C,60
FUN_0020d750,0x0020D750,0x0020D7E0,144
FUN_0020d7e0,0x0020D7E0,0x0020D7E8,8
FUN_0020d7f0,0x0020D7F0,0x0020D80C,28
FUN_0020d810,0x0020D810,0x0020D818,8
FUN_0020d820,0x0020D820,0x0020D828,8
FUN_0020d830,0x0020D830,0x0020D85C,44
FUN_0020d860,0x0020D860,0x0020D88C,44
FUN_0020d890,0x0020D890,0x0020D898,8
FUN_0020d8a0,0x0020D8A0,0x0020D8CC,44
FUN_0020d8d0,0x0020D8D0,0x0020D8D8,8
FUN_0020d8e0,0x0020D8E0,0x0020D918,56
FUN_0020d920,0x0020D920,0x0020D968,72
FUN_0020d970,0x0020D970,0x0020D97C,12
FUN_0020d980,0x0020D980,0x0020D9C8,72
FUN_0020d9d0,0x0020D9D0,0x0020DB48,376
FUN_0020db50,0x0020DB50,0x0020DB58,8
FUN_0020db60,0x0020DB60,0x0020E1A0,1600
FUN_0020e1a0,0x0020E1A0,0x0020E2F4,340
FUN_0020e300,0x0020E300,0x0020E328,40
FUN_0020e330,0x0020E330,0x0020E3F4,196
FUN_0020e400,0x0020E400,0x0020E578,376
FUN_0020e580,0x0020E580,0x0020E920,928
FUN_0020e920,0x0020E920,0x0020EC34,788
FUN_0020ec40,0x0020EC40,0x0020F5CC,2444
FUN_0020f5d0,0x0020F5D0,0x0020F5D8,8
FUN_0020f5e0,0x0020F5E0,0x0020F5E8,8
FUN_0020f5f0,0x0020F5F0,0x0020F5F8,8
FUN_0020f600,0x0020F600,0x0020FB3C,1340
FUN_0020fb40,0x0020FB40,0x0020FC60,288
FUN_0020fc60,0x0020FC60,0x0020FCD8,120
FUN_0020fce0,0x0020FCE0,0x0020FD38,88
FUN_0020fd40,0x0020FD40,0x0020FE14,212
FUN_0020fe20,0x0020FE20,0x0020FE28,8
FUN_0020fe30,0x0020FE30,0x0020FE38,8
FUN_0020fe40,0x0020FE40,0x00210074,564
FUN_00210080,0x00210080,0x00210234,436
FUN_00210240,0x00210240,0x0021036C,300
FUN_00210370,0x00210370,0x00210378,8
FUN_00210380,0x00210380,0x00210390,16
FUN_00210390,0x00210390,0x002103D0,64
FUN_002103d0,0x002103D0,0x002104B4,228
FUN_002104c0,0x002104C0,0x002104F8,56
FUN_00210500,0x00210500,0x00210544,68
FUN_00210550,0x00210550,0x002105B4,100
FUN_002105c0,0x002105C0,0x002105F4,52
FUN_00210600,0x00210600,0x00210658,88
FUN_00210660,0x00210660,0x002106AC,76
FUN_002106b0,0x002106B0,0x002106DC,44
FUN_002106e0,0x002106E0,0x0021072C,76
FUN_00210730,0x00210730,0x00210740,16
FUN_00210740,0x00210740,0x002107A8,104
FUN_002107b0,0x002107B0,0x0021080C,92
FUN_00210810,0x00210810,0x00210904,244
FUN_00210910,0x00210910,0x00210944,52
FUN_00210950,0x00210950,0x002109DC,140
FUN_002109e0,0x002109E0,0x00210A40,96
FUN_00210a40,0x00210A40,0x00210A88,72
FUN_00210a90,0x00210A90,0x00210AE0,80
FUN_00210ae0,0x00210AE0,0x00210B3C,92
FUN_00210b40,0x00210B40,0x00210B94,84
FUN_00210ba0,0x00210BA0,0x00210C88,232
FUN_00210c90,0x00210C90,0x00210DCC,316
FUN_00210dd0,0x00210DD0,0x00210E04,52
FUN_00210e10,0x00210E10,0x00210E84,116
FUN_00210e90,0x00210E90,0x00210EB4,36
FUN_00210ec0,0x00210EC0,0x00210F80,192
FUN_00210f80,0x00210F80,0x00210FB4,52
FUN_00210fc0,0x00210FC0,0x00210FC8,8
FUN_00210fd0,0x00210FD0,0x0021104C,124
FUN_00211050,0x00211050,0x00211128,216
FUN_00211130,0x00211130,0x00211198,104
FUN_002111a0,0x002111A0,0x002112C0,288
FUN_002112c0,0x002112C0,0x0021136C,172
FUN_00211370,0x00211370,0x002113F0,128
FUN_002113f0,0x002113F0,0x00211428,56
FUN_00211430,0x00211430,0x00211478,72
FUN_00211480,0x00211480,0x0021167C,508
FUN_00211680,0x00211680,0x0021169C,28
FUN_002116a0,0x002116A0,0x002116A8,8
FUN_002116b0,0x002116B0,0x0021176C,188
FUN_00211770,0x00211770,0x0021187C,268
FUN_00211880,0x00211880,0x00211A44,452
FUN_00211a50,0x00211A50,0x00211ABC,108
FUN_00211ac0,0x00211AC0,0x00211BB0,240
FUN_00211bb0,0x00211BB0,0x00211BF4,68
FUN_00211c00,0x00211C00,0x00211C24,36
FUN_00211c30,0x00211C30,0x00211D4C,284
FUN_00211d50,0x00211D50,0x00211D8C,60
FUN_00211d90,0x00211D90,0x00211E08,120
FUN_00211e10,0x00211E10,0x00211FF0,480
FUN_00211ff0,0x00211FF0,0x0021207C,140
FUN_00212080,0x00212080,0x002120FC,124
FUN_00212100,0x00212100,0x00212124,36
FUN_00212130,0x00212130,0x002121E4,180
FUN_002121f0,0x002121F0,0x00212264,116
FUN_00212270,0x00212270,0x0021238C,284
FUN_00212390,0x00212390,0x00212428,152
FUN_00212430,0x00212430,0x002124FC,204
FUN_00212500,0x00212500,0x002125F4,244
FUN_00212600,0x00212600,0x00212644,68
FUN_00212650,0x00212650,0x00212694,68
FUN_002126a0,0x002126A0,0x002126E4,68
FUN_002126f0,0x002126F0,0x00212734,68
FUN_00212740,0x00212740,0x00212788,72
FUN_00212790,0x00212790,0x002127B0,32
FUN_002127b0,0x002127B0,0x002127DC,44
FUN_002127e0,0x002127E0,0x0021284C,108
FUN_00212850,0x00212850,0x00212B94,836
FUN_00212ba0,0x00212BA0,0x00212D18,376
FUN_00212d20,0x00212D20,0x00212D28,8
thunk_FUN_002f5e40,0x00212D30,0x00212D38,8
FUN_00212d40,0x00212D40,0x00212D88,72
FUN_00212d90,0x00212D90,0x00212F10,384
FUN_00212f10,0x00212F10,0x00212F8C,124
FUN_00212f90,0x00212F90,0x00213848,2232
FUN_00213850,0x00213850,0x00213BBC,876
FUN_00213bc0,0x00213BC0,0x00213C7C,188
FUN_00213c80,0x00213C80,0x00213FB0,816
FUN_00213fb0,0x00213FB0,0x002141F4,580
FUN_00214200,0x00214200,0x002144B4,692
FUN_002144c0,0x002144C0,0x0021466C,428
FUN_00214670,0x00214670,0x00214684,20
FUN_00214690,0x00214690,0x00214740,176
FUN_00214740,0x00214740,0x0021481C,220
FUN_00214820,0x00214820,0x002148C0,160
FUN_002148c0,0x002148C0,0x002148D4,20
FUN_002148e0,0x002148E0,0x0021495C,124
FUN_00214960,0x00214960,0x00214A88,296
FUN_00214a90,0x00214A90,0x00214BE4,340
FUN_00214bf0,0x00214BF0,0x00214BF8,8
thunk_FUN_002ea2a0,0x00214C00,0x00214C08,8
FUN_00214c10,0x00214C10,0x00214CF4,228
FUN_00214d00,0x00214D00,0x00214DFC,252
FUN_00214e00,0x00214E00,0x00214E3C,60
FUN_00214e40,0x00214E40,0x00214E80,64
FUN_00214e80,0x00214E80,0x00214EF0,112
FUN_00214ef0,0x00214EF0,0x0021542C,1340
FUN_0021542c,0x0021542C,0x00215538,268
FUN_002158a0,0x002158A0,0x002158B0,16
FUN_002158b0,0x002158B0,0x002158FC,76
FUN_00215900,0x00215900,0x00215924,36
FUN_00215930,0x00215930,0x00216AD4,4516
FUN_00216ad4,0x00216AD4,0x00216C48,372
thunk_FUN_0014e1e0,0x00217070,0x00217078,8
FUN_00217080,0x00217080,0x00217088,8
FUN_00217090,0x00217090,0x00217098,8
FUN_002170a0,0x002170A0,0x002170A8,8
FUN_002170b0,0x002170B0,0x002170B8,8
FUN_002170c0,0x002170C0,0x002170FC,60
FUN_00217100,0x00217100,0x00217130,48
FUN_00217130,0x00217130,0x002172AC,380
FUN_002172b0,0x002172B0,0x00217560,688
FUN_00217560,0x00217560,0x00217818,696
FUN_00217820,0x00217820,0x002179C4,420
FUN_002179d0,0x002179D0,0x002179E0,16
FUN_002179e0,0x002179E0,0x00217A64,132
FUN_00217a70,0x00217A70,0x00217BEC,380
FUN_00217bf0,0x00217BF0,0x00217C2C,60
FUN_00217c30,0x00217C30,0x00217E94,612
FUN_00217ea0,0x00217EA0,0x00217FB0,272
FUN_00217fb0,0x00217FB0,0x00217FC4,20
FUN_00217fd0,0x00217FD0,0x00218000,48
FUN_00218000,0x00218000,0x00218070,112
FUN_00218070,0x00218070,0x002180D4,100
FUN_002180e0,0x002180E0,0x00218174,148
FUN_00218180,0x00218180,0x002181C8,72
FUN_002181d0,0x002181D0,0x00218248,120
FUN_00218250,0x00218250,0x0021825C,12
FUN_00218260,0x00218260,0x00218270,16
FUN_00218270,0x00218270,0x002182DC,108
FUN_002182e0,0x002182E0,0x00218340,96
FUN_00218340,0x00218340,0x0021838C,76
FUN_00218390,0x00218390,0x00218410,128
FUN_00218410,0x00218410,0x00218460,80
FUN_00218460,0x00218460,0x002186A8,584
FUN_002186b0,0x002186B0,0x002186B8,8
FUN_002186c0,0x002186C0,0x002186F0,48
FUN_002186f0,0x002186F0,0x00218704,20
thunk_FUN_0021872c,0x00218710,0x00218718,8
FUN_0021872c,0x0021872C,0x00218740,20
FUN_00218740,0x00218740,0x0021877C,60
FUN_00218780,0x00218780,0x00218794,20
FUN_002187a0,0x002187A0,0x00218BE0,1088
FUN_00218be0,0x00218BE0,0x00218C4C,108
FUN_00218c50,0x00218C50,0x00218D10,192
FUN_00218d10,0x00218D10,0x00218D18,8
FUN_00218d20,0x00218D20,0x00218DF4,212
FUN_00218e00,0x00218E00,0x00218F34,308
FUN_00218f40,0x00218F40,0x00218F74,52
FUN_00218f80,0x00218F80,0x00219034,180
FUN_00219040,0x00219040,0x002190A8,104
FUN_002190b0,0x002190B0,0x002193C4,788
FUN_002193d0,0x002193D0,0x002194B0,224
FUN_002194b0,0x002194B0,0x00219628,376
FUN_00219630,0x00219630,0x002197AC,380
FUN_002197b0,0x002197B0,0x00219C0C,1116
FUN_00219c10,0x00219C10,0x0021AA28,3608
FUN_0021aa30,0x0021AA30,0x0021AAA4,116
FUN_0021aab0,0x0021AAB0,0x0021ADB4,772
FUN_0021adc0,0x0021ADC0,0x0021AE84,196
FUN_0021ae90,0x0021AE90,0x0021B020,400
FUN_0021b020,0x0021B020,0x0021B21C,508
FUN_0021b220,0x0021B220,0x0021B228,8
FUN_0021b230,0x0021B230,0x0021B2EC,188
FUN_0021b2f0,0x0021B2F0,0x0021B8BC,1484
FUN_0021b8c0,0x0021B8C0,0x0021B914,84
FUN_0021b920,0x0021B920,0x0021BBDC,700
FUN_0021bbe0,0x0021BBE0,0x0021BCBC,220
FUN_0021bcc0,0x0021BCC0,0x0021BCD0,16
FUN_0021bcd0,0x0021BCD0,0x0021BE50,384
FUN_0021be50,0x0021BE50,0x0021BFEC,412
FUN_0021bff0,0x0021BFF0,0x0021C2A4,692
FUN_0021c2b0,0x0021C2B0,0x0021C48C,476
FUN_0021c490,0x0021C490,0x0021C6B0,544
FUN_0021c6b0,0x0021C6B0,0x0021C75C,172
FUN_0021c780,0x0021C780,0x0021C8EC,364
FUN_0021c8f0,0x0021C8F0,0x0021C964,116
FUN_0021c970,0x0021C970,0x0021CB88,536
FUN_0021cb90,0x0021CB90,0x0021CBE0,80
FUN_0021cbe0,0x0021CBE0,0x0021CC04,36
FUN_0021cc10,0x0021CC10,0x0021CC20,16
FUN_0021cc20,0x0021CC20,0x0021CC7C,92
FUN_0021cdd0,0x0021CDD0,0x0021D13C,876
FUN_0021d140,0x0021D140,0x0021D148,8
FUN_0021d150,0x0021D150,0x0021D1C4,116
FUN_0021d1f0,0x0021D1F0,0x0021D7F0,1536
FUN_0021d7f0,0x0021D7F0,0x0021D874,132
FUN_0021d880,0x0021D880,0x0021DA78,504
FUN_0021da80,0x0021DA80,0x0021DB18,152
FUN_0021db20,0x0021DB20,0x0021DB50,48
FUN_0021db50,0x0021DB50,0x0021DB5C,12
FUN_0021dc90,0x0021DC90,0x0021DDC0,304
FUN_0021ddc0,0x0021DDC0,0x0021DE54,148
FUN_0021de60,0x0021DE60,0x0021DEF4,148
FUN_0021df00,0x0021DF00,0x0021DF98,152
FUN_0021dfe0,0x0021DFE0,0x0021E190,432
FUN_0021e190,0x0021E190,0x0021E340,432
FUN_0021e340,0x0021E340,0x0021E374,52
FUN_0021e3e0,0x0021E3E0,0x0021E468,136
FUN_0021e490,0x0021E490,0x0021E53C,172
FUN_0021e540,0x0021E540,0x0021E5C8,136
FUN_0021e5f0,0x0021E5F0,0x0021E680,144
thunk_FUN_0021e5f0,0x0021E680,0x0021E688,8
FUN_0021e690,0x0021E690,0x0021E83C,428
FUN_0021e840,0x0021E840,0x0021EA5C,540
FUN_0021ea60,0x0021EA60,0x0021EA74,20
FUN_0021ea80,0x0021EA80,0x0021F160,1760
FUN_0021f160,0x0021F160,0x0021F194,52
FUN_0021f1a0,0x0021F1A0,0x0021F3F8,600
FUN_0021f400,0x0021F400,0x0021F418,24
FUN_0021f420,0x0021F420,0x0021F8D4,1204
FUN_0021f8e0,0x0021F8E0,0x0021F964,132
FUN_0021f970,0x0021F970,0x0021F99C,44
FUN_0021f9a0,0x0021F9A0,0x0021FB44,420
FUN_0021fb50,0x0021FB50,0x0021FB94,68
FUN_0021fba0,0x0021FBA0,0x0021FCC0,288
FUN_0021fcc0,0x0021FCC0,0x0021FD34,116
FUN_0021fd40,0x0021FD40,0x0021FD8C,76
FUN_0021fd90,0x0021FD90,0x0021FE50,192
FUN_0021fe50,0x0021FE50,0x0021FEC4,116
FUN_0021fed0,0x0021FED0,0x0021FFD8,264
FUN_0021ffe0,0x0021FFE0,0x00220024,68
FUN_00220030,0x00220030,0x0022003C,12
FUN_00220040,0x00220040,0x0022006C,44
thunk_FUN_0021fe50,0x00220070,0x00220078,8
FUN_00220080,0x00220080,0x0022023C,444
FUN_00220240,0x00220240,0x00220254,20
FUN_00220260,0x00220260,0x0022029C,60
FUN_002202a0,0x002202A0,0x002202DC,60
FUN_002202e0,0x002202E0,0x0022030C,44
FUN_00220310,0x00220310,0x00220338,40
FUN_00220340,0x00220340,0x002203A4,100
FUN_002203b0,0x002203B0,0x0022047C,204
FUN_00220480,0x00220480,0x002204A8,40
FUN_002204b0,0x002204B0,0x002204BC,12
FUN_002204c0,0x002204C0,0x0022056C,172
FUN_00220570,0x00220570,0x002205C0,80
FUN_002205c0,0x002205C0,0x00220700,320
FUN_00220700,0x00220700,0x00220748,72
FUN_00220750,0x00220750,0x00220794,68
FUN_002207a0,0x002207A0,0x002207A8,8
FUN_002207b0,0x002207B0,0x002207F8,72
FUN_00220800,0x00220800,0x00220850,80
FUN_00220850,0x00220850,0x00220858,8
FUN_00220860,0x00220860,0x00220868,8
FUN_00220870,0x00220870,0x002208F4,132
FUN_00220900,0x00220900,0x00220988,136
FUN_00220990,0x00220990,0x002209D4,68
FUN_002209e0,0x002209E0,0x002209EC,12
FUN_002209f0,0x002209F0,0x00220A4C,92
FUN_00220a50,0x00220A50,0x00220C04,436
FUN_00220c10,0x00220C10,0x00220C58,72
FUN_00220c60,0x00220C60,0x00220DF0,400
FUN_00220df0,0x00220DF0,0x00220EAC,188
FUN_00220eb0,0x00220EB0,0x00220EEC,60
FUN_00220ef0,0x00220EF0,0x00220EF8,8
FUN_00220f00,0x00220F00,0x00220F5C,92
FUN_00220f60,0x00220F60,0x00220FB0,80
FUN_00220fb0,0x00220FB0,0x002211D8,552
FUN_002211e0,0x002211E0,0x00221308,296
FUN_00221310,0x00221310,0x00221474,356
FUN_00221480,0x00221480,0x002214D8,88
FUN_002214e0,0x002214E0,0x00221570,144
FUN_00221570,0x00221570,0x00221640,208
FUN_00221640,0x00221640,0x00221690,80
FUN_00221690,0x00221690,0x002216D4,68
FUN_002216e0,0x002216E0,0x00221764,132
FUN_00221770,0x00221770,0x002217B4,68
FUN_002217c0,0x002217C0,0x00221828,104
FUN_00221830,0x00221830,0x00221854,36
FUN_00221860,0x00221860,0x002218C4,100
FUN_002218d0,0x002218D0,0x002218F8,40
FUN_00221900,0x00221900,0x00221950,80
FUN_00221950,0x00221950,0x002219A0,80
FUN_002219a0,0x002219A0,0x002219EC,76
FUN_002219f0,0x002219F0,0x00221AA8,184
FUN_00221ab0,0x00221AB0,0x00221AB8,8
FUN_00221ac0,0x00221AC0,0x00221AF4,52
FUN_00221b00,0x00221B00,0x00221B5C,92
FUN_00221b60,0x00221B60,0x00221BB4,84
FUN_00221bc0,0x00221BC0,0x00221C14,84
FUN_00221c20,0x00221C20,0x00221C6C,76
FUN_00221c70,0x00221C70,0x00221CE4,116
FUN_00221cf0,0x00221CF0,0x00221D38,72
FUN_00221d40,0x00221D40,0x00221D70,48
FUN_00221d70,0x00221D70,0x00221E8C,284
FUN_00221e90,0x00221E90,0x00221F48,184
FUN_00221f50,0x00221F50,0x00221F84,52
FUN_00221f90,0x00221F90,0x00222000,112
FUN_00222000,0x00222000,0x00222230,560
thunk_FUN_002222e4,0x00222230,0x00222238,8
FUN_00222248,0x00222248,0x002222E4,156
FUN_002222e4,0x002222E4,0x002222F8,20
FUN_00222300,0x00222300,0x00222308,8
FUN_00222310,0x00222310,0x00222318,8
FUN_00222320,0x00222320,0x00222358,56
FUN_00222360,0x00222360,0x00222368,8
FUN_00222370,0x00222370,0x002223B4,68
FUN_002223c0,0x002223C0,0x002223C8,8
FUN_002223e0,0x002223E0,0x002223E8,8
FUN_002223f0,0x002223F0,0x002223F8,8
FUN_00222400,0x00222400,0x00222460,96
FUN_00222460,0x00222460,0x002224CC,108
FUN_002224d0,0x002224D0,0x002224D8,8
FUN_002224e0,0x002224E0,0x002224E8,8
FUN_002224f0,0x002224F0,0x002225D4,228
FUN_002225e0,0x002225E0,0x00222690,176
FUN_00222690,0x00222690,0x002226A0,16
FUN_002226a0,0x002226A0,0x002226D8,56
FUN_002226e0,0x002226E0,0x002226E8,8
FUN_002226f0,0x002226F0,0x00222AD0,992
FUN_00222ad0,0x00222AD0,0x00222AF8,40
FUN_00222b00,0x00222B00,0x00222B24,36
FUN_00222b30,0x00222B30,0x00222CAC,380
FUN_00222cb0,0x00222CB0,0x00222D44,148
FUN_00222d50,0x00222D50,0x00222D58,8
FUN_00222d60,0x00222D60,0x00222E08,168
FUN_00222e10,0x00222E10,0x00222E6C,92
thunk_FUN_002e2230,0x00222E70,0x00222E78,8
FUN_00222e80,0x00222E80,0x00222EB0,48
FUN_00222eb0,0x00222EB0,0x00222ED8,40
FUN_00222ee0,0x00222EE0,0x00222EE8,8
FUN_00222ef0,0x00222EF0,0x00222F1C,44
FUN_00222f20,0x00222F20,0x00222FC0,160
FUN_00222fc0,0x00222FC0,0x00223068,168
FUN_00223070,0x00223070,0x00223150,224
FUN_00223150,0x00223150,0x002231CC,124
FUN_002231d0,0x002231D0,0x002235D4,1028
FUN_002235e0,0x002235E0,0x002235F0,16
FUN_002235f0,0x002235F0,0x00223688,152
FUN_00223690,0x00223690,0x0022369C,12
FUN_002236a0,0x002236A0,0x002236AC,12
FUN_002236b0,0x002236B0,0x0022370C,92
FUN_00223710,0x00223710,0x00223718,8
FUN_00223720,0x00223720,0x00223770,80
FUN_00223770,0x00223770,0x002237A8,56
FUN_002237b0,0x002237B0,0x002237FC,76
FUN_00223800,0x00223800,0x00223818,24
FUN_00223820,0x00223820,0x00223834,20
FUN_00223840,0x00223840,0x00223884,68
FUN_00223890,0x00223890,0x00223AC4,564
FUN_00223ad0,0x00223AD0,0x00223AE0,16
FUN_00223ae0,0x00223AE0,0x00223BA8,200
FUN_00223bb0,0x00223BB0,0x00223CA8,248
FUN_00223cb0,0x00223CB0,0x0022466C,2492
FUN_00224670,0x00224670,0x00224678,8
FUN_00224680,0x00224680,0x0022472C,172
FUN_00224730,0x00224730,0x00224768,56
FUN_00224770,0x00224770,0x002247EC,124
FUN_002247f0,0x002247F0,0x002252B0,2752
FUN_002252b0,0x002252B0,0x002252BC,12
FUN_002252c0,0x002252C0,0x002252CC,12
FUN_002252d0,0x002252D0,0x002252D8,8
FUN_002252e0,0x002252E0,0x002252E8,8
FUN_002252f0,0x002252F0,0x002252F8,8
FUN_00225300,0x00225300,0x002253C8,200
FUN_002253d0,0x002253D0,0x002254C8,248
FUN_002254d0,0x002254D0,0x00225B2C,1628
FUN_00225b30,0x00225B30,0x00225B38,8
FUN_00225b40,0x00225B40,0x00225B78,56
FUN_00225b80,0x00225B80,0x00225B88,8
FUN_00225b90,0x00225B90,0x00225B98,8
FUN_00225ba0,0x00225BA0,0x00225D28,392
FUN_00225d30,0x00225D30,0x00225D3C,12
FUN_00225d40,0x00225D40,0x00225D4C,12
FUN_00225d50,0x00225D50,0x00225D5C,12
FUN_00225d60,0x00225D60,0x00225D68,8
FUN_00225d70,0x00225D70,0x00225D78,8
FUN_00225d80,0x00225D80,0x00225DA4,36
FUN_00225db0,0x00225DB0,0x00225DB8,8
FUN_00225dc0,0x00225DC0,0x00225E90,208
FUN_00225e90,0x00225E90,0x00226A64,3028
FUN_00226a70,0x00226A70,0x00226C8C,540
FUN_00226c90,0x00226C90,0x00226D5C,204
FUN_00226d60,0x00226D60,0x00227840,2784
FUN_00227840,0x00227840,0x00227860,32
FUN_00227860,0x00227860,0x002278EC,140
FUN_002278f0,0x002278F0,0x00227940,80
FUN_00227940,0x00227940,0x0022797C,60
FUN_00227980,0x00227980,0x00227A04,132
FUN_00227a10,0x00227A10,0x00227AA0,144
FUN_00227aa0,0x00227AA0,0x00227ADC,60
FUN_00227ae0,0x00227AE0,0x00227B30,80
FUN_00227b30,0x00227B30,0x00227C3C,268
FUN_00227c40,0x00227C40,0x00227C4C,12
FUN_00227c50,0x00227C50,0x00227DA8,344
FUN_00227db0,0x00227DB0,0x00227E08,88
FUN_00227e10,0x00227E10,0x00227E7C,108
FUN_00227e80,0x00227E80,0x00227E98,24
FUN_00227ea0,0x00227EA0,0x00227F44,164
FUN_00227f50,0x00227F50,0x00228114,452
FUN_00228120,0x00228120,0x00228190,112
FUN_00228190,0x00228190,0x00228904,1908
FUN_00228910,0x00228910,0x00228918,8
FUN_00228920,0x00228920,0x002289CC,172
FUN_002289d0,0x002289D0,0x002289F0,32
FUN_002289f0,0x002289F0,0x00228BCC,476
FUN_00228bd0,0x00228BD0,0x00228F38,872
FUN_00228f40,0x00228F40,0x00229240,768
FUN_00229240,0x00229240,0x00229448,520
FUN_00229450,0x00229450,0x00229690,576
FUN_00229690,0x00229690,0x0022999C,780
FUN_002299a0,0x002299A0,0x00229A18,120
FUN_00229a20,0x00229A20,0x00229D20,768
FUN_00229d20,0x00229D20,0x00229D84,100
FUN_00229d90,0x00229D90,0x00229DC4,52
FUN_00229dd0,0x00229DD0,0x0022A518,1864
FUN_0022a520,0x0022A520,0x0022A574,84
FUN_0022a580,0x0022A580,0x0022A63C,188
FUN_0022a640,0x0022A640,0x0022A6EC,172
FUN_0022a6f0,0x0022A6F0,0x0022A838,328
FUN_0022a840,0x0022A840,0x0022A87C,60
FUN_0022a880,0x0022A880,0x0022A8D0,80
FUN_0022a8d0,0x0022A8D0,0x0022A914,68
FUN_0022a920,0x0022A920,0x0022AB50,560
FUN_0022ab50,0x0022AB50,0x0022AB70,32
FUN_0022ab70,0x0022AB70,0x0022ABAC,60
FUN_0022abb0,0x0022ABB0,0x0022ACA8,248
FUN_0022acb0,0x0022ACB0,0x0022ADE4,308
FUN_0022adf0,0x0022ADF0,0x0022AF1C,300
FUN_0022af20,0x0022AF20,0x0022B018,248
FUN_0022b020,0x0022B020,0x0022B120,256
FUN_0022b120,0x0022B120,0x0022B34C,556
FUN_0022b350,0x0022B350,0x0022B3BC,108
FUN_0022b3c0,0x0022B3C0,0x0022B408,72
FUN_0022b410,0x0022B410,0x0022B488,120
FUN_0022b490,0x0022B490,0x0022B504,116
FUN_0022b510,0x0022B510,0x0022B524,20
FUN_0022b530,0x0022B530,0x0022B57C,76
FUN_0022b580,0x0022B580,0x0022B588,8
FUN_0022b590,0x0022B590,0x0022B5C4,52
FUN_0022b5d0,0x0022B5D0,0x0022B628,88
FUN_0022b630,0x0022B630,0x0022B698,104
FUN_0022b6a0,0x0022B6A0,0x0022B740,160
FUN_0022b740,0x0022B740,0x0022B770,48
FUN_0022b770,0x0022B770,0x0022B7FC,140
FUN_0022b800,0x0022B800,0x0022B818,24
FUN_0022b820,0x0022B820,0x0022B9A0,384
FUN_0022b9a0,0x0022B9A0,0x0022BD04,868
FUN_0022bd10,0x0022BD10,0x0022BD3C,44
FUN_0022bd40,0x0022BD40,0x0022BD60,32
FUN_0022bd60,0x0022BD60,0x0022BD7C,28
FUN_0022bd80,0x0022BD80,0x0022BDC8,72
FUN_0022bdd0,0x0022BDD0,0x0022BE64,148
FUN_0022be70,0x0022BE70,0x0022BF20,176
FUN_0022bf20,0x0022BF20,0x0022C058,312
FUN_0022c060,0x0022C060,0x0022CC2C,3020
FUN_0022cc30,0x0022CC30,0x0022CE30,512
FUN_0022ce30,0x0022CE30,0x0022D2F4,1220
FUN_0022d300,0x0022D300,0x0022D3E0,224
FUN_0022d3e0,0x0022D3E0,0x0022DBF4,2068
FUN_0022dc00,0x0022DC00,0x0022DD84,388
FUN_0022dd90,0x0022DD90,0x0022DF64,468
FUN_0022df70,0x0022DF70,0x0022E244,724
FUN_0022e250,0x0022E250,0x0022E3B4,356
FUN_0022e3c0,0x0022E3C0,0x0022E4E4,292
FUN_0022e4f0,0x0022E4F0,0x0022E808,792
FUN_0022e810,0x0022E810,0x0022E93C,300
FUN_0022e940,0x0022E940,0x0022E9D4,148
FUN_0022e9e0,0x0022E9E0,0x0022EBBC,476
FUN_0022ebc0,0x0022EBC0,0x0022EBEC,44
FUN_0022ebf0,0x0022EBF0,0x0022EF8C,924
FUN_0022ef90,0x0022EF90,0x0022EFE8,88
FUN_0022eff0,0x0022EFF0,0x0022F014,36
FUN_0022f020,0x0022F020,0x0022F084,100
FUN_0022f090,0x0022F090,0x0022F2AC,540
FUN_0022f2b0,0x0022F2B0,0x0022F3B4,260
FUN_0022f3c0,0x0022F3C0,0x0022F4F4,308
FUN_0022f500,0x0022F500,0x0022F508,8
FUN_0022f510,0x0022F510,0x0022F65C,332
FUN_0022f660,0x0022F660,0x0022F808,424
FUN_0022f810,0x0022F810,0x0022F92C,284
FUN_0022f930,0x0022F930,0x0022FA4C,284
FUN_0022fa50,0x0022FA50,0x0022FB24,212
FUN_0022fb30,0x0022FB30,0x0022FBE0,176
FUN_0022fbe0,0x0022FBE0,0x0022FCF8,280
FUN_0022fd00,0x0022FD00,0x0022FE60,352
FUN_0022fe60,0x0022FE60,0x002300F8,664
FUN_00230100,0x00230100,0x00230480,896
FUN_00230480,0x00230480,0x00230538,184
FUN_00230580,0x00230580,0x0023071C,412
FUN_00230720,0x00230720,0x00230B6C,1100
FUN_00230b70,0x00230B70,0x00230C24,180
FUN_00230c30,0x00230C30,0x00230CC0,144
FUN_00230cc0,0x00230CC0,0x00230D00,64
FUN_00230d00,0x00230D00,0x00230D40,64
FUN_00230d40,0x00230D40,0x00230D84,68
FUN_00230d90,0x00230D90,0x00230DDC,76
FUN_00230de0,0x00230DE0,0x00230E9C,188
FUN_00230ea0,0x00230EA0,0x00231050,432
FUN_00231050,0x00231050,0x00231458,1032
FUN_002319e0,0x002319E0,0x00231A18,56
FUN_00231a20,0x00231A20,0x0023221C,2044
FUN_00232220,0x00232220,0x00232254,52
FUN_00232260,0x00232260,0x00232580,800
FUN_00232580,0x00232580,0x00232654,212
FUN_00232660,0x00232660,0x00232704,164
FUN_00232710,0x00232710,0x00232E88,1912
FUN_00232e90,0x00232E90,0x00232F60,208
FUN_00232f60,0x00232F60,0x00233304,932
FUN_00233310,0x00233310,0x002333A0,144
FUN_002333a0,0x002333A0,0x002333D8,56
FUN_002333e0,0x002333E0,0x00233454,116
FUN_00233454,0x00233454,0x00233480,44
FUN_00233480,0x00233480,0x002335FC,380
FUN_002335fc,0x002335FC,0x0023362C,48
FUN_00233630,0x00233630,0x00233774,324
FUN_00233780,0x00233780,0x002338E4,356
FUN_002338f0,0x002338F0,0x00233AA8,440
FUN_00233ab0,0x00233AB0,0x00233BBC,268
FUN_00233bc0,0x00233BC0,0x00233C3C,124
FUN_00233c40,0x00233C40,0x00233CF0,176
FUN_00233cf0,0x00233CF0,0x00233D20,48
FUN_00233d20,0x00233D20,0x00233F8C,620
FUN_00233f90,0x00233F90,0x00234300,880
FUN_00234300,0x00234300,0x002343A0,160
FUN_002343a0,0x002343A0,0x002344B8,280
FUN_002344c0,0x002344C0,0x002344EC,44
FUN_002344f0,0x002344F0,0x00234530,64
FUN_00234530,0x00234530,0x002346CC,412
FUN_002346d0,0x002346D0,0x0023483C,364
FUN_00234840,0x00234840,0x002349A0,352
FUN_002349a0,0x002349A0,0x00234B9C,508
FUN_00234ba0,0x00234BA0,0x00234F60,960
FUN_00234f60,0x00234F60,0x00234FC4,100
FUN_00234fd0,0x00234FD0,0x002350C4,244
FUN_002350d0,0x002350D0,0x00235248,376
FUN_00235250,0x00235250,0x002352D4,132
FUN_002352e0,0x002352E0,0x00235534,596
FUN_00235540,0x00235540,0x0023575C,540
FUN_00235760,0x00235760,0x00235C64,1284
FUN_00235c70,0x00235C70,0x00235D88,280
FUN_00235d90,0x00235D90,0x00235E0C,124
FUN_00235e10,0x00235E10,0x00235FAC,412
FUN_00235fb0,0x00235FB0,0x00235FBC,12
FUN_00235fc0,0x00235FC0,0x00235FF4,52
FUN_00236000,0x00236000,0x00236078,120
FUN_00236080,0x00236080,0x0023615C,220
FUN_00236160,0x00236160,0x00236184,36
FUN_00236190,0x00236190,0x002361D0,64
FUN_002361d0,0x002361D0,0x002361EC,28
FUN_002361f0,0x002361F0,0x00236208,24
FUN_00236210,0x00236210,0x002364CC,700
FUN_002364d0,0x002364D0,0x00236BC8,1784
FUN_00236bd0,0x00236BD0,0x00236C18,72
FUN_00236c20,0x00236C20,0x00236DB0,400
FUN_00236db0,0x00236DB0,0x00236E6C,188
FUN_00236e70,0x00236E70,0x00236FB8,328
FUN_00236fc0,0x00236FC0,0x00237114,340
FUN_00237120,0x00237120,0x0023713C,28
FUN_00237140,0x00237140,0x002371A8,104
FUN_002371b0,0x002371B0,0x00237218,104
FUN_00237220,0x00237220,0x002372E0,192
FUN_002372e0,0x002372E0,0x002373A0,192
FUN_002373a0,0x002373A0,0x00237410,112
FUN_00237410,0x00237410,0x002374C8,184
FUN_002374d0,0x002374D0,0x00237860,912
FUN_00237860,0x00237860,0x002379AC,332
FUN_002379b0,0x002379B0,0x002379B8,8
FUN_002379c0,0x002379C0,0x002379D4,20
FUN_002379e0,0x002379E0,0x002379F4,20
FUN_00237a00,0x00237A00,0x00237BD8,472
FUN_00237be0,0x00237BE0,0x00237CF8,280
FUN_00237cf8,0x00237CF8,0x00237D0C,20
FUN_00238020,0x00238020,0x00238474,1108
FUN_00238480,0x00238480,0x002389E8,1384
FUN_002389f0,0x002389F0,0x00238B30,320
thunk_FUN_00238b40,0x00238B30,0x00238B38,8
FUN_00238b40,0x00238B40,0x00238BCC,140
FUN_00238bd0,0x00238BD0,0x00238C00,48
FUN_00238c00,0x00238C00,0x00238D34,308
FUN_00238d40,0x00238D40,0x00238D5C,28
FUN_00238d60,0x00238D60,0x00238D80,32
FUN_00238d80,0x00238D80,0x00238DE4,100
FUN_00238df0,0x00238DF0,0x00238E68,120
FUN_00238e70,0x00238E70,0x00238EC0,80
FUN_00238ec0,0x00238EC0,0x00238F70,176
FUN_00238f70,0x00238F70,0x00238FDC,108
FUN_00238fe0,0x00238FE0,0x00239030,80
FUN_00239030,0x00239030,0x00239078,72
FUN_00239080,0x00239080,0x0023917C,252
FUN_00239180,0x00239180,0x0023925C,220
FUN_00239260,0x00239260,0x00239374,276
FUN_00239380,0x00239380,0x0023976C,1004
FUN_00239770,0x00239770,0x00239828,184
FUN_00239830,0x00239830,0x002398E8,184
FUN_002398f0,0x002398F0,0x002399B0,192
FUN_002399b0,0x002399B0,0x002399B8,8
FUN_002399c0,0x002399C0,0x00239AC0,256
FUN_00239ac0,0x00239AC0,0x00239BC4,260
FUN_00239bd0,0x00239BD0,0x00239D70,416
FUN_00239d70,0x00239D70,0x00239F10,416
FUN_00239f10,0x00239F10,0x0023A114,516
FUN_0023a120,0x0023A120,0x0023A128,8
FUN_0023a130,0x0023A130,0x0023A138,8
FUN_0023a140,0x0023A140,0x0023A148,8
FUN_0023a150,0x0023A150,0x0023A158,8
FUN_0023a160,0x0023A160,0x0023A168,8
FUN_0023a170,0x0023A170,0x0023A178,8
FUN_0023a180,0x0023A180,0x0023A188,8
FUN_0023a190,0x0023A190,0x0023A198,8
FUN_0023a1a0,0x0023A1A0,0x0023A1C4,36
FUN_0023a1d0,0x0023A1D0,0x0023A1D8,8
FUN_0023a1e0,0x0023A1E0,0x0023A1E8,8
FUN_0023a1f0,0x0023A1F0,0x0023A1F8,8
FUN_0023a200,0x0023A200,0x0023A224,36
FUN_0023a230,0x0023A230,0x0023A334,260
FUN_0023a340,0x0023A340,0x0023A36C,44
FUN_0023a370,0x0023A370,0x0023A3F4,132
FUN_0023a400,0x0023A400,0x0023A584,388
FUN_0023a590,0x0023A590,0x0023A5E0,80
FUN_0023a5e0,0x0023A5E0,0x0023A630,80
FUN_0023a630,0x0023A630,0x0023A680,80
FUN_0023a680,0x0023A680,0x0023A79C,284
FUN_0023a7a0,0x0023A7A0,0x0023A814,116
FUN_0023a820,0x0023A820,0x0023A978,344
FUN_0023a980,0x0023A980,0x0023AEE8,1384
FUN_0023aef0,0x0023AEF0,0x0023B00C,284
FUN_0023b010,0x0023B010,0x0023B194,388
FUN_0023b1a0,0x0023B1A0,0x0023B2C0,288
FUN_0023b2c0,0x0023B2C0,0x0023B3C0,256
FUN_0023b3c0,0x0023B3C0,0x0023B4D4,276
FUN_0023b4e0,0x0023B4E0,0x0023B5A8,200
FUN_0023b5b0,0x0023B5B0,0x0023B70C,348
FUN_0023b710,0x0023B710,0x0023B820,272
FUN_0023b820,0x0023B820,0x0023B910,240
FUN_0023b910,0x0023B910,0x0023BA00,240
FUN_0023ba00,0x0023BA00,0x0023BB60,352
FUN_0023bb60,0x0023BB60,0x0023BC9C,316
FUN_0023bca0,0x0023BCA0,0x0023BDDC,316
FUN_0023bde0,0x0023BDE0,0x0023BEB0,208
FUN_0023beb0,0x0023BEB0,0x0023BF80,208
FUN_0023bf80,0x0023BF80,0x0023C0A0,288
FUN_0023c0a0,0x0023C0A0,0x0023C1C0,288
FUN_0023c1c0,0x0023C1C0,0x0023C1C8,8
FUN_0023c1d0,0x0023C1D0,0x0023C2E4,276
FUN_0023c2f0,0x0023C2F0,0x0023C520,560
FUN_0023c520,0x0023C520,0x0023C62C,268
FUN_0023c630,0x0023C630,0x0023C768,312
FUN_0023c770,0x0023C770,0x0023C8E0,368
FUN_0023c8e0,0x0023C8E0,0x0023CB50,624
FUN_0023cb50,0x0023CB50,0x0023CC9C,332
FUN_0023cca0,0x0023CCA0,0x0023CED8,568
FUN_0023cee0,0x0023CEE0,0x0023CFD4,244
FUN_0023cfe0,0x0023CFE0,0x0023D11C,316
FUN_0023d120,0x0023D120,0x0023D1D4,180
FUN_0023d1e0,0x0023D1E0,0x0023D2D0,240
FUN_0023d2d0,0x0023D2D0,0x0023D364,148
FUN_0023d370,0x0023D370,0x0023D440,208
FUN_0023d440,0x0023D440,0x0023D514,212
FUN_0023d520,0x0023D520,0x0023D640,288
FUN_0023d640,0x0023D640,0x0023D730,240
FUN_0023d730,0x0023D730,0x0023D86C,316
FUN_0023d870,0x0023D870,0x0023D904,148
FUN_0023d910,0x0023D910,0x0023D9EC,220
FUN_0023d9f0,0x0023D9F0,0x0023DB90,416
FUN_0023db90,0x0023DB90,0x0023DC6C,220
FUN_0023dc70,0x0023DC70,0x0023DC98,40
FUN_0023dca0,0x0023DCA0,0x0023DCF8,88
FUN_0023dd00,0x0023DD00,0x0023DE9C,412
FUN_0023dea0,0x0023DEA0,0x0023DEA8,8
FUN_0023deb0,0x0023DEB0,0x0023DF1C,108
FUN_0023df20,0x0023DF20,0x0023DF28,8
FUN_0023df30,0x0023DF30,0x0023E010,224
FUN_0023e010,0x0023E010,0x0023E018,8
FUN_0023e020,0x0023E020,0x0023E10C,236
FUN_0023e110,0x0023E110,0x0023E238,296
FUN_0023e240,0x0023E240,0x0023E32C,236
FUN_0023e330,0x0023E330,0x0023E43C,268
FUN_0023e440,0x0023E440,0x0023E4FC,188
FUN_0023e500,0x0023E500,0x0023E5BC,188
FUN_0023e5c0,0x0023E5C0,0x0023E67C,188
FUN_0023e680,0x0023E680,0x0023E69C,28
FUN_0023e6a0,0x0023E6A0,0x0023E750,176
FUN_0023e750,0x0023E750,0x0023E83C,236
FUN_0023e840,0x0023E840,0x0023E8F0,176
FUN_0023e8f0,0x0023E8F0,0x0023EAB8,456
FUN_0023eac0,0x0023EAC0,0x0023EBE0,288
FUN_0023ebe0,0x0023EBE0,0x0023EC48,104
FUN_0023ec50,0x0023EC50,0x0023EC98,72
FUN_0023eca0,0x0023ECA0,0x0023ED78,216
FUN_0023ed80,0x0023ED80,0x0023EE0C,140
FUN_0023ee10,0x0023EE10,0x0023EEA0,144
FUN_0023eea0,0x0023EEA0,0x0023EF2C,140
FUN_0023ef30,0x0023EF30,0x0023F0BC,396
FUN_0023f0c0,0x0023F0C0,0x0023F14C,140
FUN_0023f150,0x0023F150,0x0023F1E0,144
FUN_0023f1e0,0x0023F1E0,0x0023F238,88
FUN_0023f240,0x0023F240,0x0023F360,288
FUN_0023f360,0x0023F360,0x0023F40C,172
FUN_0023f410,0x0023F410,0x0023F4A8,152
FUN_0023f4b0,0x0023F4B0,0x0023F4EC,60
FUN_0023f4f0,0x0023F4F0,0x0023F52C,60
FUN_0023f530,0x0023F530,0x0023F5AC,124
FUN_0023f5b0,0x0023F5B0,0x0023F62C,124
FUN_0023f630,0x0023F630,0x0023F6BC,140
FUN_0023f6c0,0x0023F6C0,0x0023F73C,124
FUN_0023f740,0x0023F740,0x0023F7AC,108
FUN_0023f7b0,0x0023F7B0,0x0023F928,376
FUN_0023f930,0x0023F930,0x0023FB38,520
FUN_0023fb40,0x0023FB40,0x0023FC50,272
FUN_0023fc50,0x0023FC50,0x0023FCAC,92
FUN_0023fcb0,0x0023FCB0,0x0023FD54,164
FUN_0023fd60,0x0023FD60,0x0023FDE8,136
FUN_0023fdf0,0x0023FDF0,0x0023FE48,88
FUN_0023fe50,0x0023FE50,0x0023FF64,276
FUN_0023ff70,0x0023FF70,0x00240020,176
FUN_00240020,0x00240020,0x002400F4,212
FUN_00240100,0x00240100,0x0024019C,156
FUN_002401a0,0x002401A0,0x00240274,212
FUN_00240280,0x00240280,0x00240354,212
FUN_00240360,0x00240360,0x00240414,180
FUN_00240420,0x00240420,0x00240500,224
FUN_00240570,0x00240570,0x00240610,160
FUN_00240610,0x00240610,0x002406B0,160
FUN_002406b0,0x002406B0,0x0024072C,124
FUN_00240730,0x00240730,0x002407AC,124
FUN_002407b0,0x002407B0,0x002412DC,2860
FUN_002412e0,0x002412E0,0x002415F8,792
FUN_00241600,0x00241600,0x00241738,312
FUN_00241740,0x00241740,0x002417B4,116
FUN_002417c0,0x002417C0,0x002418B0,240
FUN_002418b0,0x002418B0,0x00241DC8,1304
FUN_00241dd0,0x00241DD0,0x00242584,1972
FUN_00242590,0x00242590,0x00242744,436
FUN_00242750,0x00242750,0x00242824,212
FUN_00242830,0x00242830,0x00242A24,500
FUN_00242a30,0x00242A30,0x00242A44,20
FUN_00242a50,0x00242A50,0x00242B68,280
FUN_00242b70,0x00242B70,0x00242D1C,428
FUN_00242d20,0x00242D20,0x00242D80,96
FUN_00242d80,0x00242D80,0x00242DC8,72
FUN_00242dd0,0x00242DD0,0x0024300C,572
FUN_00243010,0x00243010,0x002430BC,172
FUN_002430c0,0x002430C0,0x00243330,624
FUN_00243330,0x00243330,0x00243434,260
FUN_00243440,0x00243440,0x002434DC,156
FUN_002434e0,0x002434E0,0x00243628,328
FUN_00243630,0x00243630,0x00243810,480
FUN_00243810,0x00243810,0x00243D80,1392
FUN_00243d80,0x00243D80,0x00243EC8,328
FUN_00243ed0,0x00243ED0,0x00244060,400
FUN_00244060,0x00244060,0x002441F0,400
FUN_002441f0,0x002441F0,0x00244508,792
FUN_00244510,0x00244510,0x00244648,312
FUN_00244650,0x00244650,0x002450C0,2672
FUN_002450c0,0x002450C0,0x00245A14,2388
FUN_00245a14,0x00245A14,0x00245A6C,88
FUN_00246e58,0x00246E58,0x00246E78,32
FUN_00246e80,0x00246E80,0x00246FC4,324
FUN_00246fc4,0x00246FC4,0x00246FF4,48
FUN_00247460,0x00247460,0x0024764C,492
FUN_0024764c,0x0024764C,0x0024767C,48
FUN_00247e88,0x00247E88,0x00247EAC,36
FUN_00247eb0,0x00247EB0,0x00248740,2192
FUN_00248740,0x00248740,0x00248BC4,1156
FUN_00248bc4,0x00248BC4,0x00249204,1600
FUN_00249204,0x00249204,0x00249310,268
FUN_00249310,0x00249310,0x0024938C,124
FUN_0024938c,0x0024938C,0x002493A4,24
FUN_002493a4,0x002493A4,0x002496F8,852
FUN_002496f8,0x002496F8,0x00249728,48
FUN_00249730,0x00249730,0x002498D4,420
FUN_002498e0,0x002498E0,0x002499D4,244
FUN_002499e0,0x002499E0,0x00249B9C,444
FUN_00249ba0,0x00249BA0,0x00249DE4,580
FUN_00249df0,0x00249DF0,0x0024A4F0,1792
FUN_0024a4f0,0x0024A4F0,0x0024A7F0,768
FUN_0024a7f0,0x0024A7F0,0x0024AB44,852
FUN_0024ab50,0x0024AB50,0x0024B08C,1340
FUN_0024b090,0x0024B090,0x0024B3DC,844
FUN_0024b3e0,0x0024B3E0,0x0024B548,360
FUN_0024b550,0x0024B550,0x0024B730,480
FUN_0024b730,0x0024B730,0x0024B770,64
FUN_0024b770,0x0024B770,0x0024B7AC,60
FUN_0024b7b0,0x0024B7B0,0x0024B7DC,44
FUN_0024b7e0,0x0024B7E0,0x0024B83C,92
FUN_0024b840,0x0024B840,0x0024B854,20
FUN_0024b860,0x0024B860,0x0024B928,200
FUN_0024b930,0x0024B930,0x0024B984,84
FUN_0024b990,0x0024B990,0x0024BA00,112
FUN_0024ba00,0x0024BA00,0x0024BA54,84
FUN_0024ba60,0x0024BA60,0x0024BACC,108
FUN_0024bad0,0x0024BAD0,0x0024BB04,52
FUN_0024bb10,0x0024BB10,0x0024BF50,1088
FUN_0024bf50,0x0024BF50,0x0024BF80,48
FUN_0024bf80,0x0024BF80,0x0024C110,400
FUN_0024c110,0x0024C110,0x0024C1A4,148
FUN_0024c1b0,0x0024C1B0,0x0024C2B4,260
FUN_0024c2c0,0x0024C2C0,0x0024C30C,76
FUN_0024c310,0x0024C310,0x0024C450,320
FUN_0024c450,0x0024C450,0x0024C598,328
FUN_0024c5a0,0x0024C5A0,0x0024C664,196
FUN_0024c670,0x0024C670,0x0024C6DC,108
FUN_0024c6e0,0x0024C6E0,0x0024C74C,108
FUN_0024c750,0x0024C750,0x0024C7BC,108
FUN_0024c7c0,0x0024C7C0,0x0024C830,112
FUN_0024c830,0x0024C830,0x0024C89C,108
FUN_0024c8a0,0x0024C8A0,0x0024C90C,108
FUN_0024c910,0x0024C910,0x0024C97C,108
FUN_0024c980,0x0024C980,0x0024CA00,128
FUN_0024ca00,0x0024CA00,0x0024CAB0,176
FUN_0024cab0,0x0024CAB0,0x0024CC7C,460
FUN_0024cc80,0x0024CC80,0x0024CE54,468
FUN_0024ce60,0x0024CE60,0x0024CEE8,136
FUN_0024cef0,0x0024CEF0,0x0024CF90,160
FUN_0024cf90,0x0024CF90,0x0024CF98,8
FUN_0024cfa0,0x0024CFA0,0x0024D040,160
FUN_0024d040,0x0024D040,0x0024D174,308
FUN_0024d180,0x0024D180,0x0024D380,512
FUN_0024d380,0x0024D380,0x0024D59C,540
FUN_0024d5a0,0x0024D5A0,0x0024D63C,156
FUN_0024d640,0x0024D640,0x0024D70C,204
FUN_0024d710,0x0024D710,0x0024D7C8,184
FUN_0024d7d0,0x0024D7D0,0x0024D83C,108
FUN_0024d840,0x0024D840,0x0024D8AC,108
FUN_0024d8b0,0x0024D8B0,0x0024D91C,108
FUN_0024d920,0x0024D920,0x0024D9C8,168
FUN_0024d9d0,0x0024D9D0,0x0024DA28,88
FUN_0024da30,0x0024DA30,0x0024DA88,88
FUN_0024da90,0x0024DA90,0x0024DB5C,204
FUN_0024db60,0x0024DB60,0x0024DB78,24
FUN_0024db80,0x0024DB80,0x0024DBD0,80
FUN_0024dbd0,0x0024DBD0,0x0024DBD8,8
FUN_0024dbe0,0x0024DBE0,0x0024DD10,304
FUN_0024dd10,0x0024DD10,0x0024DE18,264
FUN_0024de20,0x0024DE20,0x0024E014,500
FUN_0024e020,0x0024E020,0x0024E104,228
FUN_0024e1a0,0x0024E1A0,0x0024E1FC,92
FUN_0024e200,0x0024E200,0x0024E278,120
FUN_0024e280,0x0024E280,0x0024E2C4,68
FUN_0024e2d0,0x0024E2D0,0x0024E3D4,260
FUN_0024e3e0,0x0024E3E0,0x0024E474,148
FUN_0024e550,0x0024E550,0x0024E590,64
FUN_0024e8b0,0x0024E8B0,0x0024E950,160
FUN_0024e950,0x0024E950,0x0024EB44,500
FUN_0024eb50,0x0024EB50,0x0024ED58,520
FUN_0024ed60,0x0024ED60,0x0024EDFC,156
FUN_0024ee00,0x0024EE00,0x0024EE0C,12
FUN_0024ee10,0x0024EE10,0x0024EE38,40
FUN_0024ee40,0x0024EE40,0x0024EE4C,12
FUN_0024ee50,0x0024EE50,0x0024F034,484
FUN_0024f040,0x0024F040,0x0024F0FC,188
FUN_0024f100,0x0024F100,0x0024F160,96
FUN_0024f160,0x0024F160,0x0024F1E4,132
FUN_0024f1f0,0x0024F1F0,0x0024F24C,92
FUN_0024f250,0x0024F250,0x0024F2E0,144
FUN_0024f2e0,0x0024F2E0,0x0024F400,288
FUN_0024f400,0x0024F400,0x0024F438,56
FUN_0024f440,0x0024F440,0x0024F4EC,172
FUN_0024f4f0,0x0024F4F0,0x0024F63C,332
FUN_0024f640,0x0024F640,0x0024F7C4,388
FUN_0024f7d0,0x0024F7D0,0x0024F8F0,288
FUN_0024f8f0,0x0024F8F0,0x0024F9CC,220
FUN_0024f9d0,0x0024F9D0,0x0024F9E4,20
FUN_0024f9f0,0x0024F9F0,0x0024FAC0,208
FUN_0024fac0,0x0024FAC0,0x0024FC74,436
FUN_0024fc80,0x0024FC80,0x0024FD64,228
FUN_0024fd70,0x0024FD70,0x0024FF18,424
FUN_0024ff18,0x0024FF18,0x00250118,512
FUN_002502a4,0x002502A4,0x002502BC,24
FUN_002502cc,0x002502CC,0x002503C8,252
FUN_002503c8,0x002503C8,0x002503F8,48
FUN_00250400,0x00250400,0x002507C8,968
FUN_002507d0,0x002507D0,0x00250940,368
FUN_00250940,0x00250940,0x002509C0,128
FUN_002509c0,0x002509C0,0x002509FC,60
FUN_00250a00,0x00250A00,0x00250DC4,964
FUN_00250dd0,0x00250DD0,0x00250F4C,380
FUN_00250f50,0x00250F50,0x00250FB0,96
FUN_00250fb0,0x00250FB0,0x0025101C,108
FUN_00251020,0x00251020,0x002510C8,168
FUN_002510d0,0x002510D0,0x002511F8,296
FUN_00251200,0x00251200,0x00251284,132
FUN_00251290,0x00251290,0x00251480,496
FUN_00251480,0x00251480,0x002514A4,36
FUN_002514b0,0x002514B0,0x00251518,104
FUN_00251520,0x00251520,0x00251584,100
FUN_00251590,0x00251590,0x00251600,112
FUN_00251600,0x00251600,0x002517D0,464
FUN_002517d0,0x002517D0,0x00251950,384
FUN_00251950,0x00251950,0x00251A34,228
FUN_00251a40,0x00251A40,0x00251B7C,316
FUN_00251b80,0x00251B80,0x00251BD4,84
FUN_00251be0,0x00251BE0,0x00251C34,84
FUN_00251c40,0x00251C40,0x00251D5C,284
FUN_00251d60,0x00251D60,0x00251DA0,64
FUN_00251da0,0x00251DA0,0x00251DE0,64
FUN_00251de0,0x00251DE0,0x00251E3C,92
FUN_00251e40,0x00251E40,0x00251EFC,188
FUN_00251f00,0x00251F00,0x00251F28,40
FUN_00251f30,0x00251F30,0x00251F58,40
FUN_00251f60,0x00251F60,0x00252094,308
FUN_00252094,0x00252094,0x002520A0,12
FUN_002520c0,0x002520C0,0x00252204,324
FUN_00252210,0x00252210,0x00252248,56
FUN_00252250,0x00252250,0x002522B4,100
FUN_002522c0,0x002522C0,0x002522D8,24
FUN_002522e0,0x002522E0,0x00252344,100
FUN_00252348,0x00252348,0x00252350,8
FUN_00252350,0x00252350,0x002523D4,132
FUN_002523d8,0x002523D8,0x002523E0,8
FUN_002523e0,0x002523E0,0x00252400,32
FUN_00252400,0x00252400,0x002524BC,188
FUN_002524c0,0x002524C0,0x00252570,176
FUN_00252570,0x00252570,0x00252644,212
FUN_00252648,0x00252648,0x002526F0,168
FUN_002526f0,0x002526F0,0x002527B0,192
FUN_002527b0,0x002527B0,0x00252864,180
FUN_00252868,0x00252868,0x00252918,176
FUN_00252918,0x00252918,0x002529B4,156
FUN_002529b8,0x002529B8,0x00252A6C,180
FUN_00252a70,0x00252A70,0x00252B0C,156
FUN_00252b10,0x00252B10,0x00252BC0,176
FUN_00252bc0,0x00252BC0,0x00252C68,168
FUN_00252c68,0x00252C68,0x00252D64,252
FUN_00252d68,0x00252D68,0x00252E1C,180
FUN_00252e20,0x00252E20,0x00252F3C,284
FUN_00252f40,0x00252F40,0x0025300C,204
FUN_00253010,0x00253010,0x00253104,244
FUN_00253110,0x00253110,0x00253174,100
FUN_00253180,0x00253180,0x00253240,192
FUN_00253240,0x00253240,0x0025328C,76
FUN_00253290,0x00253290,0x002533F0,352
FUN_002533f0,0x002533F0,0x00253470,128
FUN_00253470,0x00253470,0x00253488,24
FUN_00253490,0x00253490,0x00253558,200
FUN_00253560,0x00253560,0x00253588,40
FUN_00253590,0x00253590,0x00253700,368
FUN_00253700,0x00253700,0x002538F8,504
FUN_00253900,0x00253900,0x0025397C,124
FUN_00253980,0x00253980,0x00253A74,244
FUN_00253a80,0x00253A80,0x00253F0C,1164
FUN_00253f10,0x00253F10,0x00253F24,20
FUN_00253f30,0x00253F30,0x00253F64,52
FUN_00253f70,0x00253F70,0x00254098,296
FUN_002540a0,0x002540A0,0x002542C4,548
FUN_002542d0,0x002542D0,0x002543B0,224
FUN_002543b0,0x002543B0,0x00254570,448
FUN_00254570,0x00254570,0x002545BC,76
FUN_002545c0,0x002545C0,0x00254730,368
FUN_00254730,0x00254730,0x00254A14,740
FUN_00254a20,0x00254A20,0x00254A78,88
FUN_00254a80,0x00254A80,0x00254B24,164
FUN_00254b30,0x00254B30,0x00254DC8,664
FUN_00254dd0,0x00254DD0,0x00254E24,84
FUN_00254e30,0x00254E30,0x00254F10,224
FUN_00254f10,0x00254F10,0x00254F3C,44
FUN_00254f40,0x00254F40,0x00254FD8,152
FUN_00254fe0,0x00254FE0,0x00255238,600
FUN_00255240,0x00255240,0x002552B8,120
FUN_002552c0,0x002552C0,0x0025531C,92
FUN_00255320,0x00255320,0x002554DC,444
FUN_002554e0,0x002554E0,0x0025586C,908
FUN_00255870,0x00255870,0x00255A84,532
FUN_00255a90,0x00255A90,0x00255E20,912
FUN_00255e20,0x00255E20,0x00255E34,20
FUN_00255e40,0x00255E40,0x00255E48,8
FUN_00255e50,0x00255E50,0x00255E98,72
FUN_00255ea0,0x00255EA0,0x00255F28,136
FUN_00255f30,0x00255F30,0x00256284,852
FUN_00256290,0x00256290,0x00256298,8
FUN_002562a0,0x002562A0,0x002562B4,20
FUN_002562c0,0x002562C0,0x002563C0,256
FUN_002563c0,0x002563C0,0x00256480,192
FUN_00256480,0x00256480,0x002565A4,292
FUN_002565b0,0x002565B0,0x002565C0,16
FUN_002565c0,0x002565C0,0x00256614,84
FUN_00256620,0x00256620,0x0025672C,268
FUN_00256730,0x00256730,0x002567B8,136
FUN_002567c0,0x002567C0,0x002568B8,248
FUN_002568c0,0x002568C0,0x002569BC,252
FUN_002569c0,0x002569C0,0x00256A2C,108
FUN_00256a30,0x00256A30,0x00256AA0,112
FUN_00256aa0,0x00256AA0,0x00256B4C,172
FUN_00256b50,0x00256B50,0x00256BCC,124
FUN_00256bd0,0x00256BD0,0x00256C04,52
FUN_00256c10,0x00256C10,0x00256C80,112
FUN_00256c80,0x00256C80,0x00256D44,196
FUN_00256d50,0x00256D50,0x00256DE4,148
FUN_00256df0,0x00256DF0,0x00256DFC,12
FUN_00256e00,0x00256E00,0x00256EBC,188
FUN_00256ec0,0x00256EC0,0x00256F40,128
FUN_00256f40,0x00256F40,0x00256F48,8
FUN_00256f50,0x00256F50,0x002571CC,636
FUN_00257230,0x00257230,0x002572EC,188
FUN_002572f0,0x002572F0,0x0025737C,140
FUN_00257380,0x00257380,0x002573C0,64
FUN_002573c0,0x002573C0,0x00257428,104
FUN_00257430,0x00257430,0x00257470,64
FUN_00257470,0x00257470,0x002574B0,64
FUN_002574b0,0x002574B0,0x002574EC,60
FUN_002574f0,0x002574F0,0x002575C8,216
FUN_002575d0,0x002575D0,0x00257618,72
FUN_00257620,0x00257620,0x00257694,116
FUN_002576a0,0x002576A0,0x0025773C,156
FUN_00257740,0x00257740,0x00257844,260
FUN_00257850,0x00257850,0x00257910,192
FUN_00257910,0x00257910,0x0025798C,124
FUN_00257990,0x00257990,0x00257B80,496
FUN_00257b80,0x00257B80,0x00257BEC,108
FUN_00257bf0,0x00257BF0,0x00257CB8,200
FUN_00257cc0,0x00257CC0,0x00257DB8,248
FUN_00257dc0,0x00257DC0,0x00257E80,192
FUN_00257e80,0x00257E80,0x00257FD4,340
FUN_00257fe0,0x00257FE0,0x00257FF4,20
FUN_00258000,0x00258000,0x00258070,112
FUN_00258070,0x00258070,0x002581D8,360
FUN_002581e0,0x002581E0,0x002582AC,204
FUN_002582b0,0x002582B0,0x00258390,224
FUN_00258390,0x00258390,0x002585F4,612
FUN_00258600,0x00258600,0x0025862C,44
FUN_00258630,0x00258630,0x00258748,280
FUN_00258750,0x00258750,0x00258864,276
FUN_00258870,0x00258870,0x00258A7C,524
FUN_00258a80,0x00258A80,0x00258C38,440
FUN_00258c40,0x00258C40,0x00258CD4,148
FUN_00258ce0,0x00258CE0,0x00258CE8,8
FUN_00258cf0,0x00258CF0,0x00258F84,660
FUN_00258f90,0x00258F90,0x00258F98,8
FUN_00258fa0,0x00258FA0,0x002590BC,284
FUN_002590c0,0x002590C0,0x00259110,80
FUN_00259110,0x00259110,0x00259144,52
FUN_00259150,0x00259150,0x002591A4,84
FUN_002591b0,0x002591B0,0x0025931C,364
FUN_00259320,0x00259320,0x0025939C,124
FUN_002593a0,0x002593A0,0x00259418,120
FUN_00259420,0x00259420,0x0025967C,604
FUN_00259680,0x00259680,0x00259864,484
FUN_00259870,0x00259870,0x00259B70,768
FUN_00259b70,0x00259B70,0x00259C78,264
FUN_00259c80,0x00259C80,0x00259CE4,100
FUN_00259cf0,0x00259CF0,0x00259D64,116
FUN_00259d70,0x00259D70,0x00259DFC,140
FUN_00259e00,0x00259E00,0x00259E4C,76
FUN_00259e50,0x00259E50,0x00259EA4,84
FUN_00259eb0,0x00259EB0,0x00259F00,80
FUN_00259f00,0x00259F00,0x00259F48,72
FUN_00259f50,0x00259F50,0x00259FA0,80
FUN_00259fa0,0x00259FA0,0x00259FD8,56
FUN_00259fe0,0x00259FE0,0x0025A06C,140
FUN_0025a070,0x0025A070,0x0025A0B0,64
FUN_0025a0b0,0x0025A0B0,0x0025A144,148
FUN_0025a150,0x0025A150,0x0025A338,488
FUN_0025a340,0x0025A340,0x0025A694,852
FUN_0025a6a0,0x0025A6A0,0x0025A74C,172
FUN_0025a750,0x0025A750,0x0025A844,244
FUN_0025a850,0x0025A850,0x0025A8B8,104
FUN_0025a8c0,0x0025A8C0,0x0025A9BC,252
FUN_0025a9c0,0x0025A9C0,0x0025AB80,448
FUN_0025ab80,0x0025AB80,0x0025AC00,128
FUN_0025ac00,0x0025AC00,0x0025ACE0,224
FUN_0025ace0,0x0025ACE0,0x0025ADBC,220
FUN_0025adc0,0x0025ADC0,0x0025AEE4,292
FUN_0025aef0,0x0025AEF0,0x0025B014,292
FUN_0025b020,0x0025B020,0x0025B144,292
FUN_0025b150,0x0025B150,0x0025B1E0,144
FUN_0025b1e0,0x0025B1E0,0x0025B270,144
FUN_0025b270,0x0025B270,0x0025B394,292
FUN_0025b3a0,0x0025B3A0,0x0025B500,352
FUN_0025b500,0x0025B500,0x0025B594,148
FUN_0025b5a0,0x0025B5A0,0x0025B634,148
FUN_0025b640,0x0025B640,0x0025B75C,284
FUN_0025b760,0x0025B760,0x0025B904,420
FUN_0025b910,0x0025B910,0x0025BA4C,316
FUN_0025ba50,0x0025BA50,0x0025BB04,180
FUN_0025bb10,0x0025BB10,0x0025BC30,288
FUN_0025bc30,0x0025BC30,0x0025BD34,260
FUN_0025bd40,0x0025BD40,0x0025BD4C,12
FUN_0025bd50,0x0025BD50,0x0025BDA0,80
FUN_0025bda0,0x0025BDA0,0x0025BE08,104
FUN_0025be10,0x0025BE10,0x0025BE18,8
FUN_0025be20,0x0025BE20,0x0025C258,1080
FUN_0025c260,0x0025C260,0x0025C56C,780
FUN_0025c570,0x0025C570,0x0025C6B0,320
FUN_0025c6b0,0x0025C6B0,0x0025CACC,1052
FUN_0025cad0,0x0025CAD0,0x0025CCE4,532
FUN_0025ccf0,0x0025CCF0,0x0025CE64,372
FUN_0025ce70,0x0025CE70,0x0025D04C,476
FUN_0025d050,0x0025D050,0x0025D22C,476
FUN_0025d230,0x0025D230,0x0025D384,340
FUN_0025d390,0x0025D390,0x0025D410,128
FUN_0025d410,0x0025D410,0x0025E09C,3212
FUN_0025e130,0x0025E130,0x0025E184,84
FUN_0025e190,0x0025E190,0x0025E2D0,320
FUN_0025e2d0,0x0025E2D0,0x0025E3B0,224
FUN_0025e3b0,0x0025E3B0,0x0025E428,120
FUN_0025e430,0x0025E430,0x0025E490,96
FUN_0025e490,0x0025E490,0x0025E5C8,312
FUN_0025e5d0,0x0025E5D0,0x0025E610,64
FUN_0025e610,0x0025E610,0x0025E9C4,948
FUN_0025e9d0,0x0025E9D0,0x0025EA04,52
FUN_0025ea10,0x0025EA10,0x0025EA7C,108
FUN_0025ea80,0x0025EA80,0x0025EB34,180
FUN_0025eb40,0x0025EB40,0x0025EBEC,172
FUN_0025ebf0,0x0025EBF0,0x0025ED30,320
FUN_0025ed30,0x0025ED30,0x0025F068,824
FUN_0025f070,0x0025F070,0x0025F0A0,48
FUN_0025f0a0,0x0025F0A0,0x0025F5A0,1280
FUN_0025f5a0,0x0025F5A0,0x0025F5F8,88
FUN_0025f600,0x0025F600,0x0025F644,68
FUN_0025f650,0x0025F650,0x0025F6AC,92
FUN_0025f6b0,0x0025F6B0,0x0025FBC4,1300
FUN_0025fbd0,0x0025FBD0,0x0025FE68,664
FUN_0025fe70,0x0025FE70,0x0025FE7C,12
FUN_0025fec0,0x0025FEC0,0x002604FC,1596
FUN_00260500,0x00260500,0x002607B4,692
FUN_002607c0,0x002607C0,0x002607E0,32
FUN_002607e0,0x002607E0,0x00260880,160
FUN_00260880,0x00260880,0x002608A8,40
FUN_002608b0,0x002608B0,0x00260954,164
FUN_00260960,0x00260960,0x00260C64,772
FUN_00260c70,0x00260C70,0x00260DC4,340
FUN_00260dd0,0x00260DD0,0x00260F50,384
FUN_00260f50,0x00260F50,0x00260FA8,88
FUN_00260fb0,0x00260FB0,0x00260FB8,8
FUN_00260fc0,0x00260FC0,0x0026122C,620
FUN_00261230,0x00261230,0x002614AC,636
FUN_002614b0,0x002614B0,0x00261800,848
FUN_00261800,0x00261800,0x00261934,308
FUN_00261934,0x00261934,0x00261A9C,360
FUN_00261af0,0x00261AF0,0x00261B5C,108
FUN_00261b60,0x00261B60,0x00261F1C,956
FUN_00261f20,0x00261F20,0x002623C8,1192
FUN_002623d0,0x002623D0,0x00262860,1168
FUN_00262860,0x00262860,0x00262DA4,1348
FUN_00262db0,0x00262DB0,0x00263084,724
FUN_00263090,0x00263090,0x002630C0,48
FUN_002630c0,0x002630C0,0x0026325C,412
FUN_0026325c,0x0026325C,0x0026341C,448
FUN_00263434,0x00263434,0x002634E0,172
FUN_00263500,0x00263500,0x002635C0,192
FUN_002635c0,0x002635C0,0x002636AC,236
FUN_002636b0,0x002636B0,0x0026375C,172
FUN_00263760,0x00263760,0x0026379C,60
FUN_002637a0,0x002637A0,0x002637B8,24
FUN_002637c0,0x002637C0,0x002637FC,60
FUN_00263800,0x00263800,0x00263828,40
FUN_00263830,0x00263830,0x0026384C,28
FUN_00263850,0x00263850,0x0026385C,12
FUN_00263860,0x00263860,0x002638F8,152
FUN_00263900,0x00263900,0x00263AAC,428
FUN_00263ab0,0x00263AB0,0x00263AF0,64
FUN_00263af0,0x00263AF0,0x00263B18,40
FUN_00263b20,0x00263B20,0x00263C28,264
FUN_00263c30,0x00263C30,0x00263C38,8
FUN_00263c40,0x00263C40,0x00263CAC,108
FUN_00263cb0,0x00263CB0,0x00263CB8,8
FUN_00263cc0,0x00263CC0,0x00263CF0,48
FUN_00263cf0,0x00263CF0,0x00263CF8,8
FUN_00263d00,0x00263D00,0x00263D08,8
FUN_00263d10,0x00263D10,0x00263D58,72
FUN_00263d60,0x00263D60,0x00263D94,52
FUN_00263da0,0x00263DA0,0x00263DD4,52
FUN_00263de0,0x00263DE0,0x00263ECC,236
FUN_00263ed0,0x00263ED0,0x00263F44,116
FUN_00263f50,0x00263F50,0x00263F9C,76
FUN_00263fa0,0x00263FA0,0x00263FAC,12
FUN_00263fb0,0x00263FB0,0x00263FE4,52
FUN_00263ff0,0x00263FF0,0x002640E0,240
FUN_002640e0,0x002640E0,0x00264200,288
FUN_00264200,0x00264200,0x0026423C,60
FUN_00264240,0x00264240,0x00264248,8
FUN_00264250,0x00264250,0x002642AC,92
FUN_002642b0,0x002642B0,0x0026430C,92
FUN_00264310,0x00264310,0x00264328,24
FUN_00264330,0x00264330,0x00264498,360
FUN_002644a0,0x002644A0,0x00264598,248
FUN_002645a0,0x002645A0,0x0026462C,140
FUN_00264630,0x00264630,0x0026467C,76
FUN_00264680,0x00264680,0x002646B8,56
FUN_002646c0,0x002646C0,0x00264804,324
FUN_00264810,0x00264810,0x00264898,136
FUN_002648a0,0x002648A0,0x002648E0,64
FUN_002648e0,0x002648E0,0x00264930,80
FUN_00264930,0x00264930,0x002649DC,172
FUN_002649e0,0x002649E0,0x00264AB8,216
FUN_00264ac0,0x00264AC0,0x00264AD4,20
FUN_00264ae0,0x00264AE0,0x00264AE8,8
FUN_00264af0,0x00264AF0,0x00264B74,132
FUN_00264b80,0x00264B80,0x00264BA4,36
FUN_00264bb0,0x00264BB0,0x00264BBC,12
FUN_00264bc0,0x00264BC0,0x00264C14,84
FUN_00264c20,0x00264C20,0x00264CD8,184
FUN_00264ce0,0x00264CE0,0x00264E5C,380
FUN_00264e60,0x00264E60,0x00265188,808
FUN_00265190,0x00265190,0x002651E8,88
FUN_002651f0,0x002651F0,0x00265254,100
FUN_00265260,0x00265260,0x00265358,248
FUN_00265360,0x00265360,0x002653E8,136
FUN_002653f0,0x002653F0,0x0026544C,92
FUN_00265450,0x00265450,0x00265490,64
FUN_00265490,0x00265490,0x00265500,112
FUN_00265500,0x00265500,0x00265548,72
FUN_00265550,0x00265550,0x00265674,292
FUN_00265680,0x00265680,0x00265780,256
FUN_00265780,0x00265780,0x00265788,8
FUN_00265790,0x00265790,0x00265A80,752
FUN_00265a80,0x00265A80,0x00265C20,416
FUN_00265c20,0x00265C20,0x00265C50,48
FUN_00265c50,0x00265C50,0x00265DEC,412
FUN_00265df0,0x00265DF0,0x00265FDC,492
FUN_00265fe0,0x00265FE0,0x00265FF8,24
FUN_00266000,0x00266000,0x00266120,288
FUN_00266120,0x00266120,0x00266240,288
FUN_00266240,0x00266240,0x002662D8,152
FUN_002662e0,0x002662E0,0x00266304,36
FUN_00266310,0x00266310,0x0026635C,76
FUN_00266360,0x00266360,0x002666EC,908
FUN_002666ec,0x002666EC,0x0026670C,32
FUN_00266778,0x00266778,0x00266728,-80
FUN_00266790,0x00266790,0x002667BC,44
FUN_002667c0,0x002667C0,0x002670B8,2296
FUN_002670c0,0x002670C0,0x002670F4,52
FUN_00267100,0x00267100,0x00267108,8
FUN_00267110,0x00267110,0x00267208,248
thunk_FUN_002667c0,0x00267210,0x00267218,8
FUN_00267220,0x00267220,0x00267420,512
FUN_00267420,0x00267420,0x00267428,8
FUN_00267480,0x00267480,0x002675C0,320
FUN_002675c0,0x002675C0,0x002675C8,8
FUN_002675d0,0x002675D0,0x002676A8,216
FUN_002676b0,0x002676B0,0x0026770C,92
FUN_00267710,0x00267710,0x002677A0,144
FUN_002677a0,0x002677A0,0x002678E8,328
FUN_002678f0,0x002678F0,0x00267978,136
FUN_00267980,0x00267980,0x00267A24,164
FUN_00267a30,0x00267A30,0x00267A84,84
FUN_00267a90,0x00267A90,0x00267AE4,84
FUN_00267af0,0x00267AF0,0x00267B44,84
FUN_00267b50,0x00267B50,0x00267E10,704
thunk_FUN_0013b7b0,0x00267E10,0x00267E18,8
FUN_00267e20,0x00267E20,0x002681C4,932
FUN_002681d0,0x002681D0,0x00268228,88
FUN_00268230,0x00268230,0x002682CC,156
FUN_002682d0,0x002682D0,0x002683B8,232
FUN_002683c0,0x002683C0,0x0026876C,940
FUN_00268770,0x00268770,0x00268840,208
FUN_00268840,0x00268840,0x00268958,280
FUN_00268958,0x00268958,0x00268A4C,244
FUN_00268bc0,0x00268BC0,0x00268C40,128
FUN_00268c40,0x00268C40,0x00268DD0,400
FUN_00268dd0,0x00268DD0,0x00268F44,372
FUN_00268f50,0x00268F50,0x00269034,228
FUN_00269040,0x00269040,0x00269108,200
FUN_00269110,0x00269110,0x002692A0,400
FUN_002692a0,0x002692A0,0x00269414,372
FUN_002695b0,0x002695B0,0x00269740,400
FUN_00269740,0x00269740,0x002698B4,372
FUN_002698c0,0x002698C0,0x00269A50,400
FUN_00269a50,0x00269A50,0x00269BC4,372
FUN_00269bd0,0x00269BD0,0x00269D60,400
FUN_00269d60,0x00269D60,0x00269ED4,372
FUN_00269ee0,0x00269EE0,0x00269EE8,8
FUN_0026a080,0x0026A080,0x0026A094,20
FUN_0026a0a0,0x0026A0A0,0x0026A0E0,64
FUN_0026a0e0,0x0026A0E0,0x0026A184,164
FUN_0026a190,0x0026A190,0x0026A23C,172
FUN_0026a240,0x0026A240,0x0026A2CC,140
FUN_0026a2d0,0x0026A2D0,0x0026A2E4,20
FUN_0026a2f0,0x0026A2F0,0x0026A304,20
FUN_0026a310,0x0026A310,0x0026A324,20
FUN_0026a330,0x0026A330,0x0026A344,20
FUN_0026a350,0x0026A350,0x0026A364,20
FUN_0026a370,0x0026A370,0x0026A380,16
FUN_0026a380,0x0026A380,0x0026A3BC,60
FUN_0026a3c0,0x0026A3C0,0x0026A41C,92
FUN_0026a420,0x0026A420,0x0026A558,312
FUN_0026a560,0x0026A560,0x0026A5FC,156
FUN_0026a790,0x0026A790,0x0026A7E4,84
FUN_0026a7f0,0x0026A7F0,0x0026A810,32
FUN_0026a810,0x0026A810,0x0026A93C,300
FUN_0026a940,0x0026A940,0x0026AA50,272
FUN_0026aa50,0x0026AA50,0x0026AB98,328
FUN_0026aba0,0x0026ABA0,0x0026AC88,232
FUN_0026ac90,0x0026AC90,0x0026AC9C,12
FUN_0026aca0,0x0026ACA0,0x0026AD44,164
FUN_0026ad50,0x0026AD50,0x0026AE60,272
FUN_0026ae60,0x0026AE60,0x0026AF24,196
FUN_0026af30,0x0026AF30,0x0026AFA4,116
FUN_0026afb0,0x0026AFB0,0x0026B178,456
FUN_0026b180,0x0026B180,0x0026B2B8,312
FUN_0026b2c0,0x0026B2C0,0x0026B314,84
FUN_0026b320,0x0026B320,0x0026B3EC,204
FUN_0026b3f0,0x0026B3F0,0x0026B504,276
FUN_0026b510,0x0026B510,0x0026B55C,76
FUN_0026b560,0x0026B560,0x0026B61C,188
FUN_0026b620,0x0026B620,0x0026B780,352
FUN_0026b780,0x0026B780,0x0026B818,152
FUN_0026b820,0x0026B820,0x0026B938,280
FUN_0026b940,0x0026B940,0x0026B9A0,96
FUN_0026b9a0,0x0026B9A0,0x0026B9C8,40
FUN_0026b9d0,0x0026B9D0,0x0026BA54,132
FUN_0026ba60,0x0026BA60,0x0026BAC0,96
FUN_0026bac0,0x0026BAC0,0x0026BBEC,300
FUN_0026bbf0,0x0026BBF0,0x0026BCE0,240
FUN_0026bd00,0x0026BD00,0x0026BD60,96
FUN_0026bd60,0x0026BD60,0x0026BE4C,236
FUN_0026be50,0x0026BE50,0x0026BF48,248
FUN_0026bf50,0x0026BF50,0x0026C07C,300
FUN_0026c080,0x0026C080,0x0026C0CC,76
FUN_0026c0d0,0x0026C0D0,0x0026C154,132
FUN_0026c160,0x0026C160,0x0026C240,224
FUN_0026c240,0x0026C240,0x0026C3EC,428
FUN_0026c3f0,0x0026C3F0,0x0026C3F8,8
FUN_0026c400,0x0026C400,0x0026C44C,76
FUN_0026c450,0x0026C450,0x0026C4C0,112
FUN_0026c4c0,0x0026C4C0,0x0026CB04,1604
FUN_0026cb10,0x0026CB10,0x0026CB6C,92
FUN_0026cb70,0x0026CB70,0x0026CBCC,92
FUN_0026cbd0,0x0026CBD0,0x0026CC2C,92
FUN_0026cc30,0x0026CC30,0x0026CC8C,92
FUN_0026cc90,0x0026CC90,0x0026CCEC,92
FUN_0026ccf0,0x0026CCF0,0x0026CD4C,92
FUN_0026cd50,0x0026CD50,0x0026CDAC,92
FUN_0026cdb0,0x0026CDB0,0x0026CE0C,92
FUN_0026ce10,0x0026CE10,0x0026CE6C,92
FUN_0026ce70,0x0026CE70,0x0026CECC,92
FUN_0026ced0,0x0026CED0,0x0026CF2C,92
FUN_0026cf30,0x0026CF30,0x0026CF8C,92
FUN_0026cf90,0x0026CF90,0x0026CFEC,92
FUN_0026cff0,0x0026CFF0,0x0026D04C,92
FUN_0026d050,0x0026D050,0x0026D0AC,92
FUN_0026d0b0,0x0026D0B0,0x0026D10C,92
FUN_0026d110,0x0026D110,0x0026D16C,92
FUN_0026d170,0x0026D170,0x0026D1CC,92
FUN_0026d1d0,0x0026D1D0,0x0026D22C,92
FUN_0026d230,0x0026D230,0x0026D374,324
FUN_0026d380,0x0026D380,0x0026D3D4,84
FUN_0026d3e0,0x0026D3E0,0x0026D434,84
FUN_0026d440,0x0026D440,0x0026D494,84
FUN_0026d4a0,0x0026D4A0,0x0026D4F4,84
FUN_0026d500,0x0026D500,0x0026D554,84
FUN_0026d560,0x0026D560,0x0026D6A4,324
FUN_0026d6b0,0x0026D6B0,0x0026D85C,428
FUN_0026d860,0x0026D860,0x0026D8C8,104
FUN_0026d8d0,0x0026D8D0,0x0026D914,68
FUN_0026d920,0x0026D920,0x0026D964,68
FUN_0026d970,0x0026D970,0x0026D9D8,104
FUN_0026d9e0,0x0026D9E0,0x0026DA24,68
FUN_0026da30,0x0026DA30,0x0026DA74,68
FUN_0026da80,0x0026DA80,0x0026DAC4,68
FUN_0026dad0,0x0026DAD0,0x0026DB6C,156
FUN_0026db70,0x0026DB70,0x0026DD00,400
FUN_0026dd00,0x0026DD00,0x0026DD9C,156
FUN_0026dda0,0x0026DDA0,0x0026DDD0,48
FUN_0026ddd0,0x0026DDD0,0x0026DE60,144
FUN_0026de60,0x0026DE60,0x0026DEC8,104
FUN_0026ded0,0x0026DED0,0x0026DFA0,208
FUN_0026dfa0,0x0026DFA0,0x0026E0EC,332
FUN_0026e0f0,0x0026E0F0,0x0026E1EC,252
FUN_0026e1f0,0x0026E1F0,0x0026E370,384
FUN_0026e370,0x0026E370,0x0026E40C,156
FUN_0026e410,0x0026E410,0x0026E59C,396
FUN_0026e5a0,0x0026E5A0,0x0026E63C,156
FUN_0026e640,0x0026E640,0x0026E7D0,400
FUN_0026e7d0,0x0026E7D0,0x0026E86C,156
FUN_0026e870,0x0026E870,0x0026E9F0,384
FUN_0026e9f0,0x0026E9F0,0x0026EA8C,156
FUN_0026ea90,0x0026EA90,0x0026EC10,384
FUN_0026ec10,0x0026EC10,0x0026ECAC,156
FUN_0026ecb0,0x0026ECB0,0x0026EE30,384
FUN_0026ee50,0x0026EE50,0x0026EE98,72
FUN_0026eec0,0x0026EEC0,0x0026EF90,208
FUN_0026ef90,0x0026EF90,0x0026EFF0,96
FUN_0026eff0,0x0026EFF0,0x0026F0C8,216
FUN_0026f0f0,0x0026F0F0,0x0026F178,136
FUN_0026f180,0x0026F180,0x0026F1D0,80
FUN_0026f1d0,0x0026F1D0,0x0026F33C,364
FUN_0026f340,0x0026F340,0x0026F370,48
FUN_0026f390,0x0026F390,0x0026F658,712
FUN_0026f660,0x0026F660,0x0026F928,712
FUN_0026f940,0x0026F940,0x0026FC48,776
FUN_0026fc50,0x0026FC50,0x0026FDA4,340
FUN_0026fdb0,0x0026FDB0,0x002700F4,836
FUN_00270100,0x00270100,0x00270228,296
FUN_00270230,0x00270230,0x00270324,244
FUN_00270330,0x00270330,0x00270388,88
FUN_00270390,0x00270390,0x002703D8,72
FUN_002703e0,0x002703E0,0x00270500,288
FUN_00270500,0x00270500,0x00270508,8
FUN_00270510,0x00270510,0x0027056C,92
FUN_00270570,0x00270570,0x002706DC,364
FUN_002706e0,0x002706E0,0x00270920,576
FUN_00270920,0x00270920,0x00270C68,840
FUN_00270c70,0x00270C70,0x00270CA4,52
FUN_00270cb0,0x00270CB0,0x00270DC0,272
FUN_00270dc0,0x00270DC0,0x00270F74,436
FUN_00270f80,0x00270F80,0x00271000,128
FUN_00271000,0x00271000,0x00271090,144
FUN_00271090,0x00271090,0x002710B0,32
FUN_002710b0,0x002710B0,0x002710D0,32
FUN_002710d0,0x002710D0,0x002712B0,480
FUN_002712b0,0x002712B0,0x00271314,100
FUN_00271320,0x00271320,0x00271374,84
FUN_00271380,0x00271380,0x002713D0,80
FUN_002713d0,0x002713D0,0x002714B0,224
FUN_002714b0,0x002714B0,0x00271600,336
FUN_00271600,0x00271600,0x00271608,8
FUN_00271700,0x00271700,0x0027174C,76
FUN_00271750,0x00271750,0x0027179C,76
FUN_002717a0,0x002717A0,0x002717D4,52
FUN_002717e0,0x002717E0,0x00271814,52
FUN_00271820,0x00271820,0x00271854,52
FUN_00271860,0x00271860,0x00271894,52
FUN_002718a0,0x002718A0,0x002718D4,52
FUN_002718e0,0x002718E0,0x00271914,52
FUN_00271920,0x00271920,0x00271954,52
FUN_00271960,0x00271960,0x002719AC,76
FUN_002719b0,0x002719B0,0x002719FC,76
FUN_00271a00,0x00271A00,0x00271A34,52
FUN_00271a40,0x00271A40,0x00271A74,52
FUN_00271a80,0x00271A80,0x00271AB4,52
FUN_00271ac0,0x00271AC0,0x00271AF4,52
FUN_00271b00,0x00271B00,0x00271B34,52
FUN_00271b40,0x00271B40,0x00271B74,52
FUN_00271b80,0x00271B80,0x00271BB4,52
FUN_00271bc0,0x00271BC0,0x00271BF4,52
FUN_00271c00,0x00271C00,0x00271C78,120
FUN_00271c80,0x00271C80,0x00271CF8,120
FUN_00271d00,0x00271D00,0x00271D78,120
FUN_00271d80,0x00271D80,0x00271F20,416
FUN_00271f20,0x00271F20,0x00271F50,48
FUN_00271f50,0x00271F50,0x00271FBC,108
FUN_00271fc0,0x00271FC0,0x00271FE0,32
FUN_00271fe0,0x00271FE0,0x00272000,32
FUN_00272000,0x00272000,0x00272020,32
FUN_00272020,0x00272020,0x00272040,32
eff_hdl_h__assert_ref_8,0x00272040,0x00272114,212
FUN_00272120,0x00272120,0x0027220C,236
FUN_00272210,0x00272210,0x002722E8,216
FUN_002722f0,0x002722F0,0x002723B8,200
eff_hdl_h__assert_ref_9,0x002723C0,0x0027251C,348
FUN_00272520,0x00272520,0x002725F8,216
FUN_00272600,0x00272600,0x002726C8,200
eff_hdl_h__assert_ref_10,0x002726D0,0x0027282C,348
FUN_00272830,0x00272830,0x002728F8,200
eff_hdl_h__assert_ref_3,0x00272900,0x00272A5C,348
FUN_00272a60,0x00272A60,0x00272AD8,120
FUN_00272ae0,0x00272AE0,0x00272BB8,216
FUN_00272bc0,0x00272BC0,0x00272C88,200
eff_hdl_h__assert_ref_4,0x00272C90,0x00272DEC,348
eff_hdl_h__assert_ref_5,0x00272DF0,0x00272EC4,212
eff_hdl_h__assert_ref_6,0x00272ED0,0x00272FA4,212
eff_hdl_h__assert_ref_7,0x00272FB0,0x00273084,212
eff_hdl_h__assert_ref_1,0x00273090,0x00273164,212
eff_hdl_h__assert_ref_2,0x00273170,0x00273230,192
FUN_00273230,0x00273230,0x0027331C,236
FUN_00273320,0x00273320,0x0027340C,236
FUN_00273410,0x00273410,0x002734FC,236
FUN_00273500,0x00273500,0x002735EC,236
FUN_002735f0,0x002735F0,0x002738E4,756
FUN_002738f0,0x002738F0,0x002739D8,232
FUN_002739e0,0x002739E0,0x00273B34,340
FUN_00273b40,0x00273B40,0x00273C28,232
FUN_00273c30,0x00273C30,0x00273D84,340
FUN_00273d90,0x00273D90,0x00273E78,232
FUN_00273e80,0x00273E80,0x00273FD4,340
FUN_00273fe0,0x00273FE0,0x002740C8,232
FUN_002740d0,0x002740D0,0x00274224,340
FUN_00274230,0x00274230,0x00274364,308
FUN_00274370,0x00274370,0x002744A4,308
FUN_002744b0,0x002744B0,0x002745E4,308
FUN_002745f0,0x002745F0,0x00274724,308
eff_hdl_h__assert_ref_13,0x00274730,0x002747F0,192
eff_hdl_h__assert_ref_14,0x002747F0,0x002748B0,192
eff_hdl_h__assert_ref_11,0x002748B0,0x00274970,192
eff_hdl_h__assert_ref_12,0x00274970,0x00274A30,192
FUN_00274a30,0x00274A30,0x0027519C,1900
FUN_002751a0,0x002751A0,0x002756D0,1328
FUN_002756d0,0x002756D0,0x0027587C,428
FUN_00275880,0x00275880,0x00275A2C,428
FUN_00275a30,0x00275A30,0x00275BDC,428
FUN_00275be0,0x00275BE0,0x00275D8C,428
FUN_00275d90,0x00275D90,0x00275FA0,528
FUN_00275fa0,0x00275FA0,0x0027602C,140
FUN_00276030,0x00276030,0x002760BC,140
FUN_002760c0,0x002760C0,0x002760C8,8
FUN_002760d0,0x002760D0,0x002760D8,8
FUN_002760e0,0x002760E0,0x002763D4,756
FUN_002763e0,0x002763E0,0x002766D4,756
FUN_002766e0,0x002766E0,0x00276988,680
FUN_00276990,0x00276990,0x002769F4,100
FUN_00276a00,0x00276A00,0x00276A34,52
FUN_00276a40,0x00276A40,0x00276BD4,404
FUN_00276be0,0x00276BE0,0x00276BF8,24
FUN_00276c00,0x00276C00,0x00276C38,56
FUN_00276c40,0x00276C40,0x00276C64,36
FUN_00276c70,0x00276C70,0x00276C78,8
FUN_00276c80,0x00276C80,0x00276CD8,88
FUN_00276ce0,0x00276CE0,0x00276D28,72
FUN_00276d30,0x00276D30,0x00276DC0,144
FUN_00276dc0,0x00276DC0,0x00276DFC,60
FUN_00276e00,0x00276E00,0x00276E50,80
FUN_00276e50,0x00276E50,0x00276E64,20
FUN_00276e70,0x00276E70,0x00276EB0,64
FUN_00276eb0,0x00276EB0,0x00276EC0,16
FUN_00276ec0,0x00276EC0,0x00276ECC,12
FUN_00276ed0,0x00276ED0,0x00276EDC,12
FUN_00276ee0,0x00276EE0,0x00276EF0,16
FUN_00276ef0,0x00276EF0,0x00276F20,48
FUN_00276f20,0x00276F20,0x00276F50,48
FUN_00276f50,0x00276F50,0x00276F80,48
FUN_00276f80,0x00276F80,0x00276F88,8
FUN_00276f90,0x00276F90,0x00276FD8,72
FUN_00276fe0,0x00276FE0,0x00277014,52
FUN_00277020,0x00277020,0x0027722C,524
FUN_00277230,0x00277230,0x00277340,272
FUN_00277340,0x00277340,0x00277ED4,2964
FUN_00277ee0,0x00277EE0,0x00277F58,120
FUN_00277f60,0x00277F60,0x00277FC8,104
FUN_00277fd0,0x00277FD0,0x0027804C,124
FUN_00278050,0x00278050,0x00278078,40
FUN_00278080,0x00278080,0x00278118,152
FUN_00278120,0x00278120,0x00278358,568
FUN_00278370,0x00278370,0x002783D0,96
FUN_002783d0,0x002783D0,0x0027847C,172
FUN_00278480,0x00278480,0x002784E4,100
FUN_002784f0,0x002784F0,0x0027856C,124
FUN_00278570,0x00278570,0x002786F0,384
FUN_002786f0,0x002786F0,0x00278744,84
FUN_00278750,0x00278750,0x0027877C,44
FUN_00278780,0x00278780,0x002787CC,76
FUN_002787d0,0x002787D0,0x00278874,164
FUN_00278880,0x00278880,0x00278908,136
FUN_00278910,0x00278910,0x00278934,36
FUN_00278940,0x00278940,0x00278948,8
FUN_00278950,0x00278950,0x00278978,40
FUN_00278980,0x00278980,0x00278AB8,312
FUN_00278ac0,0x00278AC0,0x00278B0C,76
FUN_00278b10,0x00278B10,0x002799C4,3764
FUN_002799d0,0x002799D0,0x00279AE4,276
FUN_00279af0,0x00279AF0,0x00279AFC,12
FUN_00279b00,0x00279B00,0x00279BA4,164
FUN_00279bc0,0x00279BC0,0x00279DA8,488
FUN_00279db0,0x00279DB0,0x00279DE0,48
FUN_00279de0,0x00279DE0,0x0027A490,1712
FUN_0027a490,0x0027A490,0x0027A558,200
FUN_0027a560,0x0027A560,0x0027A6AC,332
FUN_0027a6b0,0x0027A6B0,0x0027A890,480
FUN_0027a890,0x0027A890,0x0027AA08,376
FUN_0027aa10,0x0027AA10,0x0027AA54,68
FUN_0027aa60,0x0027AA60,0x0027B5B0,2896
FUN_0027b5b0,0x0027B5B0,0x0027B5B8,8
FUN_0027b5c0,0x0027B5C0,0x0027B5D0,16
FUN_0027b5d0,0x0027B5D0,0x0027B5D8,8
FUN_0027b5e0,0x0027B5E0,0x0027B5F0,16
FUN_0027b5f0,0x0027B5F0,0x0027B5F8,8
FUN_0027b600,0x0027B600,0x0027B664,100
FUN_0027b670,0x0027B670,0x0027B750,224
FUN_0027b750,0x0027B750,0x0027B84C,252
FUN_0027b850,0x0027B850,0x0027B864,20
FUN_0027b870,0x0027B870,0x0027B898,40
FUN_0027b8a0,0x0027B8A0,0x0027B8AC,12
FUN_0027b8b0,0x0027B8B0,0x0027B900,80
FUN_0027b900,0x0027B900,0x0027BA3C,316
FUN_0027ba40,0x0027BA40,0x0027BA48,8
FUN_0027ba50,0x0027BA50,0x0027BB8C,316
FUN_0027bb90,0x0027BB90,0x0027BBE4,84
FUN_0027bbf0,0x0027BBF0,0x0027BBFC,12
FUN_0027bc00,0x0027BC00,0x0027BCA4,164
FUN_0027bcb0,0x0027BCB0,0x0027BD00,80
FUN_0027bd00,0x0027BD00,0x0027BDC0,192
FUN_0027bdc0,0x0027BDC0,0x0027BE78,184
FUN_0027beb0,0x0027BEB0,0x0027BF08,88
FUN_0027bf10,0x0027BF10,0x0027BF24,20
FUN_0027bf30,0x0027BF30,0x0027BF44,20
FUN_0027bf50,0x0027BF50,0x0027C140,496
FUN_0027c140,0x0027C140,0x0027C3D4,660
FUN_0027c3e0,0x0027C3E0,0x0027C4EC,268
FUN_0027c4f0,0x0027C4F0,0x0027CB50,1632
FUN_0027cb50,0x0027CB50,0x0027CD5C,524
FUN_0027cd60,0x0027CD60,0x0027CEF8,408
FUN_0027cf00,0x0027CF00,0x0027CFCC,204
FUN_0027cfd0,0x0027CFD0,0x0027D0E8,280
thunk_FUN_0027deb0,0x0027D0F0,0x0027D0F8,8
thunk_FUN_0027dee0,0x0027D100,0x0027D108,8
thunk_FUN_0027df60,0x0027D110,0x0027D118,8
FUN_0027d120,0x0027D120,0x0027D29C,380
FUN_0027d2a0,0x0027D2A0,0x0027D304,100
FUN_0027d310,0x0027D310,0x0027D35C,76
FUN_0027d360,0x0027D360,0x0027D3E8,136
FUN_0027d3f0,0x0027D3F0,0x0027D538,328
FUN_0027d540,0x0027D540,0x0027D594,84
FUN_0027d5a0,0x0027D5A0,0x0027D5F4,84
FUN_0027d600,0x0027D600,0x0027D670,112
FUN_0027d670,0x0027D670,0x0027D6E0,112
thunk_FUN_0027d6f0,0x0027D6E0,0x0027D6E8,8
FUN_0027d6f0,0x0027D6F0,0x0027D7D8,232
FUN_0027d7e0,0x0027D7E0,0x0027D8D8,248
FUN_0027d8e0,0x0027D8E0,0x0027D8F4,20
FUN_0027d990,0x0027D990,0x0027DAE0,336
FUN_0027dae0,0x0027DAE0,0x0027DC48,360
FUN_0027dc50,0x0027DC50,0x0027DE20,464
FUN_0027de20,0x0027DE20,0x0027DEA8,136
FUN_0027deb0,0x0027DEB0,0x0027DED4,36
FUN_0027dee0,0x0027DEE0,0x0027DF08,40
FUN_0027df10,0x0027DF10,0x0027DF40,48
FUN_0027df40,0x0027DF40,0x0027DF5C,28
FUN_0027df60,0x0027DF60,0x0027DF80,32
FUN_0027df80,0x0027DF80,0x0027DFB0,48
FUN_0027dfb0,0x0027DFB0,0x0027DFD8,40
FUN_0027dfe0,0x0027DFE0,0x0027DFF4,20
FUN_0027e000,0x0027E000,0x0027E014,20
FUN_0027e020,0x0027E020,0x0027E050,48
FUN_0027e050,0x0027E050,0x0027E08C,60
FUN_0027e090,0x0027E090,0x0027E148,184
FUN_0027e150,0x0027E150,0x0027E194,68
FUN_0027e1a0,0x0027E1A0,0x0027E1D0,48
FUN_0027e1d0,0x0027E1D0,0x0027E1FC,44
FUN_0027e200,0x0027E200,0x0027E228,40
FUN_0027e230,0x0027E230,0x0027E244,20
FUN_0027e250,0x0027E250,0x0027E274,36
FUN_0027e280,0x0027E280,0x0027E29C,28
FUN_0027e2a0,0x0027E2A0,0x0027E2C8,40
FUN_0027e2d0,0x0027E2D0,0x0027E2FC,44
FUN_0027e300,0x0027E300,0x0027E320,32
FUN_0027e320,0x0027E320,0x0027E344,36
FUN_0027e350,0x0027E350,0x0027E380,48
FUN_0027e380,0x0027E380,0x0027E3AC,44
FUN_0027e3b0,0x0027E3B0,0x0027E3E0,48
FUN_0027e3e0,0x0027E3E0,0x0027E414,52
FUN_0027e420,0x0027E420,0x0027E454,52
FUN_0027e460,0x0027E460,0x0027E47C,28
FUN_0027e480,0x0027E480,0x0027E494,20
FUN_0027e4a0,0x0027E4A0,0x0027E4B8,24
FUN_0027e4c0,0x0027E4C0,0x0027E4D8,24
FUN_0027e4e0,0x0027E4E0,0x0027E4F4,20
FUN_0027e500,0x0027E500,0x0027E514,20
FUN_0027e520,0x0027E520,0x0027E530,16
FUN_0027e530,0x0027E530,0x0027E540,16
FUN_0027e540,0x0027E540,0x0027E54C,12
FUN_0027e550,0x0027E550,0x0027E640,240
FUN_0027e640,0x0027E640,0x0027E6F8,184
FUN_0027e700,0x0027E700,0x0027E7F0,240
FUN_0027e7f0,0x0027E7F0,0x0027E888,152
FUN_0027e890,0x0027E890,0x0027E9C8,312
FUN_0027e9d0,0x0027E9D0,0x0027EA08,56
FUN_0027ea10,0x0027EA10,0x0027EA54,68
FUN_0027ea60,0x0027EA60,0x0027EA9C,60
FUN_0027eaa0,0x0027EAA0,0x0027EB48,168
FUN_0027eb50,0x0027EB50,0x0027EBE0,144
FUN_0027ebe0,0x0027EBE0,0x0027ED58,376
FUN_0027ed60,0x0027ED60,0x0027ED68,8
FUN_0027ed70,0x0027ED70,0x0027EDFC,140
FUN_0027ee00,0x0027EE00,0x0027EE48,72
FUN_0027ee50,0x0027EE50,0x0027EEEC,156
FUN_0027eef0,0x0027EEF0,0x0027EF4C,92
FUN_0027ef50,0x0027EF50,0x0027EFC8,120
FUN_0027efd0,0x0027EFD0,0x0027F020,80
FUN_0027f020,0x0027F020,0x0027F038,24
FUN_0027f040,0x0027F040,0x0027F124,228
FUN_0027f130,0x0027F130,0x0027F144,20
FUN_0027f150,0x0027F150,0x0027F3B4,612
FUN_0027f3c0,0x0027F3C0,0x0027F3C8,8
FUN_0027f3d0,0x0027F3D0,0x0027F434,100
FUN_0027f440,0x0027F440,0x0027F744,772
FUN_0027f750,0x0027F750,0x0027F7F0,160
FUN_0027f7f0,0x0027F7F0,0x0027F85C,108
FUN_0027fa20,0x0027FA20,0x0027FBB0,400
FUN_0027fbb0,0x0027FBB0,0x0027FD04,340
FUN_0027fd10,0x0027FD10,0x0027FD24,20
FUN_0027fd30,0x0027FD30,0x0027FF30,512
FUN_0027ff30,0x0027FF30,0x00280158,552
FUN_00280160,0x00280160,0x00280298,312
FUN_002802a0,0x002802A0,0x002802D0,48
FUN_002802d0,0x002802D0,0x00280340,112
FUN_00280340,0x00280340,0x002803B0,112
FUN_002803b0,0x002803B0,0x002804BC,268
FUN_002804c0,0x002804C0,0x002805B0,240
FUN_002805b0,0x002805B0,0x002806A0,240
FUN_002806a0,0x002806A0,0x002806DC,60
FUN_002806e0,0x002806E0,0x0028081C,316
FUN_00280820,0x00280820,0x00280834,20
FUN_00280840,0x00280840,0x00280BD0,912
FUN_00280bd0,0x00280BD0,0x0028103C,1132
FUN_00281040,0x00281040,0x00281144,260
FUN_00281150,0x00281150,0x002812A4,340
FUN_002812b0,0x002812B0,0x002814BC,524
FUN_002814c0,0x002814C0,0x00281574,180
FUN_00281580,0x00281580,0x00281654,212
FUN_00281660,0x00281660,0x00281704,164
FUN_00281710,0x00281710,0x00281760,80
FUN_00281760,0x00281760,0x002817B0,80
FUN_002817b0,0x002817B0,0x00281830,128
FUN_00281830,0x00281830,0x002818FC,204
FUN_00281900,0x00281900,0x00281AAC,428
FUN_00281ab0,0x00281AB0,0x00281B1C,108
FUN_00281b20,0x00281B20,0x00281B90,112
FUN_00281b90,0x00281B90,0x00281BE4,84
FUN_00281bf0,0x00281BF0,0x00281C98,168
FUN_00281ca0,0x00281CA0,0x00281CB0,16
FUN_00281cb0,0x00281CB0,0x00281E48,408
FUN_00281e50,0x00281E50,0x00281EBC,108
FUN_00281ec0,0x00281EC0,0x00281EC8,8
FUN_00281ed0,0x00281ED0,0x00281EDC,12
FUN_00281ee0,0x00281EE0,0x00282044,356
FUN_00282050,0x00282050,0x0028212C,220
FUN_00282130,0x00282130,0x002821D0,160
FUN_002821d0,0x002821D0,0x00282280,176
FUN_00282280,0x00282280,0x002822D0,80
FUN_002822d0,0x002822D0,0x00282470,416
FUN_00282470,0x00282470,0x00282654,484
FUN_00282660,0x00282660,0x00282700,160
FUN_00282700,0x00282700,0x002827B0,176
FUN_002827b0,0x002827B0,0x002827EC,60
FUN_002827f0,0x002827F0,0x00282810,32
FUN_00282810,0x00282810,0x00282818,8
FUN_00282820,0x00282820,0x00282C94,1140
FUN_00282ca0,0x00282CA0,0x00282CB4,20
FUN_00282cc0,0x00282CC0,0x00282CC8,8
FUN_00282cd0,0x00282CD0,0x00282DA0,208
FUN_00282da0,0x00282DA0,0x00282E60,192
FUN_00282e60,0x00282E60,0x00282ECC,108
FUN_00282ed0,0x00282ED0,0x00282F60,144
FUN_00282f60,0x00282F60,0x00282F84,36
FUN_00282f90,0x00282F90,0x00282F9C,12
FUN_00282fa0,0x00282FA0,0x00282FA8,8
FUN_00282fb0,0x00282FB0,0x00282FBC,12
FUN_00282fc0,0x00282FC0,0x00282FC8,8
FUN_00282fd0,0x00282FD0,0x00282FDC,12
FUN_00282fe0,0x00282FE0,0x00282FE8,8
FUN_00282ff0,0x00282FF0,0x00282FFC,12
FUN_00283000,0x00283000,0x00283130,304
FUN_00283130,0x00283130,0x0028328C,348
FUN_00283290,0x00283290,0x00283388,248
FUN_00283390,0x00283390,0x002833FC,108
FUN_00283400,0x00283400,0x0028347C,124
FUN_00283480,0x00283480,0x00283504,132
FUN_00283510,0x00283510,0x00283580,112
FUN_002835a0,0x002835A0,0x00283890,752
FUN_002838a0,0x002838A0,0x002839D8,312
FUN_002839e0,0x002839E0,0x002839F4,20
FUN_00283a00,0x00283A00,0x00283B58,344
FUN_00283b60,0x00283B60,0x00283C4C,236
FUN_00283c50,0x00283C50,0x00283D64,276
FUN_00283d70,0x00283D70,0x00283DC0,80
FUN_00283dc0,0x00283DC0,0x00283E74,180
FUN_00283e80,0x00283E80,0x00283F08,136
FUN_00283f10,0x00283F10,0x00283F18,8
FUN_00283f20,0x00283F20,0x00284090,368
FUN_00284090,0x00284090,0x0028435C,716
FUN_00284680,0x00284680,0x002846B8,56
FUN_002846c0,0x002846C0,0x002848CC,524
FUN_002848d0,0x002848D0,0x002848E4,20
FUN_00284900,0x00284900,0x00284C54,852
FUN_00284c60,0x00284C60,0x00284D60,256
FUN_00284d60,0x00284D60,0x00284D88,40
FUN_00285120,0x00285120,0x00285214,244
FUN_00285220,0x00285220,0x002854C0,672
FUN_002854c0,0x002854C0,0x002854D4,20
FUN_002854e0,0x002854E0,0x00285510,48
FUN_00285510,0x00285510,0x00285594,132
FUN_002855a0,0x002855A0,0x00285670,208
FUN_002856b0,0x002856B0,0x00285804,340
FUN_00285810,0x00285810,0x002859BC,428
FUN_002859c0,0x002859C0,0x00285BAC,492
FUN_00285bb0,0x00285BB0,0x00285C98,232
FUN_00285cc0,0x00285CC0,0x00285F00,576
FUN_00285f00,0x00285F00,0x00286038,312
FUN_00286050,0x00286050,0x002860E8,152
FUN_00286100,0x00286100,0x0028617C,124
FUN_00286180,0x00286180,0x00286204,132
FUN_00286230,0x00286230,0x00286534,772
FUN_00286540,0x00286540,0x0028688C,844
FUN_00286890,0x00286890,0x00286960,208
thunk_FUN_00286230,0x00286960,0x00286968,8
thunk_FUN_00286540,0x00286970,0x00286978,8
FUN_00286980,0x00286980,0x002869CC,76
FUN_002869d0,0x002869D0,0x00286A48,120
FUN_00286a50,0x00286A50,0x00286A90,64
FUN_00286a90,0x00286A90,0x00286B2C,156
FUN_00286b30,0x00286B30,0x00286B78,72
thunk_FUN_00286b8c,0x00286B78,0x00286B80,8
FUN_00286b80,0x00286B80,0x00286B8C,12
FUN_00286b8c,0x00286B8C,0x00286BA8,28
FUN_00286ba8,0x00286BA8,0x00286BB4,12
FUN_00286be0,0x00286BE0,0x00286C28,72
thunk_FUN_00286c3c,0x00286C28,0x00286C30,8
FUN_00286c30,0x00286C30,0x00286C3C,12
FUN_00286c3c,0x00286C3C,0x00286C58,28
FUN_00286c58,0x00286C58,0x00286C64,12
FUN_00286c90,0x00286C90,0x00286CD8,72
FUN_00286ce0,0x00286CE0,0x00286DF4,276
FUN_00286e00,0x00286E00,0x002870CC,716
FUN_002870cc,0x002870CC,0x00287104,56
FUN_00287110,0x00287110,0x00287284,372
FUN_00287290,0x00287290,0x002873A8,280
FUN_002873b0,0x002873B0,0x002875A0,496
FUN_002875a0,0x002875A0,0x0028773C,412
FUN_00287740,0x00287740,0x00287CE0,1440
FUN_00287ce0,0x00287CE0,0x00287D8C,172
FUN_00287d90,0x00287D90,0x00287E68,216
FUN_00287e70,0x00287E70,0x00287ED0,96
FUN_00287ed0,0x00287ED0,0x00287F40,112
FUN_00287f40,0x00287F40,0x00287FA0,96
FUN_00287fa0,0x00287FA0,0x00288020,128
FUN_00288020,0x00288020,0x00288090,112
FUN_00288090,0x00288090,0x002880EC,92
FUN_002880f0,0x002880F0,0x00288238,328
FUN_00288240,0x00288240,0x00288248,8
FUN_00288250,0x00288250,0x00288258,8
FUN_00288260,0x00288260,0x00288268,8
FUN_00288270,0x00288270,0x00288278,8
FUN_00288280,0x00288280,0x00288330,176
FUN_00288330,0x00288330,0x0028843C,268
FUN_00288440,0x00288440,0x00288850,1040
FUN_00288850,0x00288850,0x002889BC,364
FUN_002889c0,0x002889C0,0x002889F0,48
FUN_002889f0,0x002889F0,0x00288A68,120
FUN_00288a70,0x00288A70,0x00288A80,16
FUN_00288a80,0x00288A80,0x00288A8C,12
FUN_00288a90,0x00288A90,0x00288A98,8
FUN_00288aa0,0x00288AA0,0x00288AA8,8
FUN_00288ab0,0x00288AB0,0x00288AE4,52
FUN_00288af0,0x00288AF0,0x00288B40,80
FUN_00288b40,0x00288B40,0x00288BA8,104
FUN_00288bb0,0x00288BB0,0x00288C04,84
FUN_00288c10,0x00288C10,0x00288EF8,744
FUN_00288f10,0x00288F10,0x00289080,368
FUN_00289080,0x00289080,0x00289194,276
FUN_00289220,0x00289220,0x00289274,84
FUN_00289280,0x00289280,0x00289644,964
FUN_00289650,0x00289650,0x00289A0C,956
FUN_00289a10,0x00289A10,0x00289B6C,348
FUN_00289b70,0x00289B70,0x00289CC4,340
FUN_00289cd0,0x00289CD0,0x00289F04,564
FUN_00289f10,0x00289F10,0x0028A0AC,412
FUN_0028a0b0,0x0028A0B0,0x0028A1E0,304
FUN_0028a1e0,0x0028A1E0,0x0028A230,80
FUN_0028a230,0x0028A230,0x0028A31C,236
FUN_0028a320,0x0028A320,0x0028A4DC,444
FUN_0028a4e0,0x0028A4E0,0x0028A590,176
FUN_0028a5a0,0x0028A5A0,0x0028A5C8,40
FUN_0028a5d0,0x0028A5D0,0x0028A5F8,40
FUN_0028a600,0x0028A600,0x0028A628,40
FUN_0028a630,0x0028A630,0x0028A660,48
FUN_0028a670,0x0028A670,0x0028A910,672
FUN_0028a910,0x0028A910,0x0028A934,36
FUN_0028a940,0x0028A940,0x0028A9C4,132
FUN_0028a9e0,0x0028A9E0,0x0028AAB4,212
FUN_0028aac0,0x0028AAC0,0x0028AB78,184
FUN_0028ab90,0x0028AB90,0x0028AE10,640
FUN_0028ae10,0x0028AE10,0x0028AE9C,140
FUN_0028aeb0,0x0028AEB0,0x0028B0E4,564
FUN_0028b0f0,0x0028B0F0,0x0028B114,36
FUN_0028b120,0x0028B120,0x0028B1B8,152
FUN_0028b1c0,0x0028B1C0,0x0028B1E8,40
FUN_0028b1f0,0x0028B1F0,0x0028B2D0,224
FUN_0028b2d0,0x0028B2D0,0x0028B354,132
FUN_0028b360,0x0028B360,0x0028B3E0,128
FUN_0028b3e0,0x0028B3E0,0x0028B62C,588
FUN_0028b640,0x0028B640,0x0028B734,244
FUN_0028b740,0x0028B740,0x0028B7D8,152
FUN_0028b7f0,0x0028B7F0,0x0028B888,152
FUN_0028b890,0x0028B890,0x0028B928,152
FUN_0028b930,0x0028B930,0x0028B9C4,148
FUN_0028b9d0,0x0028B9D0,0x0028BB3C,364
FUN_0028bb40,0x0028BB40,0x0028BC14,212
FUN_0028bc20,0x0028BC20,0x0028BD20,256
FUN_0028bd20,0x0028BD20,0x0028BE4C,300
FUN_0028be50,0x0028BE50,0x0028BFA0,336
FUN_0028bfa0,0x0028BFA0,0x0028BFC4,36
FUN_0028bfd0,0x0028BFD0,0x0028C004,52
FUN_0028c020,0x0028C020,0x0028C0C0,160
FUN_0028c0c0,0x0028C0C0,0x0028C1BC,252
FUN_0028c1c0,0x0028C1C0,0x0028C5B4,1012
FUN_0028c5c0,0x0028C5C0,0x0028C72C,364
FUN_0028c730,0x0028C730,0x0028C738,8
FUN_0028c740,0x0028C740,0x0028C750,16
FUN_0028c750,0x0028C750,0x0028C758,8
FUN_0028c760,0x0028C760,0x0028C76C,12
FUN_0028c770,0x0028C770,0x0028C878,264
FUN_0028c880,0x0028C880,0x0028C92C,172
FUN_0028c92c,0x0028C92C,0x0028C944,24
FUN_0028ca60,0x0028CA60,0x0028C958,-264
FUN_0028cb30,0x0028CB30,0x0028D608,2776
FUN_0028d610,0x0028D610,0x0028D718,264
FUN_0028d720,0x0028D720,0x0028D860,320
FUN_0028d860,0x0028D860,0x0028D8C4,100
FUN_0028d8f0,0x0028D8F0,0x0028DB78,648
FUN_0028db80,0x0028DB80,0x0028DC90,272
FUN_0028dc90,0x0028DC90,0x0028DEB4,548
FUN_0028dec0,0x0028DEC0,0x0028ECFC,3644
FUN_0028ed00,0x0028ED00,0x0028ED0C,12
FUN_0028ed10,0x0028ED10,0x0028ED64,84
FUN_0028edf0,0x0028EDF0,0x0028EE90,160
FUN_0028eea0,0x0028EEA0,0x0028EEB0,16
FUN_0028ef20,0x0028EF20,0x0028EF28,8
FUN_0028ef30,0x0028EF30,0x0028EF38,8
FUN_0028ef40,0x0028EF40,0x0028EF4C,12
FUN_0028ef80,0x0028EF80,0x0028F11C,412
FUN_0028f120,0x0028F120,0x0028F154,52
FUN_0028f160,0x0028F160,0x0028F23C,220
FUN_0028f240,0x0028F240,0x0028F458,536
FUN_0028f460,0x0028F460,0x0028F4BC,92
FUN_0028f4c0,0x0028F4C0,0x0028F4F0,48
FUN_0028f4f0,0x0028F4F0,0x0028F730,576
FUN_0028f730,0x0028F730,0x0028F840,272
FUN_0028f840,0x0028F840,0x0028F95C,284
CBuildMonster__GetChara_logref_1,0x0028F960,0x0028FAA4,324
CBuildMonster__Regist_logref_1,0x0028FAB0,0x0028FC70,448
FUN_0028fc70,0x0028FC70,0x0028FC9C,44
FUN_0028fca0,0x0028FCA0,0x0028FCB0,16
FUN_0028fcb0,0x0028FCB0,0x0028FFF4,836
FUN_00290000,0x00290000,0x002901B0,432
FUN_002901b0,0x002901B0,0x002903B4,516
FUN_002903c0,0x002903C0,0x00290768,936
FUN_00290770,0x00290770,0x00290924,436
FUN_00290930,0x00290930,0x00290CB0,896
FUN_00290cb0,0x00290CB0,0x00290D64,180
FUN_00290d70,0x00290D70,0x00290DEC,124
FUN_00290df0,0x00290DF0,0x00290EA0,176
FUN_00290ea0,0x00290EA0,0x00290F4C,172
FUN_00290f50,0x00290F50,0x0029104C,252
FUN_00291050,0x00291050,0x00291164,276
FUN_00291170,0x00291170,0x00291240,208
FUN_00291240,0x00291240,0x0029129C,92
FUN_002912a0,0x002912A0,0x002912A8,8
FUN_002912b0,0x002912B0,0x002912B8,8
dq_2nd_chk_cpp__assert_ref_1,0x002912C0,0x002913FC,316
dq_2nd_chk_cpp__assert_ref_2,0x00291400,0x002914C8,200
FUN_002914d0,0x002914D0,0x00291514,68
FUN_00291520,0x00291520,0x002915E4,196
FUN_002915f0,0x002915F0,0x0029166C,124
FUN_00291670,0x00291670,0x00291718,168
FUN_00291720,0x00291720,0x00291818,248
FUN_00291820,0x00291820,0x0029182C,12
FUN_00291830,0x00291830,0x0029194C,284
FUN_00291950,0x00291950,0x00291A8C,316
FUN_00291a90,0x00291A90,0x00291B70,224
FUN_00291b70,0x00291B70,0x00291C68,248
FUN_00291c70,0x00291C70,0x00291D68,248
FUN_00291d70,0x00291D70,0x00291E58,232
FUN_00291e60,0x00291E60,0x00291F40,224
FUN_00291f40,0x00291F40,0x00292020,224
FUN_00292020,0x00292020,0x00292130,272
FUN_00292130,0x00292130,0x00292240,272
FUN_00292240,0x00292240,0x00292368,296
FUN_00292370,0x00292370,0x00292460,240
FUN_00292460,0x00292460,0x0029256C,268
FUN_00292570,0x00292570,0x0029260C,156
FUN_00292610,0x00292610,0x002926C8,184
FUN_002926d0,0x002926D0,0x00292824,340
FUN_00292830,0x00292830,0x00292954,292
FUN_00292960,0x00292960,0x00292A84,292
FUN_00292a90,0x00292A90,0x00292C58,456
FUN_00292c60,0x00292C60,0x00292CA8,72
FUN_00292cb0,0x00292CB0,0x00292CB8,8
FUN_00292cd0,0x00292CD0,0x00292E00,304
FUN_00292e00,0x00292E00,0x00292E68,104
FUN_00292e70,0x00292E70,0x00292EB8,72
FUN_00292ec0,0x00292EC0,0x00292F18,88
FUN_00292f20,0x00292F20,0x00292F5C,60
FUN_00292f60,0x00292F60,0x00293074,276
FUN_002931e0,0x002931E0,0x00293240,96
FUN_00293240,0x00293240,0x002933A0,352
FUN_002933a0,0x002933A0,0x002933C0,32
FUN_002933c0,0x002933C0,0x002933E0,32
FUN_002933e0,0x002933E0,0x00293400,32
FUN_00293400,0x00293400,0x00293420,32
FUN_00293420,0x00293420,0x00293480,96
FUN_00293480,0x00293480,0x002934C8,72
FUN_002934d0,0x002934D0,0x0029355C,140
FUN_00293560,0x00293560,0x002935AC,76
FUN_002935b0,0x002935B0,0x0029360C,92
FUN_00293610,0x00293610,0x002936C8,184
FUN_002936d0,0x002936D0,0x002937B4,228
FUN_002937c0,0x002937C0,0x00293A24,612
FUN_00293a30,0x00293A30,0x00293A9C,108
FUN_00293aa0,0x00293AA0,0x00293B1C,124
FUN_00293b20,0x00293B20,0x00293BA8,136
FUN_00293c20,0x00293C20,0x00293C7C,92
FUN_00293c80,0x00293C80,0x00293CDC,92
FUN_00293ce0,0x00293CE0,0x00293D4C,108
FUN_00293d50,0x00293D50,0x00293DCC,124
FUN_00293dd0,0x00293DD0,0x00293E24,84
FUN_00293e30,0x00293E30,0x00293E7C,76
FUN_00293e80,0x00293E80,0x00293ED8,88
FUN_00293ee0,0x00293EE0,0x00293F38,88
FUN_00293f40,0x00293F40,0x00293F9C,92
FUN_00293fa0,0x00293FA0,0x00293FF4,84
FUN_00294000,0x00294000,0x002940E4,228
FUN_002940f0,0x002940F0,0x0029412C,60
FUN_00294130,0x00294130,0x00294188,88
FUN_00294190,0x00294190,0x00294204,116
FUN_00294210,0x00294210,0x00294284,116
FUN_00294290,0x00294290,0x002942E4,84
FUN_002942f0,0x002942F0,0x00294354,100
FUN_00294360,0x00294360,0x002943B4,84
FUN_002943c0,0x002943C0,0x00294414,84
FUN_00294420,0x00294420,0x00294474,84
FUN_00294480,0x00294480,0x002944C8,72
FUN_002944d0,0x002944D0,0x00294514,68
FUN_00294520,0x00294520,0x00294578,88
FUN_00294580,0x00294580,0x002946D0,336
FUN_002946d0,0x002946D0,0x00294838,360
FUN_00294840,0x00294840,0x00294980,320
FUN_00294980,0x00294980,0x00294ABC,316
FUN_00294ac0,0x00294AC0,0x00294B1C,92
FUN_00294b20,0x00294B20,0x00294C04,228
FUN_00294c10,0x00294C10,0x00294CE4,212
FUN_00294cf0,0x00294CF0,0x00294D68,120
FUN_00294d70,0x00294D70,0x00294DC8,88
FUN_00294dd0,0x00294DD0,0x00294E28,88
FUN_00294e30,0x00294E30,0x00294EB4,132
FUN_00294ec0,0x00294EC0,0x00294F3C,124
FUN_00294f40,0x00294F40,0x00295024,228
FUN_00295030,0x00295030,0x002950CC,156
FUN_002950d0,0x002950D0,0x00295130,96
FUN_00295130,0x00295130,0x0029519C,108
FUN_002951a0,0x002951A0,0x00295204,100
FUN_00295210,0x00295210,0x00295480,624
FUN_00295480,0x00295480,0x002954CC,76
FUN_002954d0,0x002954D0,0x00295534,100
FUN_00295540,0x00295540,0x0029567C,316
FUN_00295680,0x00295680,0x002957C0,320
FUN_002957c0,0x002957C0,0x00295830,112
FUN_00295830,0x00295830,0x002958A8,120
FUN_002958b0,0x002958B0,0x0029590C,92
FUN_00295910,0x00295910,0x00295974,100
FUN_00295980,0x00295980,0x002959F4,116
FUN_00295a00,0x00295A00,0x00295A4C,76
FUN_00295a50,0x00295A50,0x00295A8C,60
FUN_00295a90,0x00295A90,0x00295AE8,88
FUN_00295af0,0x00295AF0,0x00295B64,116
FUN_00295b70,0x00295B70,0x00295BAC,60
FUN_00295bb0,0x00295BB0,0x00295C04,84
FUN_00295c10,0x00295C10,0x00295C64,84
FUN_00295c70,0x00295C70,0x00295CC4,84
FUN_00295cd0,0x00295CD0,0x00295D0C,60
FUN_00295d10,0x00295D10,0x00295D70,96
FUN_00295d70,0x00295D70,0x00295DCC,92
FUN_00295dd0,0x00295DD0,0x00295E0C,60
FUN_00295e10,0x00295E10,0x00295E64,84
FUN_00295e70,0x00295E70,0x00295EBC,76
FUN_00295ec0,0x00295EC0,0x00295F14,84
FUN_00295f20,0x00295F20,0x00295F6C,76
FUN_00295f70,0x00295F70,0x00295FC4,84
FUN_00295fd0,0x00295FD0,0x0029604C,124
FUN_00296050,0x00296050,0x00296098,72
FUN_002960a0,0x002960A0,0x002960DC,60
FUN_002960e0,0x002960E0,0x00296134,84
FUN_00296140,0x00296140,0x0029617C,60
FUN_00296180,0x00296180,0x002961D8,88
FUN_002961e0,0x002961E0,0x0029621C,60
FUN_00296220,0x00296220,0x00296278,88
FUN_00296280,0x00296280,0x002962EC,108
FUN_002962f0,0x002962F0,0x00296348,88
FUN_00296350,0x00296350,0x002963A8,88
FUN_002963b0,0x002963B0,0x002963EC,60
FUN_002963f0,0x002963F0,0x00296448,88
FUN_00296450,0x00296450,0x002964AC,92
FUN_002964b0,0x002964B0,0x00296510,96
FUN_00296510,0x00296510,0x00296590,128
FUN_00296590,0x00296590,0x0029663C,172
FUN_00296640,0x00296640,0x00296698,88
FUN_002966a0,0x002966A0,0x00296700,96
FUN_00296700,0x00296700,0x00296848,328
FUN_00296850,0x00296850,0x00296858,8
FUN_00296860,0x00296860,0x00296868,8
FUN_00296870,0x00296870,0x0029692C,188
FUN_00296930,0x00296930,0x002969E4,180
FUN_002969f0,0x002969F0,0x00296A44,84
FUN_00296a50,0x00296A50,0x00296AE8,152
FUN_00296af0,0x00296AF0,0x00296B20,48
FUN_00296b20,0x00296B20,0x00296B50,48
FUN_00296b50,0x00296B50,0x00296B70,32
FUN_00296b70,0x00296B70,0x00296B90,32
FUN_00296b90,0x00296B90,0x00296BB0,32
FUN_00296bb0,0x00296BB0,0x00296BD0,32
dq_2nd_chk_cpp__assert_ref_3,0x00296BD0,0x00296CDC,268
FUN_00296ce0,0x00296CE0,0x00296E20,320
FUN_00296e20,0x00296E20,0x00296EA8,136
FUN_00296eb0,0x00296EB0,0x00296EF4,68
thunk_FUN_00296f10,0x00296F00,0x00296F08,8
FUN_00296f10,0x00296F10,0x00296F18,8
FUN_00296f20,0x00296F20,0x00296F5C,60
FUN_00296f60,0x00296F60,0x00296F68,8
FUN_00296f70,0x00296F70,0x00296F78,8
FUN_00296f80,0x00296F80,0x00296F88,8
FUN_00296f90,0x00296F90,0x00296F98,8
thunk_FUN_0035c390,0x00296FA0,0x00296FA8,8
FUN_00296fb0,0x00296FB0,0x00296FB8,8
thunk_FUN_0035c3f0,0x00296FC0,0x00296FC8,8
FUN_00296fd0,0x00296FD0,0x00296FD8,8
FUN_00296fe0,0x00296FE0,0x00296FE8,8
thunk_FUN_0035c450,0x00296FF0,0x00296FF8,8
FUN_00297000,0x00297000,0x00297008,8
FUN_00297010,0x00297010,0x00297018,8
thunk_FUN_0035c4b0,0x00297020,0x00297028,8
FUN_00297030,0x00297030,0x00297038,8
thunk_FUN_0035bdc0,0x00297040,0x00297048,8
FUN_00297050,0x00297050,0x00297058,8
FUN_00297060,0x00297060,0x00297080,32
thunk_FUN_0035c510,0x00297080,0x00297088,8
FUN_00297090,0x00297090,0x00297098,8
FUN_002970a0,0x002970A0,0x002970C0,32
thunk_FUN_0035c580,0x002970C0,0x002970C8,8
FUN_002970d0,0x002970D0,0x00297168,152
FUN_00297170,0x00297170,0x002971E4,116
FUN_002971f0,0x002971F0,0x002975D8,1000
FUN_002975e0,0x002975E0,0x002975E8,8
FUN_002975f0,0x002975F0,0x0029796C,892
FUN_00297970,0x00297970,0x00297AD0,352
FUN_00297ad0,0x00297AD0,0x00297B70,160
FUN_00297b70,0x00297B70,0x00297B78,8
FUN_00297b80,0x00297B80,0x00297B90,16
FUN_00297b90,0x00297B90,0x00297B98,8
FUN_00297ba0,0x00297BA0,0x00298038,1176
FUN_00298040,0x00298040,0x002980A8,104
FUN_002980b0,0x002980B0,0x002981CC,284
FUN_002981d0,0x002981D0,0x0029824C,124
FUN_00298250,0x00298250,0x002982DC,140
FUN_002982e0,0x002982E0,0x0029830C,44
FUN_00298310,0x00298310,0x0029831C,12
FUN_00298320,0x00298320,0x00298338,24
FUN_00298340,0x00298340,0x00298378,56
FUN_00298380,0x00298380,0x002983B4,52
FUN_002983c0,0x002983C0,0x00298518,344
FUN_00298520,0x00298520,0x00298528,8
FUN_00298530,0x00298530,0x002985DC,172
FUN_002985e0,0x002985E0,0x00298674,148
FUN_00298680,0x00298680,0x002988C0,576
FUN_002988c0,0x002988C0,0x002988FC,60
FUN_00298900,0x00298900,0x002989B8,184
FUN_002989c0,0x002989C0,0x002989F4,52
FUN_00298a00,0x00298A00,0x00298A08,8
FUN_00298a10,0x00298A10,0x00298BA0,400
FUN_00298ba0,0x00298BA0,0x00298BDC,60
FUN_00298be0,0x00298BE0,0x00298CAC,204
FUN_00298cb0,0x00298CB0,0x00298FD4,804
FUN_00298fe0,0x00298FE0,0x00299108,296
FUN_00299110,0x00299110,0x002991E0,208
FUN_002991e0,0x002991E0,0x00299370,400
FUN_00299370,0x00299370,0x00299574,516
FUN_00299580,0x00299580,0x0029965C,220
FUN_00299660,0x00299660,0x00299734,212
FUN_00299740,0x00299740,0x00299A30,752
FUN_00299a30,0x00299A30,0x00299A58,40
FUN_00299a60,0x00299A60,0x00299B40,224
FUN_00299b40,0x00299B40,0x00299B7C,60
FUN_00299b80,0x00299B80,0x00299C50,208
FUN_00299c50,0x00299C50,0x00299CB0,96
FUN_00299cb0,0x00299CB0,0x00299F58,680
FUN_00299f60,0x00299F60,0x00299FA4,68
FUN_00299fb0,0x00299FB0,0x0029A0FC,332
dq_monster_ai_h__assert_ref_4,0x0029A100,0x0029A168,104
FUN_0029a170,0x0029A170,0x0029A268,248
FUN_0029a270,0x0029A270,0x0029A33C,204
FUN_0029a340,0x0029A340,0x0029A3D8,152
FUN_0029a3e0,0x0029A3E0,0x0029A654,628
FUN_0029a660,0x0029A660,0x0029A700,160
FUN_0029a700,0x0029A700,0x0029A86C,364
FUN_0029a86c,0x0029A86C,0x0029A95C,240
FUN_0029a960,0x0029A960,0x0029AA30,208
FUN_0029aa30,0x0029AA30,0x0029AADC,172
FUN_0029aae0,0x0029AAE0,0x0029AC1C,316
dq_monster_ai_cpp__assert_ref_1,0x0029AC20,0x0029ACC4,164
FUN_0029acd0,0x0029ACD0,0x0029B024,852
FUN_0029b030,0x0029B030,0x0029B0F4,196
FUN_0029b100,0x0029B100,0x0029B198,152
FUN_0029b1a0,0x0029B1A0,0x0029B3B8,536
FUN_0029b3c0,0x0029B3C0,0x0029B6C0,768
FUN_0029b6c0,0x0029B6C0,0x0029B868,424
FUN_0029b870,0x0029B870,0x0029BA98,552
FUN_0029baa0,0x0029BAA0,0x0029BAA8,8
FUN_0029bab0,0x0029BAB0,0x0029BAF8,72
FUN_0029bb00,0x0029BB00,0x0029BB8C,140
FUN_0029bb90,0x0029BB90,0x0029BC5C,204
FUN_0029bc60,0x0029BC60,0x0029BDDC,380
FUN_0029bde0,0x0029BDE0,0x0029BF00,288
FUN_0029bf00,0x0029BF00,0x0029BFD4,212
FUN_0029bfe0,0x0029BFE0,0x0029C138,344
FUN_0029c140,0x0029C140,0x0029C31C,476
dq_monster_ai_cpp__assert_ref_5,0x0029C320,0x0029C560,576
FUN_0029c560,0x0029C560,0x0029C5C8,104
FUN_0029c5d0,0x0029C5D0,0x0029C5F8,40
FUN_0029c600,0x0029C600,0x0029C638,56
FUN_0029c640,0x0029C640,0x0029C69C,92
FUN_0029c6a0,0x0029C6A0,0x0029C6D0,48
FUN_0029c6d0,0x0029C6D0,0x0029C6DC,12
FUN_0029c6e0,0x0029C6E0,0x0029C718,56
FUN_0029c720,0x0029C720,0x0029C738,24
FUN_0029c740,0x0029C740,0x0029C768,40
FUN_0029c770,0x0029C770,0x0029C784,20
FUN_0029c790,0x0029C790,0x0029C7DC,76
FUN_0029c7e0,0x0029C7E0,0x0029C944,356
dq_monster_ai_cpp__assert_ref_4,0x0029C950,0x0029CAEC,412
FUN_0029caf0,0x0029CAF0,0x0029CAFC,12
FUN_0029cb00,0x0029CB00,0x0029CB74,116
FUN_0029cb80,0x0029CB80,0x0029CBF8,120
FUN_0029cc00,0x0029CC00,0x0029CC60,96
FUN_0029cc60,0x0029CC60,0x0029CCBC,92
FUN_0029ccc0,0x0029CCC0,0x0029CD28,104
FUN_0029cd30,0x0029CD30,0x0029CD9C,108
FUN_0029cda0,0x0029CDA0,0x0029CDFC,92
FUN_0029ce00,0x0029CE00,0x0029D0F4,756
FUN_0029d100,0x0029D100,0x0029D168,104
FUN_0029d170,0x0029D170,0x0029D178,8
FUN_0029d180,0x0029D180,0x0029D1E8,104
dq_monster_ai_cpp__assert_ref_3,0x0029D200,0x0029D394,404
FUN_0029d3a0,0x0029D3A0,0x0029D424,132
FUN_0029d430,0x0029D430,0x0029D4F0,192
FUN_0029d4f0,0x0029D4F0,0x0029D520,48
FUN_0029d520,0x0029D520,0x0029D560,64
FUN_0029d560,0x0029D560,0x0029D5B4,84
FUN_0029d5c0,0x0029D5C0,0x0029D750,400
FUN_0029d750,0x0029D750,0x0029D790,64
FUN_0029d790,0x0029D790,0x0029DDCC,1596
FUN_0029ddd0,0x0029DDD0,0x0029DE24,84
FUN_0029de30,0x0029DE30,0x0029DEC0,144
dq_monster_ai_cpp__assert_ref_2,0x0029DEC0,0x0029E148,648
FUN_0029e150,0x0029E150,0x0029E248,248
FUN_0029e250,0x0029E250,0x0029EDA8,2904
FUN_0029edb0,0x0029EDB0,0x0029EDBC,12
FUN_0029edc0,0x0029EDC0,0x0029EE4C,140
FUN_0029ee50,0x0029EE50,0x0029EE94,68
FUN_0029eea0,0x0029EEA0,0x0029EF08,104
FUN_0029ef10,0x0029EF10,0x0029EF18,8
FUN_0029ef20,0x0029EF20,0x0029EF28,8
FUN_0029ef30,0x0029EF30,0x0029EF40,16
FUN_0029ef40,0x0029EF40,0x0029EF88,72
FUN_0029ef90,0x0029EF90,0x0029F228,664
FUN_0029f230,0x0029F230,0x0029F240,16
FUN_0029f240,0x0029F240,0x0029F280,64
FUN_0029f280,0x0029F280,0x0029F360,224
FUN_0029f360,0x0029F360,0x0029F454,244
FUN_0029f460,0x0029F460,0x0029F4A8,72
FUN_0029f6b0,0x0029F6B0,0x0029F770,192
FUN_0029f770,0x0029F770,0x0029F8A0,304
FUN_0029f8a0,0x0029F8A0,0x0029F8A8,8
FUN_0029f8b0,0x0029F8B0,0x0029F944,148
FUN_0029f950,0x0029F950,0x0029FD34,996
FUN_0029fd40,0x0029FD40,0x002A09BC,3196
FUN_002a09c0,0x002A09C0,0x002A10A4,1764
FUN_002a10b0,0x002A10B0,0x002A1424,884
FUN_002a1430,0x002A1430,0x002A15FC,460
FUN_002a1600,0x002A1600,0x002A16D8,216
FUN_002a16e0,0x002A16E0,0x002A18CC,492
FUN_002a18d0,0x002A18D0,0x002A1980,176
FUN_002a1980,0x002A1980,0x002A19C4,68
FUN_002a19d0,0x002A19D0,0x002A1A08,56
FUN_002a1a10,0x002A1A10,0x002A1A68,88
FUN_002a1a70,0x002A1A70,0x002A1ACC,92
FUN_002a1ad0,0x002A1AD0,0x002A1B20,80
FUN_002a1b20,0x002A1B20,0x002A1C18,248
FUN_002a1c20,0x002A1C20,0x002A1C70,80
FUN_002a1c70,0x002A1C70,0x002A1D34,196
FUN_002a1d40,0x002A1D40,0x002A1E40,256
FUN_002a1e40,0x002A1E40,0x002A1E4C,12
FUN_002a1e50,0x002A1E50,0x002A1E78,40
FUN_002a1e80,0x002A1E80,0x002A2144,708
FUN_002a2150,0x002A2150,0x002A274C,1532
FUN_002a2750,0x002A2750,0x002A28A4,340
thunk_FUN_002a2a20,0x002A28B0,0x002A28B8,8
FUN_002a28c0,0x002A28C0,0x002A28C8,8
FUN_002a28d0,0x002A28D0,0x002A2A14,324
FUN_002a2a20,0x002A2A20,0x002A2C14,500
FUN_002a2c20,0x002A2C20,0x002A2DC0,416
FUN_002a2df0,0x002A2DF0,0x002A2E6C,124
FUN_002a2e70,0x002A2E70,0x002A2EBC,76
FUN_002a2ec0,0x002A2EC0,0x002A2F80,192
FUN_002a2f80,0x002A2F80,0x002A31C0,576
FUN_002a31c0,0x002A31C0,0x002A32D8,280
FUN_002a32e0,0x002A32E0,0x002A3340,96
FUN_002a3340,0x002A3340,0x002A3430,240
FUN_002a3430,0x002A3430,0x002A35F0,448
FUN_002a35f0,0x002A35F0,0x002A3920,816
FUN_002a3920,0x002A3920,0x002A3AB0,400
FUN_002a3ab0,0x002A3AB0,0x002A3C80,464
FUN_002a3c80,0x002A3C80,0x002A3C88,8
FUN_002a3c90,0x002A3C90,0x002A3ED8,584
FUN_002a3ee0,0x002A3EE0,0x002A3FD0,240
FUN_002a3fd0,0x002A3FD0,0x002A4BFC,3116
FUN_002a4c00,0x002A4C00,0x002A4D64,356
FUN_002a4d70,0x002A4D70,0x002A8868,15096
FUN_002a8870,0x002A8870,0x002A89B0,320
FUN_002a89b0,0x002A89B0,0x002AA92C,8060
FUN_002aa92c,0x002AA92C,0x002AADB0,1156
FUN_002aadb8,0x002AADB8,0x002AB094,732
FUN_002ab0a0,0x002AB0A0,0x002ABD1C,3196
FUN_002abd20,0x002ABD20,0x002ABF20,512
FUN_002abf20,0x002ABF20,0x002AC508,1512
FUN_002ac510,0x002AC510,0x002AD980,5232
FUN_002ad990,0x002AD990,0x002ADC48,696
FUN_002adc50,0x002ADC50,0x002ADD84,308
FUN_002add90,0x002ADD90,0x002ADEA8,280
FUN_002adeb0,0x002ADEB0,0x002AE030,384
FUN_002ae030,0x002AE030,0x002AE124,244
FUN_002ae130,0x002AE130,0x002AE208,216
FUN_002ae210,0x002AE210,0x002AE5F0,992
FUN_002ae5f0,0x002AE5F0,0x002AE840,592
FUN_002ae840,0x002AE840,0x002AE944,260
FUN_002ae950,0x002AE950,0x002AE960,16
FUN_002ae960,0x002AE960,0x002AEB2C,460
FUN_002aeb30,0x002AEB30,0x002AEB38,8
FUN_002aeb40,0x002AEB40,0x002AEBB4,116
FUN_002aebc0,0x002AEBC0,0x002AEC04,68
FUN_002aec10,0x002AEC10,0x002AECBC,172
FUN_002aecc0,0x002AECC0,0x002AED10,80
FUN_002aed10,0x002AED10,0x002AEFDC,716
FUN_002aefe0,0x002AEFE0,0x002AF078,152
FUN_002af080,0x002AF080,0x002AF0DC,92
FUN_002af0e0,0x002AF0E0,0x002AF23C,348
FUN_002af240,0x002AF240,0x002AF284,68
FUN_002af290,0x002AF290,0x002AF314,132
FUN_002af320,0x002AF320,0x002AF5F4,724
FUN_002af600,0x002AF600,0x002AF8B4,692
FUN_002af8c0,0x002AF8C0,0x002AFA00,320
FUN_002afa00,0x002AFA00,0x002AFA44,68
FUN_002afa50,0x002AFA50,0x002AFA9C,76
FUN_002afaa0,0x002AFAA0,0x002AFB48,168
FUN_002afb50,0x002AFB50,0x002AFBC0,112
FUN_002afbc0,0x002AFBC0,0x002AFC18,88
FUN_002afc20,0x002AFC20,0x002AFC80,96
FUN_002afc80,0x002AFC80,0x002AFCDC,92
FUN_002afce0,0x002AFCE0,0x002AFD70,144
FUN_002afd70,0x002AFD70,0x002AFDB4,68
FUN_002afdc0,0x002AFDC0,0x002AFF68,424
FUN_002aff70,0x002AFF70,0x002AFFB0,64
FUN_002affb0,0x002AFFB0,0x002AFFF0,64
FUN_002afff0,0x002AFFF0,0x002B0050,96
FUN_002b0050,0x002B0050,0x002B00D8,136
FUN_002b00e0,0x002B00E0,0x002B0264,388
FUN_002b0270,0x002B0270,0x002B02B4,68
FUN_002b02c0,0x002B02C0,0x002B0354,148
FUN_002b0360,0x002B0360,0x002B03C8,104
FUN_002b03d0,0x002B03D0,0x002B0530,352
FUN_002b0530,0x002B0530,0x002B075C,556
FUN_002b0790,0x002B0790,0x002B080C,124
FUN_002b0830,0x002B0830,0x002B08DC,172
FUN_002b08e0,0x002B08E0,0x002B0950,112
FUN_002b0950,0x002B0950,0x002B09C0,112
FUN_002b09c0,0x002B09C0,0x002B0A30,112
FUN_002b0a30,0x002B0A30,0x002B0AA0,112
FUN_002b0aa0,0x002B0AA0,0x002B0AC0,32
FUN_002b0ac0,0x002B0AC0,0x002B0B08,72
FUN_002b0b10,0x002B0B10,0x002B0BD4,196
FUN_002b0be0,0x002B0BE0,0x002B0C9C,188
FUN_002b0c9c,0x002B0C9C,0x002B0CB4,24
FUN_002b0cc0,0x002B0CC0,0x002B0CEC,44
FUN_002b0cf0,0x002B0CF0,0x002B0D48,88
FUN_002b0d50,0x002B0D50,0x002B0DD4,132
FUN_002b0de0,0x002B0DE0,0x002B0E60,128
FUN_002b0e60,0x002B0E60,0x002B0EA8,72
FUN_002b0eb0,0x002B0EB0,0x002B103C,396
FUN_002b1040,0x002B1040,0x002B11A8,360
FUN_002b11b0,0x002B11B0,0x002B11E8,56
FUN_002b11f0,0x002B11F0,0x002B1494,676
FUN_002b14a0,0x002B14A0,0x002B1624,388
FUN_002b1630,0x002B1630,0x002B16F0,192
FUN_002b16f0,0x002B16F0,0x002B1AD0,992
FUN_002b1ad0,0x002B1AD0,0x002B1DA8,728
FUN_002b1db0,0x002B1DB0,0x002B1E14,100
FUN_002b1e20,0x002B1E20,0x002B1F8C,364
FUN_002b1f90,0x002B1F90,0x002B204C,188
FUN_002b2050,0x002B2050,0x002B2120,208
FUN_002b2120,0x002B2120,0x002B21F0,208
FUN_002b21f0,0x002B21F0,0x002B229C,172
FUN_002b22a0,0x002B22A0,0x002B22B0,16
FUN_002b22b0,0x002B22B0,0x002B23F4,324
FUN_002b2400,0x002B2400,0x002B2438,56
FUN_002b2440,0x002B2440,0x002B24C0,128
FUN_002b24c0,0x002B24C0,0x002B28A8,1000
FUN_002b28b0,0x002B28B0,0x002B2A10,352
dq_monster_ai_h__assert_ref_3,0x002B2A10,0x002B2F58,1352
FUN_002b2f60,0x002B2F60,0x002B3184,548
FUN_002b3190,0x002B3190,0x002B3378,488
FUN_002b3380,0x002B3380,0x002B33F0,112
FUN_002b33f0,0x002B33F0,0x002B3438,72
FUN_002b3440,0x002B3440,0x002B349C,92
FUN_002b34a0,0x002B34A0,0x002B34D8,56
FUN_002b34e0,0x002B34E0,0x002B3514,52
FUN_002b3520,0x002B3520,0x002B356C,76
FUN_002b3570,0x002B3570,0x002B3BB4,1604
dq_monster_ai_h__assert_ref_1,0x002B3BC0,0x002B4320,1888
FUN_002b4320,0x002B4320,0x002B4398,120
FUN_002b43a0,0x002B43A0,0x002B4A38,1688
FUN_002b4a40,0x002B4A40,0x002B4BF0,432
FUN_002b4bf0,0x002B4BF0,0x002B4D54,356
FUN_002b4d60,0x002B4D60,0x002B50A8,840
dq_monster_ai_h__assert_ref_5,0x002B50B0,0x002B5258,424
FUN_002b5260,0x002B5260,0x002B5374,276
FUN_002b5380,0x002B5380,0x002B5474,244
FUN_002b5480,0x002B5480,0x002B5E90,2576
FUN_002b5e90,0x002B5E90,0x002B6024,404
FUN_002b6030,0x002B6030,0x002B6084,84
FUN_002b6090,0x002B6090,0x002B8058,8136
FUN_002b8060,0x002B8060,0x002B8090,48
FUN_002b8090,0x002B8090,0x002B8098,8
FUN_002b80a0,0x002B80A0,0x002B824C,428
FUN_002b8250,0x002B8250,0x002B832C,220
FUN_002b8330,0x002B8330,0x002B838C,92
btl_playdata_cpp__assert_ref_1,0x002B8390,0x002B8FD8,3144
FUN_002b8fe0,0x002B8FE0,0x002B904C,108
FUN_002b904c,0x002B904C,0x002B909C,80
FUN_002b909c,0x002B909C,0x002B90C8,44
FUN_002b90d0,0x002B90D0,0x002B90E0,16
FUN_002b90e0,0x002B90E0,0x002B9110,48
FUN_002b9110,0x002B9110,0x002B9120,16
FUN_002b9120,0x002B9120,0x002B912C,12
FUN_002b9130,0x002B9130,0x002B91C0,144
FUN_002b91c0,0x002B91C0,0x002B9204,68
FUN_002b9210,0x002B9210,0x002B921C,12
FUN_002b9220,0x002B9220,0x002B9290,112
FUN_002b9290,0x002B9290,0x002B9354,196
FUN_002b9360,0x002B9360,0x002B937C,28
FUN_002b9380,0x002B9380,0x002B93BC,60
FUN_002b93c0,0x002B93C0,0x002B93F4,52
FUN_002b9400,0x002B9400,0x002B9454,84
FUN_002b9460,0x002B9460,0x002B94C0,96
FUN_002b94c0,0x002B94C0,0x002B9CAC,2028
FUN_002b9cb0,0x002B9CB0,0x002B9DE4,308
FUN_002b9df0,0x002B9DF0,0x002B9E70,128
FUN_002b9e70,0x002B9E70,0x002B9F2C,188
FUN_002b9f2c,0x002B9F2C,0x002B9F90,100
FUN_002b9f90,0x002B9F90,0x002B9FA8,24
FUN_002b9fd0,0x002B9FD0,0x002BA004,52
FUN_002ba010,0x002BA010,0x002BA0D0,192
FUN_002ba0d0,0x002BA0D0,0x002BA17C,172
FUN_002ba180,0x002BA180,0x002BA2F0,368
FUN_002ba2f0,0x002BA2F0,0x002BA6DC,1004
FUN_002ba6e0,0x002BA6E0,0x002BA7CC,236
FUN_002ba7d0,0x002BA7D0,0x002BA7D8,8
FUN_002ba7e0,0x002BA7E0,0x002BA7E8,8
FUN_002ba7f0,0x002BA7F0,0x002BA7FC,12
FUN_002ba800,0x002BA800,0x002BAA48,584
FUN_002baa50,0x002BAA50,0x002BAB7C,300
FUN_002bab80,0x002BAB80,0x002BAB88,8
FUN_002bab90,0x002BAB90,0x002BAC8C,252
FUN_002bac90,0x002BAC90,0x002BAE30,416
FUN_002bae30,0x002BAE30,0x002BB6C8,2200
FUN_002bb6d0,0x002BB6D0,0x002BB958,648
FUN_002bb960,0x002BB960,0x002BCC54,4852
FUN_002bcc60,0x002BCC60,0x002BD1A4,1348
FUN_002bd1b0,0x002BD1B0,0x002BD4B4,772
FUN_002bd4c0,0x002BD4C0,0x002BD500,64
FUN_002bd500,0x002BD500,0x002BD508,8
FUN_002bd510,0x002BD510,0x002BD56C,92
FUN_002bd570,0x002BD570,0x002BD5D0,96
FUN_002bd5d0,0x002BD5D0,0x002BD730,352
FUN_002bd730,0x002BD730,0x002BD78C,92
FUN_002bd790,0x002BD790,0x002BD798,8
FUN_002bd7a0,0x002BD7A0,0x002BD7D8,56
FUN_002bd7e0,0x002BD7E0,0x002BD7EC,12
FUN_002bd7f0,0x002BD7F0,0x002BD7F8,8
FUN_002bd800,0x002BD800,0x002BD838,56
FUN_002bd840,0x002BD840,0x002BD8BC,124
FUN_002bd8c0,0x002BD8C0,0x002BD8CC,12
FUN_002bd8d0,0x002BD8D0,0x002BD908,56
FUN_002bd910,0x002BD910,0x002BD994,132
FUN_002bd9a0,0x002BD9A0,0x002BD9C8,40
FUN_002bd9d0,0x002BD9D0,0x002BDA54,132
FUN_002bda60,0x002BDA60,0x002BDA6C,12
FUN_002bda70,0x002BDA70,0x002BDB3C,204
FUN_002bdb40,0x002BDB40,0x002BDB9C,92
FUN_002bdba0,0x002BDBA0,0x002BDC74,212
FUN_002bdc80,0x002BDC80,0x002BDDA4,292
FUN_002bddb0,0x002BDDB0,0x002BDEA8,248
FUN_002bdeb0,0x002BDEB0,0x002BDFBC,268
FUN_002bdfc0,0x002BDFC0,0x002BE010,80
FUN_002be010,0x002BE010,0x002BE060,80
thunk_FUN_00151b40,0x002BE060,0x002BE068,8
FUN_002be070,0x002BE070,0x002BE17C,268
FUN_002be180,0x002BE180,0x002BE1A4,36
FUN_002be1b0,0x002BE1B0,0x002BE348,408
FUN_002be350,0x002BE350,0x002BE4C8,376
FUN_002be4d0,0x002BE4D0,0x002BE934,1124
FUN_002be940,0x002BE940,0x002BE954,20
thunk_FUN_002607e0,0x002BE960,0x002BE968,8
FUN_002be970,0x002BE970,0x002BE978,8
FUN_002be980,0x002BE980,0x002BE9A8,40
FUN_002be9b0,0x002BE9B0,0x002BE9D8,40
FUN_002be9e0,0x002BE9E0,0x002BE9EC,12
FUN_002be9f0,0x002BE9F0,0x002BEA38,72
FUN_002bea40,0x002BEA40,0x002BEB10,208
FUN_002beb10,0x002BEB10,0x002BEB18,8
FUN_002beb20,0x002BEB20,0x002BED38,536
FUN_002bed40,0x002BED40,0x002BEDA8,104
FUN_002bedb0,0x002BEDB0,0x002BEEA8,248
FUN_002beeb0,0x002BEEB0,0x002BF030,384
FUN_002bf030,0x002BF030,0x002BF0D4,164
FUN_002bf0e0,0x002BF0E0,0x002BF304,548
FUN_002bf310,0x002BF310,0x002BF340,48
FUN_002bf340,0x002BF340,0x002BF4A8,360
FUN_002bf4b0,0x002BF4B0,0x002BF67C,460
FUN_002bf680,0x002BF680,0x002BF688,8
FUN_002bf690,0x002BF690,0x002BF6B0,32
FUN_002bf6b0,0x002BF6B0,0x002BF744,148
FUN_002bf750,0x002BF750,0x002BF848,248
FUN_002bf850,0x002BF850,0x002BF9D4,388
FUN_002bf9e0,0x002BF9E0,0x002BFA54,116
FUN_002bfa60,0x002BFA60,0x002BFB18,184
FUN_002bfb20,0x002BFB20,0x002BFBFC,220
FUN_002bfc00,0x002BFC00,0x002BFD40,320
FUN_002bfd40,0x002BFD40,0x002BFE0C,204
FUN_002bfe10,0x002BFE10,0x002BFE80,112
FUN_002bfe80,0x002BFE80,0x002BFEC8,72
FUN_002bfed0,0x002BFED0,0x002C005C,396
FUN_002c0060,0x002C0060,0x002C00D0,112
FUN_002c00d0,0x002C00D0,0x002C016C,156
FUN_002c0170,0x002C0170,0x002C0178,8
FUN_002c0180,0x002C0180,0x002C01F8,120
FUN_002c0200,0x002C0200,0x002C0244,68
FUN_002c0250,0x002C0250,0x002C02C8,120
FUN_002c02d0,0x002C02D0,0x002C0328,88
FUN_002c0330,0x002C0330,0x002C0370,64
FUN_002c0370,0x002C0370,0x002C0414,164
FUN_002c0420,0x002C0420,0x002C0444,36
FUN_002c0450,0x002C0450,0x002C04F8,168
FUN_002c0500,0x002C0500,0x002C0660,352
FUN_002c0660,0x002C0660,0x002C06C8,104
FUN_002c06d0,0x002C06D0,0x002C0728,88
FUN_002c0730,0x002C0730,0x002C0738,8
FUN_002c0740,0x002C0740,0x002C07A8,104
FUN_002c07b0,0x002C07B0,0x002C081C,108
FUN_002c0820,0x002C0820,0x002C08B0,144
FUN_002c08b0,0x002C08B0,0x002C09D4,292
FUN_002c09e0,0x002C09E0,0x002C09F4,20
FUN_002c0a00,0x002C0A00,0x002C0A10,16
FUN_002c0a10,0x002C0A10,0x002C0A78,104
FUN_002c0a80,0x002C0A80,0x002C0AA0,32
FUN_002c0aa0,0x002C0AA0,0x002C0D70,720
FUN_002c0d70,0x002C0D70,0x002C0D98,40
FUN_002c1040,0x002C1040,0x002C1358,792
FUN_002c1358,0x002C1358,0x002C15CC,628
FUN_002c15d0,0x002C15D0,0x002C1634,100
FUN_002c1640,0x002C1640,0x002C1678,56
FUN_002c1680,0x002C1680,0x002C16CC,76
FUN_002c16d0,0x002C16D0,0x002C16DC,12
FUN_002c16e0,0x002C16E0,0x002C16F8,24
FUN_002c1700,0x002C1700,0x002C172C,44
FUN_002c1730,0x002C1730,0x002C173C,12
FUN_002c1740,0x002C1740,0x002C174C,12
FUN_002c1750,0x002C1750,0x002C17B0,96
FUN_002c17b0,0x002C17B0,0x002C17BC,12
FUN_002c17c0,0x002C17C0,0x002C17CC,12
FUN_002c17d0,0x002C17D0,0x002C17E4,20
FUN_002c17f0,0x002C17F0,0x002C17FC,12
FUN_002c1800,0x002C1800,0x002C1820,32
FUN_002c1820,0x002C1820,0x002C184C,44
FUN_002c1850,0x002C1850,0x002C18B0,96
FUN_002c18b0,0x002C18B0,0x002C1904,84
FUN_002c1910,0x002C1910,0x002C1AA4,404
FUN_002c1aa4,0x002C1AA4,0x002C1CD4,560
FUN_002c1dc0,0x002C1DC0,0x002C1DCC,12
FUN_002c1dcc,0x002C1DCC,0x002C1E8C,192
FUN_002c1e90,0x002C1E90,0x002C1F3C,172
FUN_002c1f40,0x002C1F40,0x002C1F48,8
FUN_002c1f50,0x002C1F50,0x002C1F58,8
FUN_002c1f60,0x002C1F60,0x002C2074,276
FUN_002c2074,0x002C2074,0x002C208C,24
FUN_002c20a8,0x002C20A8,0x002C20A0,-8
FUN_002c20e0,0x002C20E0,0x002C20FC,28
FUN_002c2100,0x002C2100,0x002C2180,128
FUN_002c2180,0x002C2180,0x002C22C8,328
FUN_002c22d0,0x002C22D0,0x002C23D0,256
FUN_002c23d0,0x002C23D0,0x002C27CC,1020
FUN_002c27d0,0x002C27D0,0x002C27E0,16
FUN_002c27e0,0x002C27E0,0x002C2810,48
FUN_002c2810,0x002C2810,0x002C2864,84
FUN_002c2864,0x002C2864,0x002C2874,16
FUN_002c2880,0x002C2880,0x002C2B8C,780
FUN_002c2b90,0x002C2B90,0x002C2DB8,552
FUN_002c2dc0,0x002C2DC0,0x002C3074,692
FUN_002c3080,0x002C3080,0x002C30B8,56
FUN_002c30c0,0x002C30C0,0x002C30C8,8
FUN_002c30d0,0x002C30D0,0x002C3780,1712
FUN_002c3780,0x002C3780,0x002C3C54,1236
FUN_002c3c60,0x002C3C60,0x002C3C68,8
FUN_002c3c70,0x002C3C70,0x002C3C7C,12
FUN_002c3c80,0x002C3C80,0x002C3C94,20
FUN_002c3ca0,0x002C3CA0,0x002C4A44,3492
FUN_002c4a50,0x002C4A50,0x002C4A90,64
FUN_002c4a90,0x002C4A90,0x002C5238,1960
FUN_002c5240,0x002C5240,0x002C5250,16
FUN_002c5250,0x002C5250,0x002C5648,1016
FUN_002c5650,0x002C5650,0x002C5F50,2304
FUN_002c5f50,0x002C5F50,0x002C5F60,16
FUN_002c5f60,0x002C5F60,0x002C60B4,340
FUN_002c60c0,0x002C60C0,0x002C67C4,1796
FUN_002c67d0,0x002C67D0,0x002C67D8,8
FUN_002c67e0,0x002C67E0,0x002C67F8,24
FUN_002c6800,0x002C6800,0x002C685C,92
FUN_002c6860,0x002C6860,0x002C68A8,72
FUN_002c68b0,0x002C68B0,0x002C6AB4,516
FUN_002c6ac0,0x002C6AC0,0x002C6BB0,240
FUN_002c6bb0,0x002C6BB0,0x002C6C94,228
FUN_002c6ca0,0x002C6CA0,0x002C6D24,132
FUN_002c6d30,0x002C6D30,0x002C6DD8,168
FUN_002c6de0,0x002C6DE0,0x002C6E74,148
FUN_002c6e80,0x002C6E80,0x002C6EDC,92
FUN_002c6ee0,0x002C6EE0,0x002C6F5C,124
FUN_002c6f60,0x002C6F60,0x002C70C8,360
FUN_002c70d0,0x002C70D0,0x002C7138,104
FUN_002c7140,0x002C7140,0x002C7260,288
FUN_002c7260,0x002C7260,0x002C74A0,576
FUN_002c74a0,0x002C74A0,0x002C7690,496
FUN_002c7690,0x002C7690,0x002C7730,160
FUN_002c7730,0x002C7730,0x002C7A48,792
FUN_002c7a50,0x002C7A50,0x002C7ACC,124
FUN_002c7ad0,0x002C7AD0,0x002C7B74,164
FUN_002c7b80,0x002C7B80,0x002C7D80,512
FUN_002c7d80,0x002C7D80,0x002C7F60,480
FUN_002c7f60,0x002C7F60,0x002C7FD4,116
FUN_002c7fe0,0x002C7FE0,0x002C8188,424
FUN_002c8190,0x002C8190,0x002C8320,400
FUN_002c8320,0x002C8320,0x002C8468,328
FUN_002c8470,0x002C8470,0x002C8920,1200
FUN_002c8920,0x002C8920,0x002C8DD0,1200
FUN_002c8dd0,0x002C8DD0,0x002C8E0C,60
FUN_002c8e10,0x002C8E10,0x002C8E1C,12
FUN_002c8e20,0x002C8E20,0x002C8EB4,148
FUN_002c8ec0,0x002C8EC0,0x002C9074,436
FUN_002c9080,0x002C9080,0x002C91C0,320
FUN_002c91c0,0x002C91C0,0x002C91FC,60
FUN_002c9200,0x002C9200,0x002C9284,132
FUN_002c9290,0x002C9290,0x002C92C0,48
FUN_002c92c0,0x002C92C0,0x002C939C,220
FUN_002c939c,0x002C939C,0x002C93C0,36
FUN_002c93d0,0x002C93D0,0x002C9408,56
FUN_002c9408,0x002C9408,0x002C9424,28
FUN_002c9430,0x002C9430,0x002C9530,256
FUN_002c9530,0x002C9530,0x002C953C,12
FUN_002c9540,0x002C9540,0x002C96C8,392
FUN_002c96d0,0x002C96D0,0x002C9A64,916
FUN_002c9a70,0x002C9A70,0x002C9D34,708
FUN_002c9d40,0x002C9D40,0x002C9E44,260
FUN_002c9e50,0x002C9E50,0x002C9F5C,268
FUN_002c9f60,0x002C9F60,0x002CA170,528
FUN_002ca170,0x002CA170,0x002CA20C,156
FUN_002ca210,0x002CA210,0x002CA484,628
FUN_002ca490,0x002CA490,0x002CA81C,908
FUN_002ca820,0x002CA820,0x002CA948,296
FUN_002ca950,0x002CA950,0x002CAA40,240
FUN_002caa40,0x002CAA40,0x002CAAE8,168
FUN_002caaf0,0x002CAAF0,0x002CB1F4,1796
FUN_002cb200,0x002CB200,0x002CB270,112
FUN_002cb270,0x002CB270,0x002CB310,160
FUN_002cb310,0x002CB310,0x002CB3B0,160
FUN_002cb3b0,0x002CB3B0,0x002CB450,160
FUN_002cb450,0x002CB450,0x002CB5E8,408
FUN_002cb5f0,0x002CB5F0,0x002CC5B0,4032
FUN_002cc5b0,0x002CC5B0,0x002CCB08,1368
FUN_002ccb10,0x002CCB10,0x002CCDBC,684
FUN_002ccdc0,0x002CCDC0,0x002CCF7C,444
FUN_002ccf80,0x002CCF80,0x002CD030,176
FUN_002cd030,0x002CD030,0x002CD0F4,196
FUN_002cd100,0x002CD100,0x002CD2D0,464
FUN_002cd2d0,0x002CD2D0,0x002CD4B4,484
FUN_002cd4c0,0x002CD4C0,0x002CD5E4,292
FUN_002cd5f0,0x002CD5F0,0x002CD620,48
FUN_002cd620,0x002CD620,0x002CD674,84
FUN_002cd680,0x002CD680,0x002CD704,132
FUN_002cd710,0x002CD710,0x002CD794,132
FUN_002cd7a0,0x002CD7A0,0x002CD850,176
FUN_002cd850,0x002CD850,0x002CD924,212
FUN_002cd930,0x002CD930,0x002CD9A4,116
FUN_002cd9b0,0x002CD9B0,0x002CDA58,168
FUN_002cda60,0x002CDA60,0x002CDAE8,136
FUN_002cdaf0,0x002CDAF0,0x002CDB3C,76
FUN_002cdb40,0x002CDB40,0x002CDDD0,656
FUN_002cddd0,0x002CDDD0,0x002CDEF8,296
FUN_002cdf00,0x002CDF00,0x002CE4EC,1516
FUN_002ce4f0,0x002CE4F0,0x002CE510,32
FUN_002ce510,0x002CE510,0x002CE6C4,436
FUN_002ce6d0,0x002CE6D0,0x002CE7C8,248
FUN_002ce7d0,0x002CE7D0,0x002CE94C,380
FUN_002ce950,0x002CE950,0x002CEB2C,476
FUN_002ceb30,0x002CEB30,0x002CEB40,16
FUN_002ceb40,0x002CEB40,0x002CEE08,712
FUN_002cee10,0x002CEE10,0x002CF168,856
thunk_FUN_0021fe50_002cf170,0x002CF170,0x002CF178,8
FUN_002cf180,0x002CF180,0x002D0514,5012
FUN_002d0520,0x002D0520,0x002D0544,36
FUN_002d0550,0x002D0550,0x002D0558,8
FUN_002d0560,0x002D0560,0x002D0568,8
FUN_002d0570,0x002D0570,0x002D05A0,48
FUN_002d05a0,0x002D05A0,0x002D05A8,8
FUN_002d05b0,0x002D05B0,0x002D088C,732
FUN_002d0890,0x002D0890,0x002D0968,216
FUN_002d0970,0x002D0970,0x002D097C,12
FUN_002d0980,0x002D0980,0x002D0A64,228
FUN_002d0a70,0x002D0A70,0x002D190C,3740
FUN_002d1910,0x002D1910,0x002D1D98,1160
FUN_002d1da0,0x002D1DA0,0x002D2098,760
FUN_002d2098,0x002D2098,0x002D20A8,16
FUN_002d20a8,0x002D20A8,0x002D20B4,12
FUN_002d20b4,0x002D20B4,0x002D2188,212
FUN_002d2188,0x002D2188,0x002D22F0,360
FUN_002d2810,0x002D2810,0x002D282C,28
FUN_002d2830,0x002D2830,0x002D2C34,1028
FUN_002d2c40,0x002D2C40,0x002D2D78,312
FUN_002d2d80,0x002D2D80,0x002D2F0C,396
FUN_002d2f10,0x002D2F10,0x002D316C,604
FUN_002d3170,0x002D3170,0x002D3294,292
FUN_002d32a0,0x002D32A0,0x002D33A8,264
FUN_002d33b0,0x002D33B0,0x002D3498,232
FUN_002d34a0,0x002D34A0,0x002D34B8,24
FUN_002d34c0,0x002D34C0,0x002D34CC,12
FUN_002d34d0,0x002D34D0,0x002D34F0,32
FUN_002d34f0,0x002D34F0,0x002D3640,336
FUN_002d3640,0x002D3640,0x002D3674,52
FUN_002d3680,0x002D3680,0x002D36E8,104
FUN_002d36f0,0x002D36F0,0x002D36F8,8
FUN_002d3700,0x002D3700,0x002D3730,48
FUN_002d3730,0x002D3730,0x002D37F4,196
FUN_002d3800,0x002D3800,0x002D38CC,204
FUN_002d38d0,0x002D38D0,0x002D38D8,8
FUN_002d38e0,0x002D38E0,0x002D3970,144
FUN_002d3970,0x002D3970,0x002D39BC,76
FUN_002d39c0,0x002D39C0,0x002D3A44,132
FUN_002d3a50,0x002D3A50,0x002D3AD0,128
FUN_002d3ad0,0x002D3AD0,0x002D3BC0,240
FUN_002d3bc0,0x002D3BC0,0x002D3D44,388
FUN_002d3d50,0x002D3D50,0x002D3D5C,12
FUN_002d3d60,0x002D3D60,0x002D3D68,8
FUN_002d3d70,0x002D3D70,0x002D3D78,8
FUN_002d3d80,0x002D3D80,0x002D3DE8,104
FUN_002d3df0,0x002D3DF0,0x002D3E40,80
FUN_002d3e40,0x002D3E40,0x002D3EB8,120
FUN_002d3ec0,0x002D3EC0,0x002D3ED0,16
FUN_002d3ed0,0x002D3ED0,0x002D3F78,168
FUN_002d3f80,0x002D3F80,0x002D4030,176
FUN_002d4030,0x002D4030,0x002D40C4,148
FUN_002d40d0,0x002D40D0,0x002D4148,120
FUN_002d4150,0x002D4150,0x002D41D4,132
FUN_002d41e0,0x002D41E0,0x002D423C,92
FUN_002d4240,0x002D4240,0x002D4310,208
FUN_002d4310,0x002D4310,0x002D43B8,168
FUN_002d43c0,0x002D43C0,0x002D43D0,16
FUN_002d43d0,0x002D43D0,0x002D4478,168
FUN_002d4480,0x002D4480,0x002D4530,176
FUN_002d4530,0x002D4530,0x002D4594,100
FUN_002d45a0,0x002D45A0,0x002D45CC,44
FUN_002d45d0,0x002D45D0,0x002D4618,72
FUN_002d4620,0x002D4620,0x002D462C,12
FUN_002d4630,0x002D4630,0x002D465C,44
FUN_002d4660,0x002D4660,0x002D4668,8
FUN_002d4670,0x002D4670,0x002D46CC,92
FUN_002d46d0,0x002D46D0,0x002D4738,104
FUN_002d4740,0x002D4740,0x002D4844,260
FUN_002d4850,0x002D4850,0x002D4858,8
FUN_002d4860,0x002D4860,0x002D4898,56
FUN_002d48a0,0x002D48A0,0x002D48A8,8
FUN_002d48b0,0x002D48B0,0x002D48E8,56
FUN_002d48f0,0x002D48F0,0x002D4924,52
FUN_002d4930,0x002D4930,0x002D49BC,140
FUN_002d49c0,0x002D49C0,0x002D49F8,56
FUN_002d4a00,0x002D4A00,0x002D4A38,56
FUN_002d4a40,0x002D4A40,0x002D4A78,56
FUN_002d4a80,0x002D4A80,0x002D4AB0,48
FUN_002d4ab0,0x002D4AB0,0x002D4AE8,56
FUN_002d4af0,0x002D4AF0,0x002D4B24,52
FUN_002d4b30,0x002D4B30,0x002D4B38,8
FUN_002d4b40,0x002D4B40,0x002D4B48,8
FUN_002d4b50,0x002D4B50,0x002D4B94,68
FUN_002d4ba0,0x002D4BA0,0x002D4C00,96
FUN_002d4c00,0x002D4C00,0x002D4C30,48
FUN_002d4c30,0x002D4C30,0x002D4C88,88
FUN_002d4c90,0x002D4C90,0x002D4D1C,140
FUN_002d4d20,0x002D4D20,0x002D4DF8,216
FUN_002d4e00,0x002D4E00,0x002D4E40,64
FUN_002d4e40,0x002D4E40,0x002D4EB0,112
FUN_002d4eb0,0x002D4EB0,0x002D4F24,116
FUN_002d4f30,0x002D4F30,0x002D4FBC,140
FUN_002d4fc0,0x002D4FC0,0x002D506C,172
FUN_002d5070,0x002D5070,0x002D50EC,124
FUN_002d50f0,0x002D50F0,0x002D516C,124
FUN_002d5170,0x002D5170,0x002D5224,180
FUN_002d5230,0x002D5230,0x002D5290,96
FUN_002d5290,0x002D5290,0x002D52F8,104
FUN_002d5300,0x002D5300,0x002D5360,96
FUN_002d5360,0x002D5360,0x002D5398,56
FUN_002d53a0,0x002D53A0,0x002D53D8,56
FUN_002d53e0,0x002D53E0,0x002D5408,40
FUN_002d5410,0x002D5410,0x002D5438,40
FUN_002d5440,0x002D5440,0x002D55DC,412
FUN_002d55e0,0x002D55E0,0x002D56D0,240
FUN_002d56d0,0x002D56D0,0x002D572C,92
FUN_002d5730,0x002D5730,0x002D578C,92
FUN_002d5790,0x002D5790,0x002D57D0,64
FUN_002d57d0,0x002D57D0,0x002D58B4,228
FUN_002d58c0,0x002D58C0,0x002D58F4,52
FUN_002d5900,0x002D5900,0x002D5940,64
FUN_002d5940,0x002D5940,0x002D598C,76
FUN_002d5990,0x002D5990,0x002D59A0,16
FUN_002d59a0,0x002D59A0,0x002D59B4,20
FUN_002d59c0,0x002D59C0,0x002D59D4,20
FUN_002d59e0,0x002D59E0,0x002D5C1C,572
FUN_002d5c20,0x002D5C20,0x002D5F10,752
FUN_002d5f10,0x002D5F10,0x002D5F70,96
FUN_002d5f70,0x002D5F70,0x002D5FF0,128
FUN_002d5ff0,0x002D5FF0,0x002D60A8,184
FUN_002d60b0,0x002D60B0,0x002D6110,96
FUN_002d6110,0x002D6110,0x002D6210,256
FUN_002d6210,0x002D6210,0x002D62E4,212
FUN_002d62f0,0x002D62F0,0x002D638C,156
FUN_002d6390,0x002D6390,0x002D642C,156
FUN_002d6430,0x002D6430,0x002D64B8,136
FUN_002d64c0,0x002D64C0,0x002D6554,148
FUN_002d6560,0x002D6560,0x002D65DC,124
FUN_002d65e0,0x002D65E0,0x002D6660,128
FUN_002d6660,0x002D6660,0x002D66AC,76
FUN_002d66b0,0x002D66B0,0x002D6704,84
FUN_002d6710,0x002D6710,0x002D67AC,156
FUN_002d67b0,0x002D67B0,0x002D685C,172
FUN_002d6860,0x002D6860,0x002D6970,272
FUN_002d6970,0x002D6970,0x002D6A7C,268
FUN_002d6a80,0x002D6A80,0x002D6B1C,156
FUN_002d6b20,0x002D6B20,0x002D6BA8,136
FUN_002d6bb0,0x002D6BB0,0x002D6CE4,308
FUN_002d6cf0,0x002D6CF0,0x002D6CF8,8
FUN_002d6d00,0x002D6D00,0x002D6D08,8
FUN_002d6d10,0x002D6D10,0x002D6D40,48
FUN_002d6d40,0x002D6D40,0x002D6D70,48
FUN_002d6d70,0x002D6D70,0x002D6E40,208
FUN_002d6e40,0x002D6E40,0x002D6F10,208
FUN_002d6f10,0x002D6F10,0x002D7028,280
FUN_002d7030,0x002D7030,0x002D7038,8
FUN_002d7040,0x002D7040,0x002D7054,20
FUN_002d7060,0x002D7060,0x002D709C,60
FUN_002d70a0,0x002D70A0,0x002D70DC,60
FUN_002d70e0,0x002D70E0,0x002D7120,64
FUN_002d7120,0x002D7120,0x002D7174,84
FUN_002d7180,0x002D7180,0x002D73BC,572
FUN_002d73c0,0x002D73C0,0x002D7420,96
FUN_002d7420,0x002D7420,0x002D7480,96
FUN_002d7480,0x002D7480,0x002D7508,136
FUN_002d7510,0x002D7510,0x002D7560,80
FUN_002d7560,0x002D7560,0x002D75C8,104
FUN_002d75d0,0x002D75D0,0x002D75F8,40
FUN_002d7600,0x002D7600,0x002D7628,40
FUN_002d7630,0x002D7630,0x002D765C,44
FUN_002d7660,0x002D7660,0x002D7694,52
FUN_002d76a0,0x002D76A0,0x002D76D4,52
FUN_002d76e0,0x002D76E0,0x002D775C,124
FUN_002d7760,0x002D7760,0x002D77DC,124
FUN_002d77e0,0x002D77E0,0x002D782C,76
FUN_002d7830,0x002D7830,0x002D787C,76
FUN_002d7880,0x002D7880,0x002D78CC,76
FUN_002d78d0,0x002D78D0,0x002D7914,68
FUN_002d7920,0x002D7920,0x002D7964,68
FUN_002d7970,0x002D7970,0x002D7AF0,384
FUN_002d7af0,0x002D7AF0,0x002D7AF8,8
FUN_002d7b00,0x002D7B00,0x002D7F34,1076
FUN_002d7f40,0x002D7F40,0x002D7F48,8
FUN_002d7f50,0x002D7F50,0x002D806C,284
FUN_002d8070,0x002D8070,0x002D80E8,120
FUN_002d8100,0x002D8100,0x002D81D8,216
FUN_002d81e0,0x002D81E0,0x002D8C44,2660
FUN_002d8c50,0x002D8C50,0x002D8DE4,404
FUN_002d8df0,0x002D8DF0,0x002D8E64,116
FUN_002d8e70,0x002D8E70,0x002D8E78,8
FUN_002d8e80,0x002D8E80,0x002D8F14,148
FUN_002d8f20,0x002D8F20,0x002D8F2C,12
FUN_002d8f30,0x002D8F30,0x002D8F3C,12
FUN_002d8f40,0x002D8F40,0x002D8F7C,60
FUN_002d8f80,0x002D8F80,0x002D927C,764
FUN_002d9280,0x002D9280,0x002D9288,8
FUN_002d9290,0x002D9290,0x002D9298,8
FUN_002d92a0,0x002D92A0,0x002D92A8,8
FUN_002d92b0,0x002D92B0,0x002D9314,100
FUN_002d9320,0x002D9320,0x002D9384,100
FUN_002d9390,0x002D9390,0x002D9398,8
FUN_002d93a0,0x002D93A0,0x002D966C,716
FUN_002d9670,0x002D9670,0x002D98FC,652
FUN_002d9900,0x002D9900,0x002D9990,144
FUN_002d9990,0x002D9990,0x002D9D64,980
FUN_002d9d70,0x002D9D70,0x002D9F24,436
FUN_002d9f30,0x002D9F30,0x002DA4A0,1392
FUN_002da4a0,0x002DA4A0,0x002DA5AC,268
FUN_002da5b0,0x002DA5B0,0x002DA774,452
FUN_002da780,0x002DA780,0x002DA958,472
FUN_002da960,0x002DA960,0x002DAB3C,476
FUN_002dab40,0x002DAB40,0x002DAD24,484
FUN_002dad30,0x002DAD30,0x002DAFBC,652
FUN_002dafc0,0x002DAFC0,0x002DB544,1412
FUN_002db550,0x002DB550,0x002DB558,8
FUN_002db560,0x002DB560,0x002DB59C,60
FUN_002db5a0,0x002DB5A0,0x002DB638,152
FUN_002db640,0x002DB640,0x002DB97C,828
FUN_002db980,0x002DB980,0x002DB9AC,44
FUN_002db9b0,0x002DB9B0,0x002DC7B0,3584
FUN_002dc7b0,0x002DC7B0,0x002DC7D4,36
FUN_002dc7e0,0x002DC7E0,0x002DCD74,1428
FUN_002dcd80,0x002DCD80,0x002DD0BC,828
FUN_002dd0c0,0x002DD0C0,0x002DD150,144
FUN_002dd150,0x002DD150,0x002DD45C,780
FUN_002dd460,0x002DD460,0x002DD73C,732
FUN_002dd740,0x002DD740,0x002DD84C,268
FUN_002dd850,0x002DD850,0x002DD894,68
FUN_002dd8a0,0x002DD8A0,0x002DD96C,204
FUN_002dd970,0x002DD970,0x002DDB78,520
FUN_002ddb78,0x002DDB78,0x002DDC00,136
FUN_002ddc00,0x002DDC00,0x002DDC80,128
FUN_002ddcd0,0x002DDCD0,0x002DDDA4,212
FUN_002dddb0,0x002DDDB0,0x002DDE4C,156
FUN_002dde50,0x002DDE50,0x002DDECC,124
FUN_002dded0,0x002DDED0,0x002DDED8,8
FUN_002ddee0,0x002DDEE0,0x002DDEF0,16
FUN_002ddef0,0x002DDEF0,0x002DDEF8,8
FUN_002ddf00,0x002DDF00,0x002DDF08,8
FUN_002ddf10,0x002DDF10,0x002DDF18,8
FUN_002ddf20,0x002DDF20,0x002DE0B8,408
FUN_002de0c0,0x002DE0C0,0x002DE0F4,52
FUN_002de100,0x002DE100,0x002DE134,52
FUN_002de140,0x002DE140,0x002DE174,52
FUN_002de180,0x002DE180,0x002DE1B4,52
FUN_002de1c0,0x002DE1C0,0x002DE1F4,52
FUN_002de200,0x002DE200,0x002DE234,52
FUN_002de240,0x002DE240,0x002DE274,52
FUN_002de280,0x002DE280,0x002DE2B4,52
FUN_002de2c0,0x002DE2C0,0x002DE2F4,52
FUN_002de300,0x002DE300,0x002DE34C,76
FUN_002de350,0x002DE350,0x002DE384,52
FUN_002de390,0x002DE390,0x002DE3C4,52
FUN_002de3d0,0x002DE3D0,0x002DE404,52
FUN_002de410,0x002DE410,0x002DE444,52
FUN_002de450,0x002DE450,0x002DE484,52
FUN_002de490,0x002DE490,0x002DE4A0,16
FUN_002de4a0,0x002DE4A0,0x002DE510,112
FUN_002de510,0x002DE510,0x002DE548,56
FUN_002de550,0x002DE550,0x002DE564,20
FUN_002de570,0x002DE570,0x002DE5A8,56
FUN_002de5b0,0x002DE5B0,0x002DE7F8,584
FUN_002de800,0x002DE800,0x002DE874,116
FUN_002de880,0x002DE880,0x002DE8DC,92
FUN_002de8e0,0x002DE8E0,0x002DE9CC,236
FUN_002de9d0,0x002DE9D0,0x002DEA04,52
FUN_002dea10,0x002DEA10,0x002DEAC0,176
FUN_002deac0,0x002DEAC0,0x002DEC28,360
FUN_002dec30,0x002DEC30,0x002DECBC,140
FUN_002decc0,0x002DECC0,0x002DECD0,16
FUN_002decd0,0x002DECD0,0x002DF624,2388
FUN_002df630,0x002DF630,0x002DFAF0,1216
FUN_002dfaf0,0x002DFAF0,0x002DFD8C,668
FUN_002dfd90,0x002DFD90,0x002DFDAC,28
FUN_002dfdb0,0x002DFDB0,0x002E00A8,760
FUN_002e00b0,0x002E00B0,0x002E00B8,8
FUN_002e00c0,0x002E00C0,0x002E0690,1488
FUN_002e0690,0x002E0690,0x002E0940,688
FUN_002e0940,0x002E0940,0x002E0AD4,404
FUN_002e0ae0,0x002E0AE0,0x002E0EA0,960
FUN_002e0ea0,0x002E0EA0,0x002E16A4,2052
FUN_002e16b0,0x002E16B0,0x002E17F4,324
FUN_002e1800,0x002E1800,0x002E1944,324
FUN_002e1950,0x002E1950,0x002E1978,40
FUN_002e1980,0x002E1980,0x002E1988,8
FUN_002e1990,0x002E1990,0x002E1998,8
FUN_002e19a0,0x002E19A0,0x002E19A8,8
FUN_002e19b0,0x002E19B0,0x002E19B8,8
FUN_002e19c0,0x002E19C0,0x002E19FC,60
FUN_002e1a00,0x002E1A00,0x002E1B54,340
FUN_002e1b60,0x002E1B60,0x002E1D10,432
FUN_002e1d10,0x002E1D10,0x002E1DF0,224
FUN_002e1df0,0x002E1DF0,0x002E1F40,336
FUN_002e1f40,0x002E1F40,0x002E202C,236
FUN_002e2030,0x002E2030,0x002E20B8,136
FUN_002e20c0,0x002E20C0,0x002E21A8,232
FUN_002e21b0,0x002E21B0,0x002E2224,116
FUN_002e2230,0x002E2230,0x002E2238,8
FUN_002e2240,0x002E2240,0x002E22B4,116
FUN_002e22c0,0x002E22C0,0x002E22D4,20
FUN_002e22e0,0x002E22E0,0x002E22EC,12
FUN_002e22f0,0x002E22F0,0x002E2304,20
FUN_002e2310,0x002E2310,0x002E2324,20
FUN_002e2330,0x002E2330,0x002E233C,12
FUN_002e2340,0x002E2340,0x002E2354,20
FUN_002e2360,0x002E2360,0x002E2378,24
FUN_002e2380,0x002E2380,0x002E239C,28
FUN_002e23a0,0x002E23A0,0x002E2474,212
FUN_002e2480,0x002E2480,0x002E24E0,96
FUN_002e24e0,0x002E24E0,0x002E2620,320
FUN_002e2620,0x002E2620,0x002E2740,288
FUN_002e2740,0x002E2740,0x002E27E0,160
FUN_002e27e0,0x002E27E0,0x002E2880,160
FUN_002e2880,0x002E2880,0x002E2920,160
FUN_002e2920,0x002E2920,0x002E2964,68
FUN_002e2970,0x002E2970,0x002E2A5C,236
FUN_002e2a60,0x002E2A60,0x002E2BC4,356
FUN_002e2bd0,0x002E2BD0,0x002E2BDC,12
FUN_002e2be0,0x002E2BE0,0x002E2C54,116
FUN_002e2c60,0x002E2C60,0x002E2C68,8
FUN_002e2c70,0x002E2C70,0x002E2DD4,356
FUN_002e2de0,0x002E2DE0,0x002E2ED8,248
FUN_002e2ee0,0x002E2EE0,0x002E2FB4,212
FUN_002e2fc0,0x002E2FC0,0x002E304C,140
FUN_002e3050,0x002E3050,0x002E30C4,116
FUN_002e30d0,0x002E30D0,0x002E312C,92
FUN_002e3130,0x002E3130,0x002E3340,528
FUN_002e3340,0x002E3340,0x002E3380,64
FUN_002e3380,0x002E3380,0x002E33D8,88
FUN_002e33e0,0x002E33E0,0x002E3408,40
FUN_002e3410,0x002E3410,0x002E3418,8
FUN_002e3420,0x002E3420,0x002E3480,96
FUN_002e3480,0x002E3480,0x002E34FC,124
FUN_002e3500,0x002E3500,0x002E3598,152
FUN_002e35a0,0x002E35A0,0x002E3684,228
FUN_002e3684,0x002E3684,0x002E36D8,84
FUN_002e3734,0x002E3734,0x002E3864,304
FUN_002e3864,0x002E3864,0x002E389C,56
FUN_002e38a0,0x002E38A0,0x002E39EC,332
FUN_002e39f0,0x002E39F0,0x002E3DA4,948
FUN_002e3db0,0x002E3DB0,0x002E3E74,196
FUN_002e3e80,0x002E3E80,0x002E3EEC,108
FUN_002e3ef0,0x002E3EF0,0x002E415C,620
FUN_002e4160,0x002E4160,0x002E4264,260
FUN_002e4264,0x002E4264,0x002E48C4,1632
FUN_002e4944,0x002E4944,0x002E4BC0,636
FUN_002e4bc0,0x002E4BC0,0x002E4CE4,292
FUN_002e4cf0,0x002E4CF0,0x002E4D1C,44
FUN_002e4d20,0x002E4D20,0x002E4D88,104
FUN_002e4d90,0x002E4D90,0x002E4D9C,12
FUN_002e4da0,0x002E4DA0,0x002E4DB4,20
FUN_002e4dc0,0x002E4DC0,0x002E4DD8,24
FUN_002e4de0,0x002E4DE0,0x002E4DF0,16
FUN_002e4df0,0x002E4DF0,0x002E4E00,16
FUN_002e4e00,0x002E4E00,0x002E5150,848
FUN_002e5150,0x002E5150,0x002E5164,20
FUN_002e5170,0x002E5170,0x002E52F4,388
FUN_002e5300,0x002E5300,0x002E5350,80
FUN_002e5350,0x002E5350,0x002E55CC,636
FUN_002e55d0,0x002E55D0,0x002E5604,52
FUN_002e5610,0x002E5610,0x002E5644,52
FUN_002e5650,0x002E5650,0x002E5684,52
FUN_002e5690,0x002E5690,0x002E56C4,52
FUN_002e56d0,0x002E56D0,0x002E5704,52
FUN_002e5710,0x002E5710,0x002E571C,12
FUN_002e5720,0x002E5720,0x002E57F8,216
FUN_002e5800,0x002E5800,0x002E580C,12
FUN_002e5810,0x002E5810,0x002E5818,8
FUN_002e5820,0x002E5820,0x002E5A54,564
FUN_002e5a60,0x002E5A60,0x002E5A78,24
FUN_002e5a80,0x002E5A80,0x002E5C8C,524
FUN_002e5c90,0x002E5C90,0x002E5C9C,12
FUN_002e5ca0,0x002E5CA0,0x002E5CA8,8
FUN_002e5cb0,0x002E5CB0,0x002E61B4,1284
FUN_002e61c0,0x002E61C0,0x002E61C8,8
FUN_002e61d0,0x002E61D0,0x002E61D8,8
FUN_002e61e0,0x002E61E0,0x002E61EC,12
FUN_002e61f0,0x002E61F0,0x002E61FC,12
FUN_002e6200,0x002E6200,0x002E64F4,756
FUN_002e6500,0x002E6500,0x002E651C,28
FUN_002e6520,0x002E6520,0x002E6528,8
FUN_002e6530,0x002E6530,0x002E6538,8
FUN_002e6540,0x002E6540,0x002E6548,8
FUN_002e6550,0x002E6550,0x002E6630,224
FUN_002e6630,0x002E6630,0x002E66CC,156
FUN_002e66d0,0x002E66D0,0x002E6708,56
FUN_002e6710,0x002E6710,0x002E6738,40
FUN_002e6740,0x002E6740,0x002E6768,40
FUN_002e6770,0x002E6770,0x002E6780,16
FUN_002e6780,0x002E6780,0x002E67B0,48
FUN_002e67b0,0x002E67B0,0x002E67DC,44
FUN_002e67e0,0x002E67E0,0x002E6874,148
FUN_002e6880,0x002E6880,0x002E68C8,72
FUN_002e68d0,0x002E68D0,0x002E68F8,40
FUN_002e6900,0x002E6900,0x002E6BA0,672
thunk_FUN_002e6bc0,0x002E6BA0,0x002E6BA8,8
thunk_FUN_002e72c0_002e6bb0,0x002E6BB0,0x002E6BB8,8
FUN_002e6bc0,0x002E6BC0,0x002E71FC,1596
FUN_002e7200,0x002E7200,0x002E72B8,184
FUN_002e72c0,0x002E72C0,0x002E7848,1416
FUN_002e7850,0x002E7850,0x002E7CAC,1116
FUN_002e7cb0,0x002E7CB0,0x002E86A8,2552
FUN_002e86b0,0x002E86B0,0x002E8C7C,1484
FUN_002e8c80,0x002E8C80,0x002E8D74,244
FUN_002e8d80,0x002E8D80,0x002E8F44,452
FUN_002e8f50,0x002E8F50,0x002E9914,2500
FUN_002e9920,0x002E9920,0x002E9CC8,936
FUN_002e9cd0,0x002E9CD0,0x002EA298,1480
FUN_002ea2a0,0x002EA2A0,0x002EA818,1400
FUN_002ea820,0x002EA820,0x002EA8CC,172
FUN_002ea8d0,0x002EA8D0,0x002EC5C4,7412
FUN_002ec5d0,0x002EC5D0,0x002EC668,152
FUN_002ec670,0x002EC670,0x002ED754,4324
FUN_002ed754,0x002ED754,0x002ED784,48
FUN_002ed790,0x002ED790,0x002EDB90,1024
FUN_002edb90,0x002EDB90,0x002EEAFC,3948
FUN_002eeafc,0x002EEAFC,0x002EEB2C,48
FUN_002eeb30,0x002EEB30,0x002EEB44,20
FUN_002eeb50,0x002EEB50,0x002EEC8C,316
FUN_002eec90,0x002EEC90,0x002EEE50,448
FUN_002eee50,0x002EEE50,0x002EEEA0,80
FUN_002eeea0,0x002EEEA0,0x002EF0DC,572
FUN_002ef0e0,0x002EF0E0,0x002EF458,888
FUN_002ef460,0x002EF460,0x002EF4C4,100
FUN_002ef4d0,0x002EF4D0,0x002EFA9C,1484
FUN_002efaa0,0x002EFAA0,0x002EFCCC,556
FUN_002efcd0,0x002EFCD0,0x002EFF08,568
FUN_002eff10,0x002EFF10,0x002F0290,896
FUN_002f0290,0x002F0290,0x002F0B64,2260
FUN_002f0b70,0x002F0B70,0x002F0B78,8
FUN_002f0b80,0x002F0B80,0x002F0BA8,40
FUN_002f0bb0,0x002F0BB0,0x002F0BB8,8
FUN_002f0bc0,0x002F0BC0,0x002F0BC8,8
FUN_002f0bd0,0x002F0BD0,0x002F0BD8,8
FUN_002f0be0,0x002F0BE0,0x002F0BE8,8
FUN_002f0bf0,0x002F0BF0,0x002F0BF8,8
FUN_002f0c00,0x002F0C00,0x002F0C0C,12
FUN_002f0c10,0x002F0C10,0x002F1278,1640
FUN_002f1278,0x002F1278,0x002F2C88,6672
FUN_002f2c88,0x002F2C88,0x002F2CB8,48
FUN_002f2cc0,0x002F2CC0,0x002F2ECC,524
FUN_002f2ed0,0x002F2ED0,0x002F3010,320
FUN_002f3010,0x002F3010,0x002F3090,128
FUN_002f3090,0x002F3090,0x002F402C,3996
FUN_002f4030,0x002F4030,0x002F4150,288
FUN_002f4150,0x002F4150,0x002F4240,240
FUN_002f4240,0x002F4240,0x002F42B0,112
FUN_002f42b0,0x002F42B0,0x002F4800,1360
FUN_002f4800,0x002F4800,0x002F4950,336
FUN_002f4950,0x002F4950,0x002F49D8,136
FUN_002f49e0,0x002F49E0,0x002F4C40,608
FUN_002f4c40,0x002F4C40,0x002F4DD4,404
FUN_002f4de0,0x002F4DE0,0x002F4F48,360
FUN_002f4f50,0x002F4F50,0x002F5218,712
FUN_002f5220,0x002F5220,0x002F53BC,412
FUN_002f53c0,0x002F53C0,0x002F5698,728
FUN_002f56a0,0x002F56A0,0x002F5838,408
FUN_002f5840,0x002F5840,0x002F5994,340
FUN_002f59a0,0x002F59A0,0x002F5CE4,836
FUN_002f5cf0,0x002F5CF0,0x002F5DBC,204
FUN_002f5dbc,0x002F5DBC,0x002F5DD0,20
FUN_002f5e30,0x002F5E30,0x002F5E38,8
FUN_002f5e40,0x002F5E40,0x002F5E48,8
FUN_002f5e50,0x002F5E50,0x002F5E58,8
FUN_002f5e60,0x002F5E60,0x002F5E68,8
FUN_002f5e70,0x002F5E70,0x002F5E78,8
FUN_002f5e80,0x002F5E80,0x002F5E88,8
FUN_002f5e90,0x002F5E90,0x002F5E98,8
FUN_002f5ea0,0x002F5EA0,0x002F5EA8,8
FUN_002f5eb0,0x002F5EB0,0x002F5EB8,8
FUN_002f5ec0,0x002F5EC0,0x002F5F6C,172
FUN_002f5f70,0x002F5F70,0x002F5F78,8
FUN_002f5f80,0x002F5F80,0x002F5F88,8
FUN_002f5f90,0x002F5F90,0x002F5FC4,52
FUN_002f5fd0,0x002F5FD0,0x002F5FD8,8
FUN_002f5fe0,0x002F5FE0,0x002F6010,48
FUN_002f6010,0x002F6010,0x002F60A0,144
FUN_002f60a0,0x002F60A0,0x002F60E4,68
FUN_002f60f0,0x002F60F0,0x002F62F8,520
FUN_002f6300,0x002F6300,0x002F6314,20
FUN_002f6320,0x002F6320,0x002F6328,8
FUN_002f6330,0x002F6330,0x002F6338,8
FUN_002f6340,0x002F6340,0x002F6418,216
FUN_002f6420,0x002F6420,0x002F6428,8
FUN_002f6430,0x002F6430,0x002F6568,312
FUN_002f6570,0x002F6570,0x002F6628,184
FUN_002f6630,0x002F6630,0x002F6640,16
FUN_002f6640,0x002F6640,0x002F6648,8
FUN_002f6650,0x002F6650,0x002F695C,780
FUN_002f6960,0x002F6960,0x002F69A4,68
FUN_002f69b0,0x002F69B0,0x002F6D5C,940
FUN_002f6d60,0x002F6D60,0x002F6E54,244
FUN_002f6e60,0x002F6E60,0x002F7070,528
FUN_002f7070,0x002F7070,0x002F7180,272
FUN_002f7180,0x002F7180,0x002F7410,656
FUN_002f7410,0x002F7410,0x002F7418,8
FUN_002f7420,0x002F7420,0x002F7428,8
FUN_002f7430,0x002F7430,0x002F7438,8
FUN_002f7440,0x002F7440,0x002F74D8,152
FUN_002f74e0,0x002F74E0,0x002F7538,88
FUN_002f7540,0x002F7540,0x002F7578,56
FUN_002f7580,0x002F7580,0x002F7588,8
FUN_002f7590,0x002F7590,0x002F7598,8
FUN_002f75a0,0x002F75A0,0x002F75A8,8
FUN_002f75b0,0x002F75B0,0x002F75B8,8
FUN_002f75c0,0x002F75C0,0x002F782C,620
FUN_002f7830,0x002F7830,0x002F7A00,464
FUN_002f7a00,0x002F7A00,0x002F8314,2324
FUN_002f8320,0x002F8320,0x002F8720,1024
FUN_002f8720,0x002F8720,0x002F87D8,184
FUN_002f87e0,0x002F87E0,0x002F87E8,8
FUN_002f87f0,0x002F87F0,0x002F8B34,836
FUN_002f8b40,0x002F8B40,0x002F8B4C,12
FUN_002f8b50,0x002F8B50,0x002F8D30,480
FUN_002f8d30,0x002F8D30,0x002F8D88,88
FUN_002f9040,0x002F9040,0x002F9098,88
FUN_002f9350,0x002F9350,0x002F9530,480
FUN_002f9530,0x002F9530,0x002F971C,492
FUN_002f9720,0x002F9720,0x002F99F0,720
FUN_002f99f0,0x002F99F0,0x002F9CDC,748
FUN_002f9ce0,0x002F9CE0,0x002FA0E4,1028
FUN_002fa0f0,0x002FA0F0,0x002FA4D4,996
FUN_002fa4e0,0x002FA4E0,0x002FA7B0,720
FUN_002fa7b0,0x002FA7B0,0x002FAA78,712
FUN_002faa80,0x002FAA80,0x002FACD4,596
FUN_002face0,0x002FACE0,0x002FAD5C,124
FUN_002fad5c,0x002FAD5C,0x002FAE34,216
FUN_002fae44,0x002FAE44,0x002FAFB8,372
FUN_002fafb8,0x002FAFB8,0x002FAFE0,40
FUN_002fafe0,0x002FAFE0,0x002FB050,112
FUN_002fb050,0x002FB050,0x002FB128,216
FUN_002fb138,0x002FB138,0x002FB2AC,372
FUN_002fb2ac,0x002FB2AC,0x002FB2D4,40
FUN_002fb2e0,0x002FB2E0,0x002FB5D4,756
FUN_002fb5e0,0x002FB5E0,0x002FB860,640
FUN_002fb860,0x002FB860,0x002FBB58,760
FUN_002fbb60,0x002FBB60,0x002FBDE4,644
FUN_002fbdf0,0x002FBDF0,0x002FBE6C,124
FUN_002fbe6c,0x002FBE6C,0x002FBF34,200
FUN_002fbf44,0x002FBF44,0x002FC0C4,384
FUN_002fc0c4,0x002FC0C4,0x002FC0EC,40
FUN_002fc0f0,0x002FC0F0,0x002FC160,112
FUN_002fc160,0x002FC160,0x002FC228,200
FUN_002fc238,0x002FC238,0x002FC3B8,384
FUN_002fc3b8,0x002FC3B8,0x002FC3E0,40
FUN_002fc3e0,0x002FC3E0,0x002FC50C,300
FUN_002fc510,0x002FC510,0x002FC634,292
FUN_002fc634,0x002FC634,0x002FC640,12
FUN_002fc800,0x002FC800,0x002FCA90,656
FUN_002fca90,0x002FCA90,0x002FCD18,648
FUN_002fcd20,0x002FCD20,0x002FCFAC,652
FUN_002fcfb0,0x002FCFB0,0x002FD250,672
FUN_002fd250,0x002FD250,0x002FD4DC,652
FUN_002fd4e0,0x002FD4E0,0x002FD778,664
FUN_002fd780,0x002FD780,0x002FDA60,736
FUN_002fda60,0x002FDA60,0x002FDD08,680
FUN_002fdd10,0x002FDD10,0x002FE088,888
FUN_002fe090,0x002FE090,0x002FE114,132
FUN_002fe120,0x002FE120,0x002FE1D8,184
FUN_002fe1e0,0x002FE1E0,0x002FE2A8,200
FUN_002fe2b0,0x002FE2B0,0x002FE690,992
FUN_002fe690,0x002FE690,0x002FE750,192
FUN_002fe750,0x002FE750,0x002FEA40,752
FUN_002fea40,0x002FEA40,0x002FECF0,688
FUN_002fecf0,0x002FECF0,0x002FEEEC,508
FUN_002feef0,0x002FEEF0,0x002FEFB8,200
FUN_002fefc0,0x002FEFC0,0x002FF0C4,260
FUN_002ff0d0,0x002FF0D0,0x002FF0F0,32
FUN_002ff0f0,0x002FF0F0,0x002FF110,32
FUN_002ff110,0x002FF110,0x002FF1D4,196
FUN_002ff1e0,0x002FF1E0,0x002FF204,36
FUN_002ff210,0x002FF210,0x002FF298,136
FUN_002ff2a0,0x002FF2A0,0x002FF2B0,16
FUN_002ff2b0,0x002FF2B0,0x002FF300,80
FUN_002ff300,0x002FF300,0x002FF6D8,984
FUN_002ff6e0,0x002FF6E0,0x002FF88C,428
FUN_002ff890,0x002FF890,0x002FFA74,484
FUN_002ffa80,0x002FFA80,0x002FFAA8,40
FUN_002ffab0,0x002FFAB0,0x002FFAC4,20
FUN_002ffad0,0x002FFAD0,0x002FFCC0,496
FUN_002ffcc0,0x002FFCC0,0x002FFD60,160
FUN_002ffd60,0x002FFD60,0x002FFE08,168
FUN_002ffe10,0x002FFE10,0x00300AD4,3268
FUN_00300ae0,0x00300AE0,0x00300B4C,108
FUN_00300b4c,0x00300B4C,0x00300BA4,88
FUN_00300ba4,0x00300BA4,0x00300BD4,48
FUN_00300c00,0x00300C00,0x00300C68,104
FUN_00300c70,0x00300C70,0x00300CA4,52
FUN_00300cb0,0x00300CB0,0x00300CB8,8
FUN_00300cc0,0x00300CC0,0x00300ED4,532
FUN_00300ee0,0x00300EE0,0x00300EE8,8
FUN_00300ef0,0x00300EF0,0x00300EF8,8
FUN_00300f00,0x00300F00,0x0030106C,364
FUN_00301070,0x00301070,0x003010A0,48
FUN_003010a0,0x003010A0,0x003010DC,60
FUN_003010e0,0x003010E0,0x00301160,128
FUN_00301160,0x00301160,0x0030116C,12
FUN_00301170,0x00301170,0x00301184,20
FUN_00301190,0x00301190,0x003011C0,48
FUN_003011c0,0x003011C0,0x003011FC,60
FUN_00301200,0x00301200,0x0030124C,76
FUN_00301250,0x00301250,0x0030125C,12
FUN_00301260,0x00301260,0x00301274,20
FUN_00301280,0x00301280,0x003012B0,48
FUN_003012b0,0x003012B0,0x003012EC,60
FUN_003012f0,0x003012F0,0x0030134C,92
FUN_00301350,0x00301350,0x003014EC,412
FUN_003014f0,0x003014F0,0x003020F8,3080
FUN_00302100,0x00302100,0x00302140,64
FUN_00302140,0x00302140,0x003022B8,376
FUN_003022c0,0x003022C0,0x00302308,72
FUN_00302310,0x00302310,0x00302358,72
FUN_00302360,0x00302360,0x0030269C,828
FUN_003026a0,0x003026A0,0x00302734,148
FUN_00302740,0x00302740,0x00302844,260
FUN_00302850,0x00302850,0x00302868,24
FUN_00302870,0x00302870,0x00302884,20
FUN_00302890,0x00302890,0x00302AC0,560
FUN_00302ac0,0x00302AC0,0x00302AFC,60
FUN_00302b00,0x00302B00,0x00302B3C,60
FUN_00302b40,0x00302B40,0x00302B84,68
FUN_00302b90,0x00302B90,0x00302BBC,44
FUN_00302bc0,0x00302BC0,0x00302C08,72
FUN_00302c10,0x00302C10,0x00302C20,16
FUN_00302c20,0x00302C20,0x00302CAC,140
FUN_00302cb0,0x00302CB0,0x00302CFC,76
FUN_00302d00,0x00302D00,0x00302DCC,204
FUN_00302dd0,0x00302DD0,0x00302E10,64
FUN_00302e10,0x00302E10,0x00302F10,256
FUN_00302f10,0x00302F10,0x00302F3C,44
FUN_00302f40,0x00302F40,0x00302F64,36
FUN_00302f70,0x00302F70,0x00302FB0,64
FUN_00302fb0,0x00302FB0,0x00303140,400
FUN_00303140,0x00303140,0x00303314,468
FUN_00303320,0x00303320,0x003034B0,400
FUN_003034b0,0x003034B0,0x003035EC,316
FUN_003035f0,0x003035F0,0x0030374C,348
FUN_00303750,0x00303750,0x00303888,312
FUN_00303890,0x00303890,0x00303974,228
FUN_00303980,0x00303980,0x00303BB0,560
FUN_00303bb0,0x00303BB0,0x00303E24,628
FUN_00303e30,0x00303E30,0x00304014,484
FUN_00304020,0x00304020,0x0030409C,124
FUN_003040a0,0x003040A0,0x00304150,176
FUN_00304150,0x00304150,0x003041F8,168
FUN_00304200,0x00304200,0x0030426C,108
FUN_00304270,0x00304270,0x00304310,160
FUN_00304310,0x00304310,0x00304380,112
FUN_00304380,0x00304380,0x00304424,164
FUN_00304430,0x00304430,0x00304598,360
FUN_003045a0,0x003045A0,0x003045FC,92
FUN_00304600,0x00304600,0x0030497C,892
FUN_00304980,0x00304980,0x003049E0,96
FUN_003049e0,0x003049E0,0x003049E8,8
FUN_003049f0,0x003049F0,0x003049F8,8
FUN_00304a00,0x00304A00,0x00304A08,8
FUN_00304a10,0x00304A10,0x00304A18,8
FUN_00304a20,0x00304A20,0x00304A40,32
FUN_00304a40,0x00304A40,0x00304A54,20
FUN_00304a60,0x00304A60,0x00304ACC,108
FUN_00304ad0,0x00304AD0,0x00304B30,96
FUN_00304b30,0x00304B30,0x00304B70,64
FUN_00304b70,0x00304B70,0x00304B7C,12
FUN_00304b80,0x00304B80,0x00304BB8,56
FUN_00304bc0,0x00304BC0,0x00304BF8,56
FUN_00304c00,0x00304C00,0x00304C54,84
FUN_00304c60,0x00304C60,0x00304CB4,84
FUN_00304cc0,0x00304CC0,0x00304CD4,20
FUN_00304ce0,0x00304CE0,0x00304D24,68
FUN_00304d30,0x00304D30,0x00304FD4,676
FUN_00304fe0,0x00304FE0,0x00305014,52
FUN_00305020,0x00305020,0x0030505C,60
FUN_00305060,0x00305060,0x0030509C,60
FUN_003050a0,0x003050A0,0x00305160,192
FUN_00305160,0x00305160,0x003051C0,96
FUN_003051c0,0x003051C0,0x003051FC,60
FUN_00305200,0x00305200,0x0030523C,60
FUN_00305240,0x00305240,0x00305294,84
FUN_003052a0,0x003052A0,0x003052F4,84
FUN_00305300,0x00305300,0x0030530C,12
FUN_00305310,0x00305310,0x00305318,8
FUN_00305320,0x00305320,0x003053C0,160
FUN_003053c0,0x003053C0,0x003053E0,32
FUN_003053e0,0x003053E0,0x003053F0,16
FUN_003053f0,0x003053F0,0x003053F8,8
FUN_00305400,0x00305400,0x00305408,8
FUN_00305410,0x00305410,0x00305418,8
FUN_00305420,0x00305420,0x00305428,8
FUN_00305430,0x00305430,0x00305460,48
FUN_00305460,0x00305460,0x00305468,8
FUN_00305470,0x00305470,0x003054AC,60
FUN_003054b0,0x003054B0,0x00305518,104
FUN_00305520,0x00305520,0x00305538,24
FUN_00305540,0x00305540,0x00305574,52
FUN_00305580,0x00305580,0x003055C4,68
FUN_003055d0,0x003055D0,0x0030565C,140
FUN_00305660,0x00305660,0x00305694,52
FUN_003056a0,0x003056A0,0x003056C8,40
FUN_003056d0,0x003056D0,0x00305704,52
FUN_00305710,0x00305710,0x00305740,48
FUN_00305740,0x00305740,0x003057FC,188
FUN_00305800,0x00305800,0x00305830,48
FUN_00305830,0x00305830,0x00305844,20
FUN_00305850,0x00305850,0x00305864,20
FUN_00305870,0x00305870,0x00305900,144
FUN_00305900,0x00305900,0x00305908,8
FUN_00305910,0x00305910,0x0030594C,60
FUN_00305950,0x00305950,0x00305A38,232
thunk_FUN_00265c20,0x00305A40,0x00305A48,8
FUN_00305a50,0x00305A50,0x00305BDC,396
FUN_00305be0,0x00305BE0,0x00305CA8,200
FUN_00305cb0,0x00305CB0,0x00305CE0,48
FUN_00305ce0,0x00305CE0,0x00305D10,48
FUN_00305d10,0x00305D10,0x00305DB8,168
FUN_00305dc0,0x00305DC0,0x00305E3C,124
thunk_FUN_00176010,0x00305E40,0x00305E48,8
FUN_00305e50,0x00305E50,0x00305E90,64
FUN_00305e90,0x00305E90,0x00305F40,176
FUN_00305f40,0x00305F40,0x00305F48,8
FUN_00305f50,0x00305F50,0x00305F60,16
FUN_00305f60,0x00305F60,0x00305FC0,96
FUN_00305fc0,0x00305FC0,0x0030602C,108
FUN_00306030,0x00306030,0x00306120,240
FUN_00306120,0x00306120,0x00306148,40
FUN_00306150,0x00306150,0x00306170,32
FUN_00306170,0x00306170,0x003061A4,52
FUN_003061b0,0x003061B0,0x00306218,104
FUN_00306220,0x00306220,0x00306288,104
FUN_00306290,0x00306290,0x003062A8,24
FUN_003062b0,0x003062B0,0x00306338,136
FUN_00306340,0x00306340,0x003063BC,124
FUN_003063c0,0x003063C0,0x00306880,1216
FUN_00306880,0x00306880,0x003068E0,96
FUN_003068e0,0x003068E0,0x00306A6C,396
thunk_FUN_0018ef00,0x00306A70,0x00306A78,8
thunk_FUN_0018efa0,0x00306A80,0x00306A88,8
FUN_00306a90,0x00306A90,0x0030718C,1788
FUN_00307190,0x00307190,0x003071D4,68
FUN_003071e0,0x003071E0,0x00307218,56
FUN_00307220,0x00307220,0x003072A0,128
FUN_003072a0,0x003072A0,0x00307454,436
FUN_00307460,0x00307460,0x003074E4,132
FUN_003074f0,0x003074F0,0x0030752C,60
FUN_00307530,0x00307530,0x00307540,16
FUN_00307540,0x00307540,0x00307594,84
FUN_003075a0,0x003075A0,0x0030768C,236
FUN_00307690,0x00307690,0x003076A0,16
FUN_003076a0,0x003076A0,0x003076A8,8
FUN_003076b0,0x003076B0,0x003076DC,44
FUN_003076e0,0x003076E0,0x00307730,80
FUN_00307730,0x00307730,0x00307750,32
FUN_00307750,0x00307750,0x00307778,40
FUN_00307780,0x00307780,0x003077A0,32
FUN_003077a0,0x003077A0,0x00307A90,752
FUN_00307a90,0x00307A90,0x00307A98,8
FUN_00307aa0,0x00307AA0,0x00307AA8,8
FUN_00307ab0,0x00307AB0,0x00307B04,84
FUN_00307b10,0x00307B10,0x00307BA8,152
FUN_00307bb0,0x00307BB0,0x00307C74,196
FUN_00307c80,0x00307C80,0x00307CE4,100
FUN_00307cf0,0x00307CF0,0x00307D88,152
FUN_00307d90,0x00307D90,0x00307DF8,104
FUN_00307e00,0x00307E00,0x00307E80,128
FUN_00307e80,0x00307E80,0x00307F28,168
FUN_00307f30,0x00307F30,0x00307FEC,188
FUN_00307ff0,0x00307FF0,0x00307FF8,8
FUN_00308000,0x00308000,0x0030802C,44
FUN_00308030,0x00308030,0x00308038,8
FUN_00308040,0x00308040,0x00308070,48
FUN_00308070,0x00308070,0x003080D4,100
FUN_003080e0,0x003080E0,0x00308160,128
FUN_00308160,0x00308160,0x003081C4,100
FUN_003081d0,0x003081D0,0x00308250,128
FUN_00308250,0x00308250,0x0030832C,220
FUN_00308330,0x00308330,0x003083BC,140
FUN_003083c0,0x003083C0,0x0030845C,156
FUN_00308460,0x00308460,0x00308490,48
FUN_00308490,0x00308490,0x003084C4,52
FUN_003084d0,0x003084D0,0x00308548,120
FUN_00308550,0x00308550,0x003085EC,156
FUN_003085f0,0x003085F0,0x003086D4,228
FUN_003086e0,0x003086E0,0x00308704,36
FUN_00308710,0x00308710,0x00308740,48
FUN_00308740,0x00308740,0x00308754,20
FUN_00308760,0x00308760,0x0030876C,12
FUN_00308770,0x00308770,0x003087D4,100
FUN_003087e0,0x003087E0,0x0030886C,140
FUN_00308870,0x00308870,0x003088A0,48
FUN_003088a0,0x003088A0,0x003088E8,72
FUN_003088f0,0x003088F0,0x00308954,100
FUN_00308960,0x00308960,0x003089DC,124
FUN_003089e0,0x003089E0,0x00308A44,100
FUN_00308a50,0x00308A50,0x00308ACC,124
FUN_00308ad0,0x00308AD0,0x00308B00,48
FUN_00308b00,0x00308B00,0x00308B48,72
FUN_00308b50,0x00308B50,0x00308B80,48
FUN_00308b80,0x00308B80,0x00308C68,232
FUN_00308c70,0x00308C70,0x00308C78,8
FUN_00308c80,0x00308C80,0x00308CA8,40
FUN_00308cb0,0x00308CB0,0x00308CBC,12
FUN_00308cc0,0x00308CC0,0x00308D04,68
FUN_00308d10,0x00308D10,0x00308D78,104
FUN_00308d80,0x00308D80,0x00308DD0,80
FUN_00308dd0,0x00308DD0,0x00309838,2664
FUN_00309840,0x00309840,0x00309870,48
FUN_00309870,0x00309870,0x00309894,36
FUN_003098a0,0x003098A0,0x003098A8,8
FUN_003098b0,0x003098B0,0x00309938,136
FUN_00309940,0x00309940,0x00309A28,232
FUN_00309a30,0x00309A30,0x00309A9C,108
FUN_00309aa0,0x00309AA0,0x00309B94,244
FUN_00309ba0,0x00309BA0,0x00309D18,376
FUN_00309d20,0x00309D20,0x00309D94,116
FUN_00309da0,0x00309DA0,0x00309DE4,68
FUN_00309df0,0x00309DF0,0x0030A000,528
FUN_0030a000,0x0030A000,0x0030A160,352
FUN_0030a160,0x0030A160,0x0030A180,32
FUN_0030a180,0x0030A180,0x0030A274,244
FUN_0030a280,0x0030A280,0x0030A320,160
FUN_0030a320,0x0030A320,0x0030A4AC,396
FUN_0030a4b0,0x0030A4B0,0x0030A588,216
FUN_0030a590,0x0030A590,0x0030A608,120
FUN_0030a610,0x0030A610,0x0030A718,264
FUN_0030a720,0x0030A720,0x0030A728,8
FUN_0030a730,0x0030A730,0x0030A738,8
FUN_0030a740,0x0030A740,0x0030A840,256
FUN_0030a840,0x0030A840,0x0030A878,56
FUN_0030a880,0x0030A880,0x0030A888,8
FUN_0030a890,0x0030A890,0x0030A898,8
FUN_0030a8a0,0x0030A8A0,0x0030A8D4,52
FUN_0030a8e0,0x0030A8E0,0x0030A938,88
FUN_0030a940,0x0030A940,0x0030A99C,92
FUN_0030a9a0,0x0030A9A0,0x0030A9A8,8
FUN_0030a9b0,0x0030A9B0,0x0030A9E4,52
FUN_0030a9f0,0x0030A9F0,0x0030A9F8,8
FUN_0030aa00,0x0030AA00,0x0030AA34,52
FUN_0030aa40,0x0030AA40,0x0030AA48,8
FUN_0030aa50,0x0030AA50,0x0030AA84,52
FUN_0030aa90,0x0030AA90,0x0030AA98,8
FUN_0030aaa0,0x0030AAA0,0x0030AAD4,52
FUN_0030aae0,0x0030AAE0,0x0030AAE8,8
FUN_0030aaf0,0x0030AAF0,0x0030AB28,56
FUN_0030ab30,0x0030AB30,0x0030AB9C,108
FUN_0030aba0,0x0030ABA0,0x0030ABA8,8
FUN_0030abb0,0x0030ABB0,0x0030ABB8,8
FUN_0030abc0,0x0030ABC0,0x0030ABF4,52
FUN_0030ac00,0x0030AC00,0x0030AC6C,108
FUN_0030ac70,0x0030AC70,0x0030AC78,8
FUN_0030ac80,0x0030AC80,0x0030ACB4,52
FUN_0030acc0,0x0030ACC0,0x0030AD1C,92
FUN_0030ad20,0x0030AD20,0x0030AD28,8
FUN_0030ad30,0x0030AD30,0x0030AD7C,76
FUN_0030ad80,0x0030AD80,0x0030AD88,8
FUN_0030ad90,0x0030AD90,0x0030ADDC,76
FUN_0030ade0,0x0030ADE0,0x0030ADE8,8
FUN_0030adf0,0x0030ADF0,0x0030AE3C,76
FUN_0030ae40,0x0030AE40,0x0030AE48,8
FUN_0030ae50,0x0030AE50,0x0030AE9C,76
FUN_0030aea0,0x0030AEA0,0x0030AEA8,8
FUN_0030aeb0,0x0030AEB0,0x0030AEFC,76
FUN_0030af00,0x0030AF00,0x0030AF08,8
FUN_0030afa0,0x0030AFA0,0x0030AFA8,8
FUN_0030afb0,0x0030AFB0,0x0030AFFC,76
FUN_0030b000,0x0030B000,0x0030B060,96
FUN_0030b060,0x0030B060,0x0030B068,8
FUN_0030b070,0x0030B070,0x0030B0F4,132
FUN_0030b100,0x0030B100,0x0030B108,8
FUN_0030b110,0x0030B110,0x0030B17C,108
FUN_0030b180,0x0030B180,0x0030B188,8
FUN_0030b190,0x0030B190,0x0030B198,8
FUN_0030b1a0,0x0030B1A0,0x0030B1FC,92
FUN_0030b200,0x0030B200,0x0030B284,132
FUN_0030b290,0x0030B290,0x0030B2DC,76
FUN_0030b2e0,0x0030B2E0,0x0030B318,56
FUN_0030b320,0x0030B320,0x0030B378,88
FUN_0030b380,0x0030B380,0x0030B494,276
FUN_0030b4a0,0x0030B4A0,0x0030B4A8,8
FUN_0030b4b0,0x0030B4B0,0x0030B4B8,8
FUN_0030b4c0,0x0030B4C0,0x0030B5AC,236
FUN_0030b5b0,0x0030B5B0,0x0030B694,228
FUN_0030b6a0,0x0030B6A0,0x0030B6A8,8
FUN_0030b6b0,0x0030B6B0,0x0030B7D4,292
FUN_0030b7e0,0x0030B7E0,0x0030B838,88
FUN_0030b840,0x0030B840,0x0030B890,80
FUN_0030b890,0x0030B890,0x0030B8A0,16
FUN_0030b8a0,0x0030B8A0,0x0030B8D4,52
FUN_0030b8e0,0x0030B8E0,0x0030B960,128
FUN_0030b960,0x0030B960,0x0030B9D4,116
FUN_0030b9e0,0x0030B9E0,0x0030BA48,104
FUN_0030ba50,0x0030BA50,0x0030BAA4,84
FUN_0030bab0,0x0030BAB0,0x0030BB04,84
FUN_0030bb10,0x0030BB10,0x0030BB68,88
FUN_0030bb70,0x0030BB70,0x0030BBC8,88
FUN_0030bbd0,0x0030BBD0,0x0030BC28,88
FUN_0030bc30,0x0030BC30,0x0030BC84,84
FUN_0030bd00,0x0030BD00,0x0030BD58,88
FUN_0030bd60,0x0030BD60,0x0030BDB4,84
FUN_0030bdc0,0x0030BDC0,0x0030BE18,88
FUN_0030be20,0x0030BE20,0x0030BE7C,92
FUN_0030be80,0x0030BE80,0x0030BED8,88
FUN_0030bee0,0x0030BEE0,0x0030BF48,104
FUN_0030bf50,0x0030BF50,0x0030BFB8,104
FUN_0030bfc0,0x0030BFC0,0x0030C010,80
FUN_0030c010,0x0030C010,0x0030C060,80
FUN_0030c060,0x0030C060,0x0030C0B0,80
FUN_0030c0b0,0x0030C0B0,0x0030C100,80
FUN_0030c100,0x0030C100,0x0030C154,84
FUN_0030c160,0x0030C160,0x0030C1B0,80
FUN_0030c1b0,0x0030C1B0,0x0030C200,80
FUN_0030c200,0x0030C200,0x0030C250,80
FUN_0030c250,0x0030C250,0x0030C2A0,80
FUN_0030c310,0x0030C310,0x0030C318,8
FUN_0030c320,0x0030C320,0x0030C394,116
FUN_0030c400,0x0030C400,0x0030C438,56
FUN_0030c440,0x0030C440,0x0030C474,52
FUN_0030c480,0x0030C480,0x0030C4B4,52
FUN_0030c4c0,0x0030C4C0,0x0030C4F4,52
FUN_0030c500,0x0030C500,0x0030C534,52
FUN_0030c540,0x0030C540,0x0030C574,52
FUN_0030c580,0x0030C580,0x0030C5B4,52
FUN_0030c5c0,0x0030C5C0,0x0030C5F4,52
FUN_0030c600,0x0030C600,0x0030C634,52
FUN_0030c640,0x0030C640,0x0030C90C,716
FUN_0030c910,0x0030C910,0x0030C99C,140
FUN_0030c9a0,0x0030C9A0,0x0030C9E8,72
FUN_0030c9f0,0x0030C9F0,0x0030CAAC,188
FUN_0030cab0,0x0030CAB0,0x0030CB6C,188
FUN_0030cb70,0x0030CB70,0x0030CBC0,80
FUN_0030cbc0,0x0030CBC0,0x0030CC7C,188
FUN_0030cc80,0x0030CC80,0x0030CCB4,52
FUN_0030ccc0,0x0030CCC0,0x0030CCF4,52
FUN_0030cd00,0x0030CD00,0x0030CD58,88
FUN_0030cd60,0x0030CD60,0x0030CDB8,88
FUN_0030cdc0,0x0030CDC0,0x0030CE18,88
FUN_0030ce20,0x0030CE20,0x0030CE78,88
FUN_0030ce80,0x0030CE80,0x0030D174,756
FUN_0030d180,0x0030D180,0x0030D198,24
FUN_0030d1a0,0x0030D1A0,0x0030D1A8,8
FUN_0030d1b0,0x0030D1B0,0x0030D270,192
FUN_0030d270,0x0030D270,0x0030D388,280
FUN_0030d390,0x0030D390,0x0030D3A0,16
FUN_0030d3a0,0x0030D3A0,0x0030D3A8,8
FUN_0030d3b0,0x0030D3B0,0x0030D4BC,268
FUN_0030d4c0,0x0030D4C0,0x0030D4E4,36
FUN_0030d4f0,0x0030D4F0,0x0030D580,144
FUN_0030d580,0x0030D580,0x0030D598,24
FUN_0030d5a0,0x0030D5A0,0x0030D5FC,92
dq_player_ai_cpp__assert_ref_11,0x0030D600,0x0030D798,408
FUN_0030d7a0,0x0030D7A0,0x0030D7A8,8
FUN_0030d7b0,0x0030D7B0,0x0030D7B8,8
FUN_0030d7c0,0x0030D7C0,0x0030D7CC,12
FUN_0030d810,0x0030D810,0x0030D860,80
FUN_0030d860,0x0030D860,0x0030D8B0,80
FUN_0030d8b0,0x0030D8B0,0x0030D900,80
FUN_0030d900,0x0030D900,0x0030D950,80
FUN_0030d950,0x0030D950,0x0030D9A0,80
FUN_0030d9a0,0x0030D9A0,0x0030D9F0,80
FUN_0030d9f0,0x0030D9F0,0x0030DA84,148
FUN_0030da90,0x0030DA90,0x0030DAFC,108
FUN_0030db00,0x0030DB00,0x0030DB6C,108
FUN_0030db70,0x0030DB70,0x0030DBAC,60
FUN_0030dbb0,0x0030DBB0,0x0030DBEC,60
FUN_0030dbf0,0x0030DBF0,0x0030DC2C,60
FUN_0030dc30,0x0030DC30,0x0030DC6C,60
FUN_0030dc70,0x0030DC70,0x0030DCB8,72
dq_player_ai_cpp__assert_ref_10,0x0030DCC0,0x0030E898,3032
dq_player_ai_cpp__assert_ref_9,0x0030E898,0x0030EA9C,516
FUN_0030ea9c,0x0030EA9C,0x0030EAD4,56
FUN_0030ead4,0x0030EAD4,0x0030EB0C,56
FUN_0030eb0c,0x0030EB0C,0x0030EC48,316
FUN_0030ec50,0x0030EC50,0x0030EC70,32
FUN_0030ec70,0x0030EC70,0x0030ECAC,60
thunk_FUN_00356880,0x0030ECB0,0x0030ECB8,8
FUN_0030ecc0,0x0030ECC0,0x0030ECC8,8
FUN_0030ecd0,0x0030ECD0,0x0030EEE8,536
FUN_0030eef0,0x0030EEF0,0x0030EF04,20
FUN_0030ef10,0x0030EF10,0x0030EF74,100
FUN_0030ef80,0x0030EF80,0x0030EFAC,44
FUN_0030efb0,0x0030EFB0,0x0030EFBC,12
FUN_0030efc0,0x0030EFC0,0x0030EFC8,8
FUN_0030efd0,0x0030EFD0,0x0030F214,580
FUN_0030f220,0x0030F220,0x0030F238,24
FUN_0030f240,0x0030F240,0x0030F248,8
dq_player_ai_cpp__assert_ref_7,0x0030F250,0x0030F348,248
FUN_0030f350,0x0030F350,0x0030F358,8
FUN_0030f360,0x0030F360,0x0030F3C8,104
FUN_0030f3d0,0x0030F3D0,0x0030F448,120
thunk_FUN_0031e260,0x0030F450,0x0030F458,8
FUN_0030f460,0x0030F460,0x0030F468,8
FUN_0030f480,0x0030F480,0x0030F50C,140
FUN_0030f510,0x0030F510,0x0030F518,8
FUN_0030f520,0x0030F520,0x0030F528,8
FUN_0030f530,0x0030F530,0x0030F538,8
FUN_0030f540,0x0030F540,0x0030F548,8
FUN_0030f550,0x0030F550,0x0030F6FC,428
dq_player_ai_cpp__assert_ref_8,0x0030F700,0x0030F7E0,224
playerai_data_h__assert_ref_1,0x0030F7E0,0x0030F834,84
FUN_0030f840,0x0030F840,0x0030F84C,12
FUN_0030f850,0x0030F850,0x0030FD60,1296
FUN_0030fd60,0x0030FD60,0x0030FD68,8
FUN_0030fd70,0x0030FD70,0x0030FE24,180
FUN_0030fe30,0x0030FE30,0x0030FE44,20
FUN_0030fe50,0x0030FE50,0x0030FEB8,104
dq_player_ai_cpp__assert_ref_6,0x0030FEC0,0x00310050,400
dq_player_ai_cpp__assert_ref_1,0x00310050,0x003101EC,412
dq_player_ai_cpp__assert_ref_2,0x003101F0,0x00310390,416
FUN_00310390,0x00310390,0x003103D0,64
FUN_003103d0,0x003103D0,0x00310410,64
dq_player_ai_cpp__assert_ref_3,0x00310410,0x00310484,116
dq_player_ai_cpp__assert_ref_4,0x00310490,0x00310514,132
FUN_00310520,0x00310520,0x0031057C,92
dq_player_ai_cpp__assert_ref_5,0x00310580,0x003105DC,92
FUN_003105e0,0x003105E0,0x0031067C,156
FUN_00310680,0x00310680,0x00310760,224
FUN_00310760,0x00310760,0x00310798,56
FUN_003107a0,0x003107A0,0x003107F8,88
FUN_00310800,0x00310800,0x00310824,36
FUN_00310830,0x00310830,0x00310850,32
FUN_00310850,0x00310850,0x00310868,24
FUN_00310870,0x00310870,0x00310898,40
CBtlPCParts__Create_logref_1,0x003108A0,0x00310A3C,412
FUN_00310a40,0x00310A40,0x00310AE4,164
FUN_00310af0,0x00310AF0,0x00310AF8,8
FUN_00310b00,0x00310B00,0x00310BC8,200
FUN_00310bd0,0x00310BD0,0x00310C54,132
FUN_00310c60,0x00310C60,0x00310CE4,132
FUN_00310cf0,0x00310CF0,0x00310DBC,204
FUN_00310dc0,0x00310DC0,0x00310E0C,76
FUN_00310e10,0x00310E10,0x00310F08,248
FUN_00310f10,0x00310F10,0x003112B4,932
FUN_003112c0,0x003112C0,0x00311470,432
FUN_00311470,0x00311470,0x003114E8,120
FUN_003114f0,0x003114F0,0x00311594,164
FUN_003115a0,0x003115A0,0x003115CC,44
FUN_003115d0,0x003115D0,0x00311604,52
FUN_00311610,0x00311610,0x0031177C,364
FUN_00311780,0x00311780,0x00311800,128
FUN_00311800,0x00311800,0x0031190C,268
FUN_00311910,0x00311910,0x00311998,136
FUN_003119a0,0x003119A0,0x003119D0,48
FUN_003119d0,0x003119D0,0x00311A00,48
FUN_00311a00,0x00311A00,0x00311A3C,60
FUN_00311a40,0x00311A40,0x00311A90,80
FUN_00311a90,0x00311A90,0x00311CA4,532
FUN_00311cb0,0x00311CB0,0x00311D60,176
FUN_00311d60,0x00311D60,0x00311F2C,460
FUN_00311f30,0x00311F30,0x00311FCC,156
FUN_00311fd0,0x00311FD0,0x003123C0,1008
FUN_003123c0,0x003123C0,0x003123F8,56
FUN_00312400,0x00312400,0x00312434,52
FUN_00312440,0x00312440,0x0031248C,76
FUN_00312490,0x00312490,0x00312524,148
FUN_00312530,0x00312530,0x00312540,16
FUN_00312540,0x00312540,0x00312550,16
FUN_00312550,0x00312550,0x00312560,16
FUN_00312560,0x00312560,0x0031257C,28
FUN_00312580,0x00312580,0x00312598,24
FUN_003125a0,0x003125A0,0x003125B4,20
FUN_003125c0,0x003125C0,0x0031290C,844
FUN_00312910,0x00312910,0x00312DEC,1244
FUN_00312df0,0x00312DF0,0x003130F4,772
FUN_00313100,0x00313100,0x0031322C,300
FUN_00313230,0x00313230,0x0031342C,508
FUN_00313430,0x00313430,0x00313498,104
FUN_003134a0,0x003134A0,0x00313518,120
FUN_00313520,0x00313520,0x00313534,20
FUN_00313540,0x00313540,0x0031357C,60
FUN_00313580,0x00313580,0x003135B8,56
FUN_003135c0,0x003135C0,0x00313804,580
FUN_00313810,0x00313810,0x00313864,84
FUN_00313870,0x00313870,0x003138BC,76
FUN_003138c0,0x003138C0,0x00313964,164
FUN_00313970,0x00313970,0x00313A68,248
FUN_00313a70,0x00313A70,0x00313B30,192
FUN_00313b30,0x00313B30,0x00313E00,720
FUN_00313e00,0x00313E00,0x00313F28,296
FUN_00313f30,0x00313F30,0x00313FF4,196
FUN_00314000,0x00314000,0x00314304,772
FUN_00314310,0x00314310,0x0031432C,28
FUN_00314330,0x00314330,0x0031435C,44
FUN_00314360,0x00314360,0x003143DC,124
FUN_003143e0,0x003143E0,0x00314558,376
FUN_00314590,0x00314590,0x00314614,132
FUN_00314620,0x00314620,0x00314674,84
FUN_00314680,0x00314680,0x0031470C,140
FUN_00314710,0x00314710,0x00314744,52
FUN_00314750,0x00314750,0x00314834,228
FUN_00314840,0x00314840,0x00314868,40
FUN_00314870,0x00314870,0x00314950,224
FUN_00314950,0x00314950,0x00314CF8,936
FUN_00314d00,0x00314D00,0x00314E08,264
FUN_00314e10,0x00314E10,0x00314FB0,416
FUN_00314fb0,0x00314FB0,0x003150FC,332
FUN_00315100,0x00315100,0x00315410,784
FUN_00315410,0x00315410,0x00316180,3440
FUN_00316180,0x00316180,0x00316458,728
FUN_00316460,0x00316460,0x00316580,288
FUN_00316580,0x00316580,0x003168F8,888
FUN_00316900,0x00316900,0x00316930,48
FUN_00316930,0x00316930,0x00316AC4,404
FUN_00316ad0,0x00316AD0,0x00316E3C,876
FUN_00316e40,0x00316E40,0x00317188,840
FUN_00317190,0x00317190,0x0031732C,412
FUN_00317330,0x00317330,0x00317410,224
FUN_00317410,0x00317410,0x003175F8,488
FUN_00317600,0x00317600,0x003177C4,452
FUN_003177d0,0x003177D0,0x0031795C,396
FUN_00317960,0x00317960,0x00317A54,244
FUN_00317a60,0x00317A60,0x00317C38,472
FUN_00317c40,0x00317C40,0x00317E64,548
FUN_00317e70,0x00317E70,0x00317EE8,120
FUN_00317ef0,0x00317EF0,0x00318088,408
FUN_00318090,0x00318090,0x003180A8,24
FUN_003180b0,0x003180B0,0x003180C8,24
FUN_003180d0,0x003180D0,0x003180E8,24
FUN_003180f0,0x003180F0,0x00318108,24
FUN_00318110,0x00318110,0x00318128,24
FUN_00318130,0x00318130,0x00318148,24
FUN_00318150,0x00318150,0x00318168,24
FUN_00318170,0x00318170,0x00318188,24
FUN_00318190,0x00318190,0x003181A8,24
FUN_003181b0,0x003181B0,0x003181C8,24
FUN_003181d0,0x003181D0,0x003181E8,24
btl_actana_cpp__assert_ref_1,0x003181F0,0x00318428,568
FUN_00318430,0x00318430,0x003193CC,3996
FUN_003193cc,0x003193CC,0x0031945C,144
FUN_003194e0,0x003194E0,0x00319658,376
FUN_00319660,0x00319660,0x0031979C,316
FUN_003197a0,0x003197A0,0x003198CC,300
FUN_003198d0,0x003198D0,0x00319958,136
FUN_00319960,0x00319960,0x00319A90,304
FUN_00319a90,0x00319A90,0x00319BB8,296
FUN_00319bc0,0x00319BC0,0x00319C38,120
FUN_00319c40,0x00319C40,0x00319CA8,104
FUN_00319cb0,0x00319CB0,0x00319D34,132
FUN_00319d40,0x00319D40,0x00319F48,520
FUN_00319f50,0x00319F50,0x0031A034,228
FUN_0031a040,0x0031A040,0x0031A290,592
FUN_0031a290,0x0031A290,0x0031A39C,268
FUN_0031a3a0,0x0031A3A0,0x0031A598,504
FUN_0031a5a0,0x0031A5A0,0x0031A900,864
FUN_0031a900,0x0031A900,0x0031AA68,360
FUN_0031aa70,0x0031AA70,0x0031AE9C,1068
FUN_0031aea0,0x0031AEA0,0x0031B0A4,516
FUN_0031b0b0,0x0031B0B0,0x0031B180,208
FUN_0031b180,0x0031B180,0x0031B294,276
FUN_0031b2a0,0x0031B2A0,0x0031C350,4272
FUN_0031c350,0x0031C350,0x0031C4B8,360
FUN_0031c4c0,0x0031C4C0,0x0031C5D8,280
FUN_0031c5d8,0x0031C5D8,0x0031C6FC,292
FUN_0031c700,0x0031C700,0x0031D2F4,3060
FUN_0031d300,0x0031D300,0x0031E234,3892
FUN_0031e240,0x0031E240,0x0031E248,8
FUN_0031e250,0x0031E250,0x0031E25C,12
FUN_0031e260,0x0031E260,0x0031E274,20
FUN_0031e280,0x0031E280,0x0031E384,260
FUN_0031e390,0x0031E390,0x0031E398,8
FUN_0031e3a0,0x0031E3A0,0x0031E3A8,8
FUN_0031e3b0,0x0031E3B0,0x0031E3B8,8
FUN_0031e3c0,0x0031E3C0,0x0031E408,72
FUN_0031e410,0x0031E410,0x0031E418,8
FUN_0031e420,0x0031E420,0x0031E43C,28
FUN_0031e440,0x0031E440,0x0031E470,48
FUN_0031e470,0x0031E470,0x0031E48C,28
FUN_0031e490,0x0031E490,0x0031E528,152
FUN_0031e530,0x0031E530,0x0031E538,8
FUN_0031e540,0x0031E540,0x0031E548,8
FUN_0031e550,0x0031E550,0x0031E560,16
FUN_0031e560,0x0031E560,0x0031E6C4,356
FUN_0031e6d0,0x0031E6D0,0x00320DC0,9968
FUN_00320dc0,0x00320DC0,0x00320DF8,56
FUN_00320e00,0x00320E00,0x00320EA4,164
FUN_00320eb0,0x00320EB0,0x00320EE4,52
FUN_00320ef0,0x00320EF0,0x00320F0C,28
FUN_00320f40,0x00320F40,0x00320FDC,156
FUN_00320fe0,0x00320FE0,0x00321078,152
FUN_00321080,0x00321080,0x003210B4,52
FUN_003210c0,0x003210C0,0x00321110,80
FUN_00321110,0x00321110,0x00321154,68
FUN_00321160,0x00321160,0x0032116C,12
FUN_00321170,0x00321170,0x003213C4,596
FUN_003213d0,0x003213D0,0x003214A4,212
FUN_003214b0,0x003214B0,0x00321518,104
FUN_00321520,0x00321520,0x0032152C,12
FUN_00321530,0x00321530,0x003216A4,372
FUN_003216b0,0x003216B0,0x00321818,360
FUN_00321820,0x00321820,0x003218F4,212
FUN_00321900,0x00321900,0x00322354,2644
FUN_00322360,0x00322360,0x00322404,164
FUN_00322410,0x00322410,0x00322470,96
FUN_00322470,0x00322470,0x00322480,16
FUN_003225d4,0x003225D4,0x003225E4,16
FUN_00322618,0x00322618,0x00322628,16
FUN_00322668,0x00322668,0x003225FC,-108
FUN_00322684,0x00322684,0x003226D0,76
FUN_003226d0,0x003226D0,0x00322860,400
FUN_00322860,0x00322860,0x00322978,280
FUN_00322980,0x00322980,0x00322B4C,460
FUN_00322b50,0x00322B50,0x00322D38,488
FUN_00322d40,0x00322D40,0x00322F38,504
FUN_00322f40,0x00322F40,0x00323134,500
FUN_00323140,0x00323140,0x00323254,276
FUN_00323260,0x00323260,0x00323374,276
thunk_FUN_00323260,0x00323380,0x00323388,8
FUN_00323390,0x00323390,0x003233B4,36
FUN_003233c0,0x003233C0,0x003235B8,504
FUN_003235c0,0x003235C0,0x00323A74,1204
FUN_00323a80,0x00323A80,0x00323D04,644
FUN_00323d10,0x00323D10,0x00323E0C,252
FUN_00323e10,0x00323E10,0x00323FAC,412
FUN_00323fb0,0x00323FB0,0x00324060,176
FUN_00324060,0x00324060,0x003240B0,80
FUN_003240b0,0x003240B0,0x003240E8,56
FUN_003240f0,0x003240F0,0x00324144,84
FUN_00324150,0x00324150,0x003241B0,96
FUN_003241b0,0x003241B0,0x00324204,84
FUN_00324210,0x00324210,0x003242E8,216
FUN_003242f0,0x003242F0,0x0032434C,92
FUN_00324350,0x00324350,0x00324428,216
FUN_00324430,0x00324430,0x00324498,104
FUN_003244a0,0x003244A0,0x003244AC,12
FUN_003244b0,0x003244B0,0x003244C4,20
FUN_003244d0,0x003244D0,0x003245A4,212
FUN_003245b0,0x003245B0,0x003245D4,36
FUN_003245e0,0x003245E0,0x00324608,40
FUN_00324610,0x00324610,0x00324638,40
FUN_00324640,0x00324640,0x00324678,56
FUN_00324680,0x00324680,0x003246A8,40
FUN_003246b0,0x003246B0,0x00324700,80
FUN_00324700,0x00324700,0x00324790,144
FUN_00324790,0x00324790,0x00324828,152
FUN_00324830,0x00324830,0x003248F0,192
FUN_003248f0,0x003248F0,0x00324988,152
FUN_00324990,0x00324990,0x00324A04,116
FUN_00324a10,0x00324A10,0x00324A84,116
FUN_00324a90,0x00324A90,0x00324A98,8
FUN_00324aa0,0x00324AA0,0x00324AA8,8
FUN_00324ab0,0x00324AB0,0x00324BCC,284
FUN_00324bd0,0x00324BD0,0x00324C64,148
FUN_00324c70,0x00324C70,0x00324C80,16
FUN_00324c80,0x00324C80,0x00324C90,16
FUN_00324c90,0x00324C90,0x00324CA0,16
FUN_00324ca0,0x00324CA0,0x00324CB0,16
FUN_00324cb0,0x00324CB0,0x00324CC0,16
FUN_00324cc0,0x00324CC0,0x00324CD0,16
FUN_00324cd0,0x00324CD0,0x00324CE0,16
FUN_00324ce0,0x00324CE0,0x00324CF0,16
FUN_00324cf0,0x00324CF0,0x00324D00,16
FUN_00324d00,0x00324D00,0x00324D10,16
FUN_00324d10,0x00324D10,0x00324D20,16
FUN_00324d20,0x00324D20,0x00324D30,16
FUN_00324d30,0x00324D30,0x00324D40,16
FUN_00324d40,0x00324D40,0x00324D50,16
FUN_00324d50,0x00324D50,0x00324D60,16
FUN_00324d60,0x00324D60,0x00324D70,16
FUN_00324d70,0x00324D70,0x00324D80,16
FUN_00324d80,0x00324D80,0x00324D90,16
FUN_00324d90,0x00324D90,0x00324DA0,16
FUN_00324da0,0x00324DA0,0x00324DB0,16
FUN_00324db0,0x00324DB0,0x00324F7C,460
FUN_00324f80,0x00324F80,0x00325010,144
FUN_00325010,0x00325010,0x00325114,260
FUN_00325120,0x00325120,0x003251DC,188
FUN_003251e0,0x003251E0,0x003252D0,240
FUN_003252d0,0x003252D0,0x003252D8,8
FUN_003252e0,0x003252E0,0x003252E8,8
FUN_003252f0,0x003252F0,0x003253FC,268
FUN_00325400,0x00325400,0x003254A8,168
FUN_003254b0,0x003254B0,0x0032558C,220
FUN_00325590,0x00325590,0x00325650,192
FUN_00325650,0x00325650,0x00325744,244
FUN_00325750,0x00325750,0x00325810,192
FUN_00325810,0x00325810,0x00325930,288
FUN_00325930,0x00325930,0x00325A50,288
FUN_00325a50,0x00325A50,0x00325B78,296
FUN_00325b80,0x00325B80,0x00325CA8,296
FUN_00325cb0,0x00325CB0,0x00325D98,232
FUN_00325da0,0x00325DA0,0x00325E3C,156
FUN_00325e40,0x00325E40,0x00325EEC,172
FUN_00325ef0,0x00325EF0,0x00325FA8,184
FUN_00325fb0,0x00325FB0,0x00326068,184
FUN_00326070,0x00326070,0x003260D4,100
FUN_003260e0,0x003260E0,0x00326144,100
FUN_00326150,0x00326150,0x003261A8,88
FUN_003261b0,0x003261B0,0x00326214,100
FUN_00326220,0x00326220,0x00326284,100
FUN_00326290,0x00326290,0x003262F4,100
FUN_00326300,0x00326300,0x00326368,104
FUN_00326370,0x00326370,0x003263B0,64
FUN_003263b0,0x003263B0,0x003263DC,44
FUN_003263e0,0x003263E0,0x00326420,64
FUN_00326420,0x00326420,0x00326464,68
FUN_00326470,0x00326470,0x003264B4,68
FUN_003264c0,0x003264C0,0x00326504,68
FUN_00326510,0x00326510,0x00326570,96
FUN_00326570,0x00326570,0x003265D0,96
FUN_003265d0,0x003265D0,0x00326630,96
FUN_00326630,0x00326630,0x00326690,96
FUN_00326690,0x00326690,0x003266E8,88
FUN_003266f0,0x003266F0,0x00326750,96
FUN_00326750,0x00326750,0x003267D8,136
FUN_003267e0,0x003267E0,0x00326840,96
FUN_00326840,0x00326840,0x003268A0,96
FUN_003268a0,0x003268A0,0x00326900,96
FUN_00326900,0x00326900,0x00326964,100
FUN_00326970,0x00326970,0x003269D4,100
FUN_003269e0,0x003269E0,0x00326A44,100
FUN_00326a50,0x00326A50,0x00326AB4,100
FUN_00326ac0,0x00326AC0,0x00326BC0,256
FUN_00326bc0,0x00326BC0,0x00326C24,100
FUN_00326c30,0x00326C30,0x00326C94,100
FUN_00326ca0,0x00326CA0,0x00326D04,100
FUN_00326d10,0x00326D10,0x00326D74,100
FUN_00326d80,0x00326D80,0x00326DE4,100
FUN_00326df0,0x00326DF0,0x00326E54,100
FUN_00326e60,0x00326E60,0x00326EC4,100
FUN_00326ed0,0x00326ED0,0x00326F34,100
FUN_00326f40,0x00326F40,0x00326FA4,100
FUN_00326fb0,0x00326FB0,0x00327010,96
FUN_00327010,0x00327010,0x00327070,96
FUN_00327070,0x00327070,0x00327258,488
FUN_00327260,0x00327260,0x003272C4,100
FUN_003272d0,0x003272D0,0x00327334,100
FUN_00327340,0x00327340,0x003273A4,100
FUN_003273b0,0x003273B0,0x00327474,196
FUN_00327480,0x00327480,0x00327504,132
FUN_00327510,0x00327510,0x00327584,116
FUN_00327590,0x00327590,0x003275D0,64
FUN_003275d0,0x003275D0,0x00327610,64
thunk_FUN_00327620,0x00327610,0x00327618,8
FUN_00327620,0x00327620,0x00327698,120
FUN_003276a0,0x003276A0,0x00327720,128
FUN_00327720,0x00327720,0x0032773C,28
FUN_00327740,0x00327740,0x00327754,20
FUN_00327760,0x00327760,0x003277AC,76
FUN_003277b0,0x003277B0,0x003277D0,32
FUN_003277d0,0x003277D0,0x00327804,52
FUN_00327810,0x00327810,0x00327930,288
FUN_00327930,0x00327930,0x00327940,16
FUN_00327940,0x00327940,0x00327980,64
FUN_00327980,0x00327980,0x00327990,16
FUN_00327990,0x00327990,0x003279A0,16
FUN_003279a0,0x003279A0,0x003279B0,16
FUN_003279b0,0x003279B0,0x003279B8,8
FUN_003279c0,0x003279C0,0x00327A00,64
FUN_00327a00,0x00327A00,0x00327A10,16
FUN_00327a10,0x00327A10,0x00327A2C,28
FUN_00327a30,0x00327A30,0x00327A68,56
FUN_00327a70,0x00327A70,0x00327B08,152
FUN_00327b10,0x00327B10,0x00327B20,16
FUN_00327b20,0x00327B20,0x00327B30,16
FUN_00327b30,0x00327B30,0x00327B40,16
FUN_00327b40,0x00327B40,0x00327C1C,220
FUN_00327c20,0x00327C20,0x00327C58,56
FUN_00327c60,0x00327C60,0x00327EF0,656
FUN_00327ef0,0x00327EF0,0x00328020,304
FUN_00328020,0x00328020,0x00328030,16
FUN_00328030,0x00328030,0x00328044,20
FUN_00328050,0x00328050,0x0032809C,76
FUN_003280a0,0x003280A0,0x003280EC,76
FUN_003280f0,0x003280F0,0x00328110,32
FUN_00328110,0x00328110,0x00328190,128
FUN_00328190,0x00328190,0x003281F4,100
FUN_00328200,0x00328200,0x0032821C,28
FUN_00328220,0x00328220,0x003292E4,4292
FUN_003292f0,0x003292F0,0x00329318,40
FUN_00329320,0x00329320,0x0032932C,12
FUN_00329330,0x00329330,0x0032933C,12
FUN_00329340,0x00329340,0x003293BC,124
FUN_003293c0,0x003293C0,0x003293F4,52
FUN_00329400,0x00329400,0x00329428,40
FUN_00329430,0x00329430,0x003294EC,188
FUN_003294f0,0x003294F0,0x00329504,20
FUN_00329510,0x00329510,0x00329560,80
FUN_00329560,0x00329560,0x003295B0,80
FUN_003295b0,0x003295B0,0x00329600,80
FUN_00329600,0x00329600,0x00329650,80
FUN_00329650,0x00329650,0x003296A0,80
FUN_003296a0,0x003296A0,0x003296F0,80
FUN_003296f0,0x003296F0,0x00329740,80
FUN_00329740,0x00329740,0x00329790,80
FUN_00329790,0x00329790,0x003297E0,80
FUN_003297e0,0x003297E0,0x00329830,80
FUN_00329830,0x00329830,0x00329880,80
FUN_00329880,0x00329880,0x003298D0,80
FUN_003298d0,0x003298D0,0x00329920,80
FUN_00329920,0x00329920,0x00329970,80
FUN_00329970,0x00329970,0x003299C0,80
FUN_003299c0,0x003299C0,0x00329A10,80
FUN_00329a10,0x00329A10,0x00329A60,80
FUN_00329a60,0x00329A60,0x00329AB0,80
FUN_00329ab0,0x00329AB0,0x0032A064,1460
FUN_0032a070,0x0032A070,0x0032A120,176
FUN_0032a120,0x0032A120,0x0032A15C,60
FUN_0032a160,0x0032A160,0x0032A168,8
FUN_0032a170,0x0032A170,0x0032A17C,12
FUN_0032a180,0x0032A180,0x0032A18C,12
FUN_0032a190,0x0032A190,0x0032A19C,12
FUN_0032a1a0,0x0032A1A0,0x0032A1AC,12
FUN_0032a1b0,0x0032A1B0,0x0032A2B4,260
FUN_0032a2c0,0x0032A2C0,0x0032A3E8,296
FUN_0032a3f0,0x0032A3F0,0x0032A3F8,8
FUN_0032a400,0x0032A400,0x0032A424,36
FUN_0032a430,0x0032A430,0x0032A438,8
FUN_0032a440,0x0032A440,0x0032A464,36
FUN_0032a470,0x0032A470,0x0032A478,8
FUN_0032a480,0x0032A480,0x0032A4A4,36
FUN_0032a4b0,0x0032A4B0,0x0032A4B8,8
FUN_0032a4c0,0x0032A4C0,0x0032A4E4,36
FUN_0032a4f0,0x0032A4F0,0x0032A4F8,8
FUN_0032a500,0x0032A500,0x0032A524,36
FUN_0032a530,0x0032A530,0x0032A538,8
FUN_0032a540,0x0032A540,0x0032A570,48
FUN_0032a570,0x0032A570,0x0032A578,8
FUN_0032a580,0x0032A580,0x0032A5B0,48
FUN_0032a5b0,0x0032A5B0,0x0032A5B8,8
FUN_0032a5c0,0x0032A5C0,0x0032A5F0,48
FUN_0032a5f0,0x0032A5F0,0x0032A5F8,8
FUN_0032a600,0x0032A600,0x0032A630,48
FUN_0032a630,0x0032A630,0x0032A638,8
FUN_0032a640,0x0032A640,0x0032A670,48
FUN_0032a670,0x0032A670,0x0032A678,8
FUN_0032a680,0x0032A680,0x0032A6B0,48
FUN_0032a6b0,0x0032A6B0,0x0032A6B8,8
FUN_0032a6c0,0x0032A6C0,0x0032A6F0,48
FUN_0032a6f0,0x0032A6F0,0x0032A6F8,8
FUN_0032a700,0x0032A700,0x0032A730,48
FUN_0032a730,0x0032A730,0x0032A738,8
FUN_0032a740,0x0032A740,0x0032A764,36
FUN_0032a770,0x0032A770,0x0032A778,8
FUN_0032a780,0x0032A780,0x0032A7B0,48
FUN_0032a7b0,0x0032A7B0,0x0032A7B8,8
FUN_0032a7c0,0x0032A7C0,0x0032A7E4,36
FUN_0032a7f0,0x0032A7F0,0x0032A7F8,8
FUN_0032a800,0x0032A800,0x0032A830,48
FUN_0032a830,0x0032A830,0x0032A838,8
FUN_0032a840,0x0032A840,0x0032A864,36
FUN_0032a870,0x0032A870,0x0032A878,8
FUN_0032a880,0x0032A880,0x0032A8B0,48
FUN_0032a8b0,0x0032A8B0,0x0032A8B8,8
FUN_0032a8c0,0x0032A8C0,0x0032A8E4,36
FUN_0032a8f0,0x0032A8F0,0x0032AA34,324
FUN_0032aa40,0x0032AA40,0x0032AA48,8
FUN_0032aa50,0x0032AA50,0x0032AB30,224
btl_viscom_cpp__assert_ref_5,0x0032AB30,0x0032AD98,616
FUN_0032ada0,0x0032ADA0,0x0032ADE8,72
btl_viscom_cpp__assert_ref_6,0x0032ADF0,0x0032B0EC,764
btl_viscom_cpp__assert_ref_3,0x0032B0F0,0x0032B4F4,1028
btl_viscom_cpp__assert_ref_4,0x0032B500,0x0032B8A0,928
FUN_0032b8a0,0x0032B8A0,0x0032B8AC,12
FUN_0032b8b0,0x0032B8B0,0x0032B8BC,12
FUN_0032b8c0,0x0032B8C0,0x0032B8CC,12
FUN_0032b8d0,0x0032B8D0,0x0032B8DC,12
btl_viscom_cpp__assert_ref_4_0032b8e0,0x0032B8E0,0x0032B8E8,8
btl_viscom_cpp__assert_ref_4_0032b8f0,0x0032B8F0,0x0032B8F8,8
btl_viscom_cpp__assert_ref_1,0x0032B900,0x0032BD84,1156
btl_viscom_cpp__assert_ref_2,0x0032BD90,0x0032C218,1160
FUN_0032c220,0x0032C220,0x0032C228,8
btl_viscom_cpp__assert_ref_37,0x0032C230,0x0032C658,1064
btl_viscom_cpp__assert_ref_38,0x0032C660,0x0032CC04,1444
FUN_0032cc10,0x0032CC10,0x0032CC18,8
btl_viscom_cpp__assert_ref_35,0x0032CC20,0x0032D620,2560
btl_viscom_cpp__assert_ref_33,0x0032D620,0x0032DB4C,1324
btl_viscom_cpp__assert_ref_30,0x0032DB50,0x0032DE5C,780
btl_viscom_cpp__assert_ref_31,0x0032DE60,0x0032E36C,1292
FUN_0032e370,0x0032E370,0x0032E378,8
FUN_0032e380,0x0032E380,0x0032E388,8
btl_viscom_cpp__assert_ref_29,0x0032E390,0x0032E898,1288
btl_viscom_cpp__assert_ref_26,0x0032E8A0,0x0032EC74,980
btl_viscom_cpp__assert_ref_27,0x0032EC80,0x0032EF14,660
btl_viscom_cpp__assert_ref_28,0x0032EF20,0x0032F350,1072
btl_viscom_cpp__assert_ref_22,0x0032F350,0x0032F554,516
FUN_0032f560,0x0032F560,0x0032F568,8
btl_viscom_cpp__assert_ref_23,0x0032F570,0x0032FEF0,2432
btl_viscom_cpp__assert_ref_21,0x0032FEF0,0x003300E0,496
btl_viscom_cpp__assert_ref_17,0x003300E0,0x003303DC,764
btl_viscom_cpp__assert_ref_18,0x003303E0,0x00330704,804
btl_viscom_cpp__assert_ref_19,0x00330710,0x00330CE0,1488
FUN_00330ce0,0x00330CE0,0x00330CE8,8
btl_viscom_cpp__assert_ref_16,0x00330CF0,0x0033107C,908
btl_viscom_cpp__assert_ref_9,0x00331080,0x0033125C,476
FUN_00331260,0x00331260,0x00331268,8
btl_viscom_cpp__assert_ref_10,0x00331270,0x003313DC,364
btl_viscom_cpp__assert_ref_11,0x003313E0,0x00331484,164
btl_viscom_cpp__assert_ref_12,0x00331490,0x00331614,388
btl_viscom_cpp__assert_ref_13,0x00331620,0x003316F4,212
btl_viscom_cpp__assert_ref_14,0x00331700,0x003317D4,212
btl_viscom_cpp__assert_ref_15,0x003317E0,0x003319E8,520
btl_viscom_cpp__assert_ref_8,0x003319F0,0x003323FC,2572
FUN_00332400,0x00332400,0x00332408,8
FUN_00332410,0x00332410,0x00332418,8
FUN_00332420,0x00332420,0x00332428,8
FUN_00332430,0x00332430,0x00332438,8
FUN_00332440,0x00332440,0x00332460,32
FUN_00332460,0x00332460,0x00332468,8
FUN_00332470,0x00332470,0x00332478,8
FUN_00332480,0x00332480,0x003324A8,40
btl_viscom_cpp__assert_ref_7,0x003324B0,0x00333ABC,5644
FUN_00333ac0,0x00333AC0,0x00333AC8,8
FUN_00333ad0,0x00333AD0,0x00333AD8,8
FUN_00333ae0,0x00333AE0,0x00333AE8,8
FUN_00333af0,0x00333AF0,0x00333AF8,8
FUN_00333b00,0x00333B00,0x00333B08,8
FUN_00333b10,0x00333B10,0x00333B18,8
FUN_00333b20,0x00333B20,0x00333B28,8
FUN_00333b30,0x00333B30,0x00333B38,8
FUN_00333b40,0x00333B40,0x00333B48,8
FUN_00333b50,0x00333B50,0x00333BB0,96
FUN_00333bb0,0x00333BB0,0x00333C9C,236
FUN_00333ca0,0x00333CA0,0x00333DDC,316
FUN_00333de0,0x00333DE0,0x00333DE8,8
FUN_00333df0,0x00333DF0,0x00333DF8,8
FUN_00333e00,0x00333E00,0x00333E08,8
FUN_00333e10,0x00333E10,0x00333E18,8
FUN_00333e20,0x00333E20,0x00333E28,8
FUN_00333e30,0x00333E30,0x00333E38,8
FUN_00333e40,0x00333E40,0x00333F78,312
FUN_00333f80,0x00333F80,0x00333F88,8
FUN_00333f90,0x00333F90,0x00333F98,8
FUN_00333fa0,0x00333FA0,0x0033401C,124
FUN_00334020,0x00334020,0x003340AC,140
FUN_003340b0,0x003340B0,0x003340B8,8
FUN_003340c0,0x003340C0,0x003341F0,304
FUN_003341f0,0x003341F0,0x003341F8,8
FUN_00334200,0x00334200,0x003344E4,740
FUN_003344f0,0x003344F0,0x003344F8,8
FUN_00334500,0x00334500,0x00334508,8
FUN_00334510,0x00334510,0x00334518,8
FUN_00334520,0x00334520,0x00334838,792
FUN_00334840,0x00334840,0x00334B4C,780
FUN_00334b50,0x00334B50,0x00334CBC,364
btl_viscom_cpp__assert_ref_36,0x00334CC0,0x003353CC,1804
FUN_003353d0,0x003353D0,0x003353D8,8
FUN_003353e0,0x003353E0,0x003353E8,8
FUN_003353f0,0x003353F0,0x00335420,48
FUN_00335420,0x00335420,0x003355CC,428
FUN_003355d0,0x003355D0,0x00335778,424
btl_viscom_cpp__assert_ref_34,0x00335780,0x00335B90,1040
FUN_00335b90,0x00335B90,0x00335BC8,56
FUN_00335bd0,0x00335BD0,0x00335BD8,8
FUN_00335be0,0x00335BE0,0x00335CF0,272
FUN_00335cf0,0x00335CF0,0x00335DFC,268
FUN_00335e00,0x00335E00,0x00335EF0,240
btl_viscom_cpp__assert_ref_32,0x00335EF0,0x003363D4,1252
FUN_003363e0,0x003363E0,0x003363E8,8
FUN_003363f0,0x003363F0,0x003363F8,8
FUN_00336400,0x00336400,0x00336408,8
FUN_00336410,0x00336410,0x003365D4,452
FUN_003365e0,0x003365E0,0x00337170,2960
FUN_00337170,0x00337170,0x00337310,416
FUN_00337310,0x00337310,0x0033733C,44
FUN_00337340,0x00337340,0x00337384,68
FUN_00337390,0x00337390,0x003373D4,68
FUN_003373e0,0x003373E0,0x00337400,32
FUN_00337400,0x00337400,0x00337480,128
FUN_00337480,0x00337480,0x003374A0,32
FUN_003374a0,0x003374A0,0x0033753C,156
FUN_00337540,0x00337540,0x00337570,48
FUN_00337570,0x00337570,0x003375A8,56
btl_viscom_cpp__assert_ref_24,0x003375B0,0x0033765C,172
FUN_00337660,0x00337660,0x003376D4,116
btl_viscom_cpp__assert_ref_25,0x003376E0,0x00337738,88
FUN_00337740,0x00337740,0x00337B18,984
FUN_00337b20,0x00337B20,0x00337BCC,172
btl_viscom_cpp__assert_ref_20,0x00337BD0,0x00337FE0,1040
FUN_00337fe0,0x00337FE0,0x00337FE8,8
FUN_00337ff0,0x00337FF0,0x0033805C,108
FUN_00338060,0x00338060,0x0033807C,28
FUN_00338080,0x00338080,0x0033814C,204
FUN_00338150,0x00338150,0x003381F4,164
FUN_00338200,0x00338200,0x0033823C,60
FUN_00338240,0x00338240,0x003382A0,96
FUN_003382a0,0x003382A0,0x003382D0,48
FUN_003382f0,0x003382F0,0x003383D0,224
FUN_003383d0,0x003383D0,0x003384B0,224
FUN_003384b0,0x003384B0,0x00338590,224
FUN_00338590,0x00338590,0x00338670,224
FUN_00338670,0x00338670,0x0033869C,44
FUN_003386a0,0x003386A0,0x003386E0,64
FUN_003386e0,0x003386E0,0x0033879C,188
FUN_003387a0,0x003387A0,0x00338844,164
FUN_00338850,0x00338850,0x0033888C,60
FUN_00338890,0x00338890,0x003388E8,88
FUN_003388f0,0x003388F0,0x00338920,48
FUN_00338940,0x00338940,0x00338A20,224
FUN_00338a20,0x00338A20,0x00338B00,224
FUN_00338b00,0x00338B00,0x00338BE0,224
FUN_00338be0,0x00338BE0,0x00338CC0,224
FUN_00338cc0,0x00338CC0,0x00338DA0,224
FUN_00338da0,0x00338DA0,0x00338E80,224
FUN_00338e80,0x00338E80,0x00338F60,224
FUN_00338f60,0x00338F60,0x00338F8C,44
FUN_00338f90,0x00338F90,0x00338FC8,56
FUN_00338fd0,0x00338FD0,0x0033909C,204
FUN_003390a0,0x003390A0,0x00339144,164
FUN_00339150,0x00339150,0x0033918C,60
FUN_00339190,0x00339190,0x003391F0,96
FUN_003391f0,0x003391F0,0x00339220,48
FUN_00339240,0x00339240,0x00339320,224
FUN_00339320,0x00339320,0x00339400,224
FUN_00339400,0x00339400,0x003394E0,224
FUN_003394e0,0x003394E0,0x003395C0,224
FUN_003395c0,0x003395C0,0x003396A0,224
FUN_003396a0,0x003396A0,0x003396CC,44
FUN_003396d0,0x003396D0,0x00339710,64
FUN_00339710,0x00339710,0x00339764,84
FUN_00339770,0x00339770,0x003397AC,60
FUN_003397b0,0x003397B0,0x003397E4,52
FUN_003397f0,0x003397F0,0x00339890,160
FUN_00339890,0x00339890,0x00339948,184
FUN_00339950,0x00339950,0x00339A08,184
FUN_00339a20,0x00339A20,0x00339A2C,12
FUN_00339a30,0x00339A30,0x00339A38,8
FUN_00339a40,0x00339A40,0x00339AF8,184
FUN_00339b00,0x00339B00,0x00339BA0,160
FUN_00339ba0,0x00339BA0,0x00339C58,184
FUN_00339c60,0x00339C60,0x00339D00,160
FUN_00339d00,0x00339D00,0x00339DB8,184
FUN_00339dc0,0x00339DC0,0x00339E90,208
FUN_00339e90,0x00339E90,0x00339F30,160
FUN_00339f30,0x00339F30,0x00339FD8,168
FUN_00339fe0,0x00339FE0,0x0033A088,168
FUN_0033a090,0x0033A090,0x0033A124,148
FUN_0033a130,0x0033A130,0x0033A1C4,148
FUN_0033a1d0,0x0033A1D0,0x0033A23C,108
FUN_0033a240,0x0033A240,0x0033A2A4,100
FUN_0033a2b0,0x0033A2B0,0x0033A324,116
FUN_0033a330,0x0033A330,0x0033A378,72
FUN_0033a380,0x0033A380,0x0033A3F8,120
FUN_0033a400,0x0033A400,0x0033A418,24
FUN_0033a420,0x0033A420,0x0033A5B0,400
FUN_0033a5b0,0x0033A5B0,0x0033A5EC,60
FUN_0033a5f0,0x0033A5F0,0x0033A614,36
FUN_0033a620,0x0033A620,0x0033A644,36
FUN_0033a650,0x0033A650,0x0033A68C,60
FUN_0033a690,0x0033A690,0x0033A69C,12
FUN_0033a6a0,0x0033A6A0,0x0033A6AC,12
FUN_0033a6b0,0x0033A6B0,0x0033A6EC,60
FUN_0033a6f0,0x0033A6F0,0x0033A710,32
FUN_0033a710,0x0033A710,0x0033A7E0,208
FUN_0033a7e0,0x0033A7E0,0x0033A7EC,12
FUN_0033a7f0,0x0033A7F0,0x0033A810,32
FUN_0033a810,0x0033A810,0x0033A9D4,452
FUN_0033a9e0,0x0033A9E0,0x0033AA4C,108
FUN_0033aa50,0x0033AA50,0x0033ABD4,388
FUN_0033abe0,0x0033ABE0,0x0033ABF4,20
FUN_0033ac00,0x0033AC00,0x0033AD44,324
FUN_0033ad50,0x0033AD50,0x0033AD5C,12
FUN_0033ad60,0x0033AD60,0x0033AD80,32
FUN_0033ad80,0x0033AD80,0x0033ADC4,68
FUN_0033add0,0x0033ADD0,0x0033AE80,176
FUN_0033ae80,0x0033AE80,0x0033AEB8,56
FUN_0033aec0,0x0033AEC0,0x0033AF0C,76
FUN_0033af10,0x0033AF10,0x0033B018,264
FUN_0033b020,0x0033B020,0x0033B17C,348
FUN_0033b180,0x0033B180,0x0033B2D8,344
FUN_0033b2e0,0x0033B2E0,0x0033B2E8,8
FUN_0033b2f0,0x0033B2F0,0x0033B454,356
FUN_0033b460,0x0033B460,0x0033B5AC,332
FUN_0033b5b0,0x0033B5B0,0x0033B5BC,12
FUN_0033b5c0,0x0033B5C0,0x0033B9C8,1032
FUN_0033b9d0,0x0033B9D0,0x0033BA38,104
FUN_0033ba40,0x0033BA40,0x0033BABC,124
FUN_0033bac0,0x0033BAC0,0x0033BAC8,8
FUN_0033bad0,0x0033BAD0,0x0033BB90,192
FUN_0033bb90,0x0033BB90,0x0033BCF8,360
FUN_0033bd00,0x0033BD00,0x0033BD80,128
FUN_0033bd80,0x0033BD80,0x0033BD88,8
FUN_0033bd90,0x0033BD90,0x0033BE58,200
FUN_0033be60,0x0033BE60,0x0033C0EC,652
FUN_0033c0f0,0x0033C0F0,0x0033C1A0,176
FUN_0033c1a0,0x0033C1A0,0x0033C36C,460
FUN_0033c370,0x0033C370,0x0033D6BC,4940
FUN_0033d6c0,0x0033D6C0,0x0033D874,436
FUN_0033d880,0x0033D880,0x0033DF34,1716
FUN_0033df40,0x0033DF40,0x0033E074,308
FUN_0033e074,0x0033E074,0x0033E0B8,68
FUN_0033e0b8,0x0033E0B8,0x0033E160,168
FUN_0033e160,0x0033E160,0x0033E4B4,852
FUN_0033e4b4,0x0033E4B4,0x0033E4F4,64
FUN_0033e500,0x0033E500,0x0033E610,272
FUN_0033e610,0x0033E610,0x0033E66C,92
FUN_0033e66c,0x0033E66C,0x0033E684,24
FUN_0033e6a0,0x0033E6A0,0x0033E6AC,12
FUN_0033e6b0,0x0033E6B0,0x0033E6D8,40
FUN_0033e6e0,0x0033E6E0,0x0033E724,68
FUN_0033e730,0x0033E730,0x0033E840,272
FUN_0033e840,0x0033E840,0x0033E8E8,168
FUN_0033e8f0,0x0033E8F0,0x0033E900,16
FUN_0033e900,0x0033E900,0x0033E940,64
FUN_0033e940,0x0033E940,0x0033E980,64
FUN_0033e980,0x0033E980,0x0033E9B0,48
FUN_0033e9b0,0x0033E9B0,0x0033E9E0,48
FUN_0033e9e0,0x0033E9E0,0x0033EB78,408
FUN_0033eb80,0x0033EB80,0x0033EBB0,48
FUN_0033ebb0,0x0033EBB0,0x0033EBCC,28
FUN_0033ebd0,0x0033EBD0,0x0033F450,2176
FUN_0033f450,0x0033F450,0x0033F48C,60
FUN_0033f490,0x0033F490,0x0033F4CC,60
FUN_0033f4d0,0x0033F4D0,0x0033F50C,60
FUN_0033f510,0x0033F510,0x0033F58C,124
FUN_0033f590,0x0033F590,0x0033F5CC,60
FUN_0033f5d0,0x0033F5D0,0x0033F634,100
FUN_0033f640,0x0033F640,0x0033F6A4,100
FUN_0033f6b0,0x0033F6B0,0x0033F714,100
FUN_0033f720,0x0033F720,0x0033F784,100
FUN_0033f790,0x0033F790,0x0033F7F4,100
FUN_0033f800,0x0033F800,0x0033F80C,12
FUN_0033f810,0x0033F810,0x0033F81C,12
FUN_0033f820,0x0033F820,0x0033F82C,12
FUN_0033f830,0x0033F830,0x0033F83C,12
FUN_0033f840,0x0033F840,0x0033F84C,12
FUN_0033f850,0x0033F850,0x0033F85C,12
FUN_0033f860,0x0033F860,0x0033F86C,12
FUN_0033f870,0x0033F870,0x0033F87C,12
FUN_0033f880,0x0033F880,0x0033F88C,12
FUN_0033f890,0x0033F890,0x0033F89C,12
FUN_0033f8a0,0x0033F8A0,0x0033F930,144
FUN_0033f930,0x0033F930,0x0033F9C0,144
FUN_0033f9c0,0x0033F9C0,0x0033FA50,144
FUN_0033fa50,0x0033FA50,0x0033FAE4,148
FUN_0033faf0,0x0033FAF0,0x0033FB84,148
FUN_0033fb90,0x0033FB90,0x0033FC08,120
FUN_0033fc10,0x0033FC10,0x0033FC44,52
FUN_0033fc50,0x0033FC50,0x0033FC80,48
FUN_0033fc80,0x0033FC80,0x0033FCB0,48
FUN_0033fcb0,0x0033FCB0,0x0033FD28,120
FUN_0033fd30,0x0033FD30,0x0033FD64,52
FUN_0033fd70,0x0033FD70,0x0033FDA0,48
FUN_0033fda0,0x0033FDA0,0x0033FDD0,48
FUN_0033fdd0,0x0033FDD0,0x0033FE48,120
FUN_0033fe50,0x0033FE50,0x0033FE84,52
FUN_0033fe90,0x0033FE90,0x0033FEC0,48
FUN_0033fec0,0x0033FEC0,0x0033FEF0,48
FUN_0033ff00,0x0033FF00,0x0033FF90,144
FUN_0033ff90,0x0033FF90,0x00340048,184
FUN_00340050,0x00340050,0x0034008C,60
FUN_00340090,0x00340090,0x003400C0,48
FUN_003400c0,0x003400C0,0x003400F0,48
FUN_00340100,0x00340100,0x00340190,144
FUN_00340190,0x00340190,0x00340220,144
FUN_00340220,0x00340220,0x00340254,52
FUN_00340260,0x00340260,0x00340290,48
FUN_00340290,0x00340290,0x003402C0,48
FUN_003402c0,0x003402C0,0x00340418,344
FUN_00340420,0x00340420,0x00340454,52
FUN_00340460,0x00340460,0x00340504,164
FUN_00340510,0x00340510,0x00340518,8
FUN_00340520,0x00340520,0x00340528,8
FUN_00340530,0x00340530,0x00340538,8
FUN_00340540,0x00340540,0x00340550,16
FUN_00340550,0x00340550,0x00340578,40
FUN_00340580,0x00340580,0x00340590,16
FUN_00340590,0x00340590,0x003405A0,16
FUN_003405a0,0x003405A0,0x003405B0,16
FUN_003405b0,0x003405B0,0x003405B8,8
FUN_003405c0,0x003405C0,0x003405F0,48
FUN_003405f0,0x003405F0,0x00340608,24
FUN_00340610,0x00340610,0x00340620,16
FUN_00340620,0x00340620,0x00340628,8
FUN_00340630,0x00340630,0x00340638,8
FUN_00340640,0x00340640,0x00340648,8
FUN_00340650,0x00340650,0x00340658,8
FUN_00340660,0x00340660,0x00340684,36
FUN_00340690,0x00340690,0x003406E4,84
FUN_003406f0,0x003406F0,0x00340738,72
FUN_00340740,0x00340740,0x00340750,16
FUN_00340750,0x00340750,0x00340760,16
FUN_00340760,0x00340760,0x00340770,16
FUN_00340770,0x00340770,0x003407D8,104
FUN_003407e0,0x003407E0,0x003407F0,16
FUN_003407f0,0x003407F0,0x00340800,16
FUN_00340800,0x00340800,0x00340810,16
FUN_00340810,0x00340810,0x00340838,40
FUN_00340840,0x00340840,0x00340850,16
FUN_00340850,0x00340850,0x00340858,8
FUN_00340860,0x00340860,0x00340898,56
FUN_003408a0,0x003408A0,0x003408C8,40
FUN_003408d0,0x003408D0,0x003408F4,36
FUN_00340900,0x00340900,0x00340918,24
FUN_00340920,0x00340920,0x00340930,16
FUN_00340930,0x00340930,0x00340940,16
FUN_00340940,0x00340940,0x0034095C,28
FUN_00340960,0x00340960,0x003409B0,80
FUN_003409b0,0x003409B0,0x003409E0,48
FUN_003409e0,0x003409E0,0x003409FC,28
FUN_00340a00,0x00340A00,0x00340A1C,28
FUN_00340a20,0x00340A20,0x00340A84,100
FUN_00340a90,0x00340A90,0x00340AE0,80
FUN_00340ae0,0x00340AE0,0x00340B18,56
FUN_00340b20,0x00340B20,0x00340B7C,92
FUN_00340b80,0x00340B80,0x00340BC0,64
FUN_00340bc0,0x00340BC0,0x00340C1C,92
FUN_00340c20,0x00340C20,0x00340C4C,44
FUN_00340c50,0x00340C50,0x00340C7C,44
FUN_00340c80,0x00340C80,0x00340CAC,44
FUN_00340cb0,0x00340CB0,0x00340CE8,56
FUN_00340cf0,0x00340CF0,0x00340D24,52
FUN_00340d30,0x00340D30,0x00340D5C,44
FUN_00340d60,0x00340D60,0x00340D98,56
FUN_00340da0,0x00340DA0,0x00340DD4,52
FUN_00340de0,0x00340DE0,0x00340E0C,44
FUN_00340e10,0x00340E10,0x00340E2C,28
FUN_00340e30,0x00340E30,0x00340E4C,28
FUN_00340e50,0x00340E50,0x00340E6C,28
FUN_00340e70,0x00340E70,0x00340E8C,28
FUN_00340e90,0x00340E90,0x00341660,2000
FUN_00341660,0x00341660,0x003417AC,332
FUN_003417b0,0x003417B0,0x00341940,400
FUN_00341940,0x00341940,0x0034197C,60
FUN_00341980,0x00341980,0x0034199C,28
FUN_003419a0,0x003419A0,0x003419CC,44
FUN_003419d0,0x003419D0,0x003419FC,44
FUN_00341a00,0x00341A00,0x00341A2C,44
FUN_00341a30,0x00341A30,0x00341A5C,44
FUN_00341a60,0x00341A60,0x00341A8C,44
FUN_00341a90,0x00341A90,0x00341ABC,44
FUN_00341ac0,0x00341AC0,0x00341AF0,48
FUN_00341af0,0x00341AF0,0x00341B20,48
FUN_00341b20,0x00341B20,0x00341B50,48
FUN_00341b50,0x00341B50,0x00341B80,48
FUN_00341b80,0x00341B80,0x00341BD0,80
FUN_00341bd0,0x00341BD0,0x00341C08,56
FUN_00341c10,0x00341C10,0x00341C3C,44
FUN_00341c40,0x00341C40,0x00341C6C,44
FUN_00341c70,0x00341C70,0x00341C9C,44
FUN_00341ca0,0x00341CA0,0x00341CC4,36
FUN_00341cd0,0x00341CD0,0x00341DFC,300
FUN_00341e00,0x00341E00,0x00341E38,56
FUN_00341e40,0x00341E40,0x00341E7C,60
FUN_00341e80,0x00341E80,0x00341EAC,44
FUN_00341eb0,0x00341EB0,0x00341EDC,44
FUN_00341ee0,0x00341EE0,0x00341F34,84
FUN_00341f40,0x00341F40,0x00341FC0,128
FUN_00341fc0,0x00341FC0,0x00341FF0,48
FUN_00341ff0,0x00341FF0,0x00342020,48
FUN_00342020,0x00342020,0x0034204C,44
FUN_00342050,0x00342050,0x00342080,48
FUN_00342080,0x00342080,0x003420A4,36
FUN_003420b0,0x003420B0,0x003420E4,52
FUN_003420f0,0x003420F0,0x00342128,56
FUN_00342130,0x00342130,0x0034215C,44
FUN_00342160,0x00342160,0x003421BC,92
FUN_003421c0,0x003421C0,0x00342204,68
FUN_00342210,0x00342210,0x0034223C,44
FUN_00342240,0x00342240,0x0034226C,44
FUN_00342270,0x00342270,0x0034229C,44
FUN_003422a0,0x003422A0,0x003422BC,28
FUN_003422c0,0x003422C0,0x003422EC,44
FUN_003422f0,0x003422F0,0x0034231C,44
FUN_00342320,0x00342320,0x00342354,52
FUN_00342360,0x00342360,0x0034238C,44
FUN_00342390,0x00342390,0x003423AC,28
FUN_003423b0,0x003423B0,0x003423DC,44
FUN_003423e0,0x003423E0,0x0034240C,44
FUN_00342410,0x00342410,0x0034243C,44
FUN_00342440,0x00342440,0x0034246C,44
FUN_00342470,0x00342470,0x0034249C,44
FUN_003424a0,0x003424A0,0x003424CC,44
FUN_003424d0,0x003424D0,0x003424FC,44
FUN_00342500,0x00342500,0x0034252C,44
FUN_00342530,0x00342530,0x0034255C,44
FUN_00342560,0x00342560,0x0034258C,44
FUN_00342590,0x00342590,0x003425BC,44
FUN_003425c0,0x003425C0,0x0034267C,188
FUN_00342680,0x00342680,0x003426FC,124
FUN_00342700,0x00342700,0x0034276C,108
thunk_FUN_002b8330,0x00342770,0x00342778,8
FUN_00342780,0x00342780,0x00342794,20
FUN_003427a0,0x003427A0,0x0034282C,140
FUN_00342830,0x00342830,0x00342840,16
FUN_00342840,0x00342840,0x0034284C,12
FUN_00342850,0x00342850,0x00342860,16
dq_monster_ai_h__assert_ref_2,0x00342860,0x003428C4,100
FUN_003428d0,0x003428D0,0x00342910,64
FUN_00342910,0x00342910,0x00342BFC,748
FUN_00342c00,0x00342C00,0x00342C98,152
FUN_00342ca0,0x00342CA0,0x00343154,1204
FUN_00343160,0x00343160,0x003432C4,356
FUN_003432d0,0x003432D0,0x00343378,168
FUN_00343380,0x00343380,0x0034367C,764
FUN_00343680,0x00343680,0x00343688,8
FUN_00343690,0x00343690,0x00343698,8
FUN_003436a0,0x003436A0,0x003436B0,16
FUN_003436b0,0x003436B0,0x003436BC,12
FUN_003436c0,0x003436C0,0x00343864,420
FUN_00343870,0x00343870,0x003438B0,64
FUN_003438b0,0x003438B0,0x003439D8,296
FUN_003439e0,0x003439E0,0x00343A08,40
FUN_00343a10,0x00343A10,0x00343C38,552
FUN_00343c40,0x00343C40,0x00343C8C,76
FUN_00343c90,0x00343C90,0x00343ED8,584
FUN_00343ee0,0x00343EE0,0x00343FA0,192
FUN_00343fa0,0x00343FA0,0x00344098,248
FUN_003440a0,0x003440A0,0x003442E4,580
FUN_003442f0,0x003442F0,0x003442F8,8
FUN_00344300,0x00344300,0x0034430C,12
FUN_00344310,0x00344310,0x00344464,340
FUN_00344470,0x00344470,0x00345AE0,5744
FUN_00345ae0,0x00345AE0,0x00345AE8,8
FUN_00345af0,0x00345AF0,0x00345AF8,8
FUN_00345b00,0x00345B00,0x00345B08,8
FUN_00345b10,0x00345B10,0x00345B1C,12
FUN_00345b20,0x00345B20,0x00345DFC,732
FUN_00345e00,0x00345E00,0x00345E0C,12
FUN_00345e10,0x00345E10,0x00345E40,48
FUN_00345e40,0x00345E40,0x00345E80,64
FUN_00345e80,0x00345E80,0x00345E8C,12
FUN_00345e90,0x00345E90,0x00345F5C,204
FUN_00345f60,0x00345F60,0x00346018,184
FUN_00346020,0x00346020,0x0034671C,1788
FUN_00346720,0x00346720,0x00346728,8
FUN_00346730,0x00346730,0x00346738,8
FUN_00346740,0x00346740,0x00346748,8
FUN_00346750,0x00346750,0x00346758,8
FUN_00346760,0x00346760,0x00346768,8
FUN_00346770,0x00346770,0x0034683C,204
FUN_00346840,0x00346840,0x00346E3C,1532
FUN_00346e40,0x00346E40,0x00346E48,8
FUN_00346e50,0x00346E50,0x00346EA8,88
FUN_00346eb0,0x00346EB0,0x00346EB8,8
FUN_00346ec0,0x00346EC0,0x003470D4,532
FUN_003470e0,0x003470E0,0x00347150,112
FUN_00347150,0x00347150,0x003475E0,1168
FUN_003475e0,0x003475E0,0x003476EC,268
FUN_003476f0,0x003476F0,0x0034782C,316
FUN_00347830,0x00347830,0x00347BCC,924
FUN_00347bd0,0x00347BD0,0x00347D10,320
FUN_00347d10,0x00347D10,0x00347E74,356
FUN_00347e80,0x00347E80,0x00348A98,3096
FUN_00348aa0,0x00348AA0,0x00348B7C,220
FUN_00348b80,0x00348B80,0x00348C9C,284
FUN_00348ca0,0x00348CA0,0x00348D1C,124
FUN_00348d20,0x00348D20,0x00348D7C,92
FUN_00348d80,0x00348D80,0x00348DA4,36
FUN_00348db0,0x00348DB0,0x00348EA4,244
FUN_00348eb0,0x00348EB0,0x00349218,872
FUN_00349220,0x00349220,0x00349610,1008
FUN_00349610,0x00349610,0x00349638,40
FUN_00349640,0x00349640,0x00349648,8
FUN_00349650,0x00349650,0x003496F0,160
FUN_003496f0,0x003496F0,0x0034978C,156
FUN_00349790,0x00349790,0x003497BC,44
FUN_003497c0,0x003497C0,0x0034997C,444
FUN_00349980,0x00349980,0x003499B8,56
FUN_003499c0,0x003499C0,0x00349A80,192
FUN_00349a80,0x00349A80,0x00349DF4,884
FUN_00349e00,0x00349E00,0x0034A010,528
FUN_0034a010,0x0034A010,0x0034A18C,380
FUN_0034a190,0x0034A190,0x0034A320,400
FUN_0034a320,0x0034A320,0x0034A6C4,932
FUN_0034a6d0,0x0034A6D0,0x0034A730,96
FUN_0034a730,0x0034A730,0x0034A89C,364
FUN_0034a8a0,0x0034A8A0,0x0034A914,116
FUN_0034a920,0x0034A920,0x0034A92C,12
FUN_0034a930,0x0034A930,0x0034AAAC,380
FUN_0034aab0,0x0034AAB0,0x0034ACA0,496
FUN_0034aca0,0x0034ACA0,0x0034AE78,472
FUN_0034ae80,0x0034AE80,0x0034AF50,208
FUN_0034af50,0x0034AF50,0x0034AF94,68
FUN_0034afa0,0x0034AFA0,0x0034AFC8,40
FUN_0034afd0,0x0034AFD0,0x0034B0A4,212
FUN_0034b0b0,0x0034B0B0,0x0034B220,368
FUN_0034b220,0x0034B220,0x0034B22C,12
FUN_0034b230,0x0034B230,0x0034B238,8
FUN_0034b240,0x0034B240,0x0034B29C,92
FUN_0034b2a0,0x0034B2A0,0x0034B34C,172
FUN_0034b350,0x0034B350,0x0034B3FC,172
FUN_0034b400,0x0034B400,0x0034B4C4,196
FUN_0034b4d0,0x0034B4D0,0x0034BB40,1648
FUN_0034bb40,0x0034BB40,0x0034BB50,16
FUN_0034bb50,0x0034BB50,0x0034C250,1792
FUN_0034c250,0x0034C250,0x0034C2F0,160
FUN_0034c2f0,0x0034C2F0,0x0034C940,1616
FUN_0034c940,0x0034C940,0x0034CB98,600
FUN_0034cba0,0x0034CBA0,0x0034CBB4,20
FUN_0034cbc0,0x0034CBC0,0x0034D07C,1212
FUN_0034d080,0x0034D080,0x0034D1D8,344
FUN_0034d1e0,0x0034D1E0,0x0034D550,880
FUN_0034d550,0x0034D550,0x0034D580,48
FUN_0034d580,0x0034D580,0x0034D5AC,44
FUN_0034d5b0,0x0034D5B0,0x0034D754,420
FUN_0034d760,0x0034D760,0x0034D768,8
FUN_0034d770,0x0034D770,0x0034D778,8
FUN_0034d780,0x0034D780,0x0034D78C,12
FUN_0034d790,0x0034D790,0x0034D7B4,36
FUN_0034d7c0,0x0034D7C0,0x0034D8F8,312
FUN_0034d900,0x0034D900,0x0034DFA4,1700
FUN_0034dfb0,0x0034DFB0,0x0034E4E4,1332
FUN_0034e4f0,0x0034E4F0,0x0034E574,132
FUN_0034e580,0x0034E580,0x0034E58C,12
FUN_0034e590,0x0034E590,0x0034E614,132
FUN_0034e620,0x0034E620,0x0034E8A8,648
FUN_0034e8a8,0x0034E8A8,0x0034E9A4,252
FUN_0034e9a4,0x0034E9A4,0x0034ECDC,824
FUN_0034ece0,0x0034ECE0,0x0034EEF8,536
FUN_0034ef00,0x0034EF00,0x0034F068,360
FUN_0034f070,0x0034F070,0x0034F208,408
FUN_0034f210,0x0034F210,0x0034F438,552
FUN_0034f440,0x0034F440,0x0034F53C,252
FUN_0034f540,0x0034F540,0x0034FAE0,1440
FUN_0034fae0,0x0034FAE0,0x0034FDA0,704
FUN_0034fda0,0x0034FDA0,0x0034FDC8,40
FUN_0034fdd0,0x0034FDD0,0x00350120,848
FUN_00350120,0x00350120,0x0035016C,76
FUN_00350170,0x00350170,0x003501AC,60
FUN_003501b0,0x003501B0,0x003501C0,16
FUN_003501c0,0x003501C0,0x003501CC,12
FUN_003501d0,0x003501D0,0x003501FC,44
FUN_00350200,0x00350200,0x00350324,292
FUN_00350330,0x00350330,0x00350340,16
FUN_00350340,0x00350340,0x00350430,240
FUN_00350430,0x00350430,0x003504D8,168
FUN_003504e0,0x003504E0,0x00350560,128
FUN_00350560,0x00350560,0x003505E4,132
FUN_003505f0,0x003505F0,0x00350630,64
FUN_00350630,0x00350630,0x00350670,64
FUN_00350670,0x00350670,0x003506A8,56
FUN_003506b0,0x003506B0,0x003506BC,12
FUN_003506c0,0x003506C0,0x00350874,436
FUN_00350880,0x00350880,0x00350890,16
FUN_00350890,0x00350890,0x00350978,232
FUN_00350980,0x00350980,0x003509F4,116
FUN_00350a00,0x00350A00,0x00350A1C,28
FUN_00350a20,0x00350A20,0x00350B68,328
FUN_00350b70,0x00350B70,0x00350B7C,12
FUN_00350b80,0x00350B80,0x00350BC0,64
FUN_00350bc0,0x00350BC0,0x00350C00,64
FUN_00350c00,0x00350C00,0x00350CA4,164
FUN_00350cb0,0x00350CB0,0x00350CF0,64
FUN_00350cf0,0x00350CF0,0x00350E10,288
FUN_00350e10,0x00350E10,0x00350E1C,12
FUN_00350e20,0x00350E20,0x00350E54,52
FUN_00350e60,0x00350E60,0x00350E94,52
FUN_00350ea0,0x00350EA0,0x00350ED0,48
FUN_00350ed0,0x00350ED0,0x00350F78,168
FUN_00350f80,0x00350F80,0x00351468,1256
FUN_00351470,0x00351470,0x003514C0,80
FUN_003514c0,0x003514C0,0x003514C8,8
FUN_003514d0,0x003514D0,0x003514D8,8
FUN_003514e0,0x003514E0,0x00351554,116
FUN_00351560,0x00351560,0x00351594,52
FUN_003515a0,0x003515A0,0x003515A8,8
FUN_003515b0,0x003515B0,0x003515BC,12
FUN_003515c0,0x003515C0,0x00351690,208
FUN_00351690,0x00351690,0x003516D8,72
FUN_003516e0,0x003516E0,0x003518A8,456
FUN_003518b0,0x003518B0,0x003518B8,8
FUN_003518c0,0x003518C0,0x003518D8,24
FUN_003518e0,0x003518E0,0x0035190C,44
FUN_00351910,0x00351910,0x00351958,72
FUN_00351960,0x00351960,0x00351968,8
FUN_00351970,0x00351970,0x00352054,1764
FUN_00352060,0x00352060,0x003520E8,136
FUN_003520f0,0x003520F0,0x003527C8,1752
FUN_003527d0,0x003527D0,0x00352898,200
FUN_003528a0,0x003528A0,0x003528FC,92
FUN_00352900,0x00352900,0x00352934,52
FUN_00352940,0x00352940,0x00352974,52
FUN_00352980,0x00352980,0x00352990,16
FUN_00352990,0x00352990,0x00352A7C,236
FUN_00352a80,0x00352A80,0x00352BC8,328
FUN_00352bd0,0x00352BD0,0x00352D34,356
FUN_00352d40,0x00352D40,0x00353048,776
FUN_00353050,0x00353050,0x003530AC,92
FUN_003530b0,0x003530B0,0x003530C4,20
FUN_003530d0,0x003530D0,0x0035316C,156
FUN_00353170,0x00353170,0x00353450,736
FUN_00353450,0x00353450,0x00353500,176
FUN_00353500,0x00353500,0x003535AC,172
FUN_003535b0,0x003535B0,0x003536BC,268
FUN_003536c0,0x003536C0,0x003537A4,228
FUN_003537b0,0x003537B0,0x00353800,80
FUN_00353800,0x00353800,0x00353848,72
FUN_00353848,0x00353848,0x003538DC,148
FUN_003538dc,0x003538DC,0x003538F4,24
FUN_003538f4,0x003538F4,0x00353910,28
FUN_00353910,0x00353910,0x00353960,80
FUN_00353960,0x00353960,0x003539FC,156
FUN_00353a00,0x00353A00,0x00353A38,56
FUN_00353a40,0x00353A40,0x00353A78,56
FUN_00353a80,0x00353A80,0x00353B2C,172
FUN_00353b30,0x00353B30,0x00353DC8,664
FUN_00353dd0,0x00353DD0,0x00353DFC,44
FUN_00353e00,0x00353E00,0x00353E30,48
FUN_00353e30,0x00353E30,0x00353EF0,192
FUN_00353ef0,0x00353EF0,0x00354154,612
CPutMonster__Insert_logref_1,0x00354160,0x003542C0,352
FUN_003542c0,0x003542C0,0x00354670,944
FUN_00354670,0x00354670,0x003548DC,620
FUN_003548e0,0x003548E0,0x00354F98,1720
FUN_00354fa0,0x00354FA0,0x003550A8,264
FUN_003550b0,0x003550B0,0x00355140,144
CPutMonster__Revive_logref_1,0x00355140,0x00355434,756
CPutMonster__Dead_logref_2,0x00355440,0x00355820,992
CPutMonster__Dead_logref_1,0x00355820,0x00355930,272
FUN_00355930,0x00355930,0x00355A18,232
FUN_00355a20,0x00355A20,0x00355B8C,364
FUN_00355b90,0x00355B90,0x00355DBC,556
FUN_00355dc0,0x00355DC0,0x00356350,1424
FUN_00356350,0x00356350,0x0035638C,60
FUN_00356390,0x00356390,0x003563D8,72
FUN_003563e0,0x003563E0,0x00356430,80
FUN_00356430,0x00356430,0x00356480,80
FUN_00356480,0x00356480,0x003564C0,64
FUN_003564c0,0x003564C0,0x003564FC,60
FUN_00356500,0x00356500,0x003565A8,168
FUN_003565b0,0x003565B0,0x00356658,168
FUN_00356660,0x00356660,0x00356708,168
FUN_00356710,0x00356710,0x003567B4,164
FUN_003567c0,0x003567C0,0x00356864,164
FUN_00356870,0x00356870,0x00356878,8
FUN_00356880,0x00356880,0x003568B0,48
FUN_003568b0,0x003568B0,0x003568DC,44
FUN_003568e0,0x003568E0,0x003568F0,16
FUN_003568f0,0x003568F0,0x00356904,20
FUN_00356910,0x00356910,0x00356920,16
FUN_00356920,0x00356920,0x00356930,16
FUN_00356930,0x00356930,0x003569CC,156
FUN_003569d0,0x003569D0,0x00356B3C,364
FUN_00356b40,0x00356B40,0x00356C1C,220
FUN_00356c20,0x00356C20,0x00356CFC,220
FUN_00356d00,0x00356D00,0x00356DDC,220
playerai_data_h__assert_ref_2,0x00356DE0,0x00356E50,112
playerai_data_cpp__assert_ref_1,0x00356E50,0x00356FA8,344
FUN_00356fb0,0x00356FB0,0x00357110,352
FUN_00357110,0x00357110,0x003571A8,152
FUN_003571b0,0x003571B0,0x0035726C,188
FUN_00357270,0x00357270,0x00357314,164
FUN_00357320,0x00357320,0x00357378,88
FUN_00357380,0x00357380,0x00357484,260
FUN_00357490,0x00357490,0x0035763C,428
FUN_00357640,0x00357640,0x003577A0,352
FUN_003577a0,0x003577A0,0x00357868,200
FUN_00357870,0x00357870,0x003579E4,372
FUN_003579f0,0x003579F0,0x00357A88,152
FUN_00357a90,0x00357A90,0x00357AF4,100
FUN_00357b00,0x00357B00,0x00357CB0,432
FUN_00357cb0,0x00357CB0,0x00357D18,104
FUN_00357d20,0x00357D20,0x00357E18,248
FUN_00357e20,0x00357E20,0x00357E2C,12
FUN_00357e30,0x00357E30,0x00357EE4,180
FUN_00357ef0,0x00357EF0,0x00358044,340
FUN_00358050,0x00358050,0x00358070,32
FUN_00358070,0x00358070,0x00358078,8
FUN_00358080,0x00358080,0x00358088,8
BTL_CHARA_INFO__SetNowBaseMotType_logref_1,0x00358090,0x003580E0,80
FUN_003580e0,0x003580E0,0x00358124,68
FUN_00358130,0x00358130,0x00358138,8
btl_chrinfo_logic_cpp__assert_ref_1,0x00358140,0x0035825C,284
FUN_00358260,0x00358260,0x00358334,212
FUN_00358340,0x00358340,0x003583A4,100
FUN_003583b0,0x003583B0,0x00358A28,1656
FUN_00358a30,0x00358A30,0x00358A38,8
FUN_00358a40,0x00358A40,0x00358A90,80
FUN_00358a90,0x00358A90,0x00358ACC,60
FUN_00358ad0,0x00358AD0,0x00358B04,52
FUN_00358b10,0x00358B10,0x00358DB0,672
FUN_00358db0,0x00358DB0,0x00358F3C,396
FUN_00358f40,0x00358F40,0x00358F68,40
FUN_00358f70,0x00358F70,0x00358FCC,92
FUN_00358fd0,0x00358FD0,0x00359008,56
FUN_00359010,0x00359010,0x0035909C,140
FUN_003590a0,0x003590A0,0x00359278,472
FUN_00359280,0x00359280,0x00359440,448
FUN_00359440,0x00359440,0x00359614,468
FUN_00359620,0x00359620,0x003597DC,444
FUN_003597e0,0x003597E0,0x00359A90,688
FUN_00359a90,0x00359A90,0x00359C38,424
FUN_00359c40,0x00359C40,0x00359C90,80
FUN_00359c90,0x00359C90,0x00359CF0,96
FUN_00359cf0,0x00359CF0,0x00359D44,84
FUN_00359d50,0x00359D50,0x0035A0B8,872
FUN_0035a0c0,0x0035A0C0,0x0035A26C,428
FUN_0035a270,0x0035A270,0x0035A768,1272
FUN_0035a770,0x0035A770,0x0035A7DC,108
FUN_0035a7e0,0x0035A7E0,0x0035ABC4,996
FUN_0035abd0,0x0035ABD0,0x0035AD74,420
FUN_0035ad80,0x0035AD80,0x0035AE74,244
FUN_0035ae80,0x0035AE80,0x0035B064,484
FUN_0035b070,0x0035B070,0x0035B0AC,60
FUN_0035b0b0,0x0035B0B0,0x0035B1B0,256
FUN_0035b1b0,0x0035B1B0,0x0035B2CC,284
FUN_0035b2d0,0x0035B2D0,0x0035B634,868
FUN_0035b640,0x0035B640,0x0035B718,216
FUN_0035b720,0x0035B720,0x0035BB24,1028
FUN_0035bb30,0x0035BB30,0x0035BC34,260
FUN_0035bc40,0x0035BC40,0x0035BC9C,92
FUN_0035bca0,0x0035BCA0,0x0035BD04,100
FUN_0035bd10,0x0035BD10,0x0035BD40,48
FUN_0035bd40,0x0035BD40,0x0035BD64,36
FUN_0035bd70,0x0035BD70,0x0035BDB4,68
FUN_0035bdc0,0x0035BDC0,0x0035BE70,176
FUN_0035be70,0x0035BE70,0x0035BF00,144
FUN_0035bf00,0x0035BF00,0x0035BF30,48
FUN_0035bf30,0x0035BF30,0x0035BFDC,172
FUN_0035bfe0,0x0035BFE0,0x0035C06C,140
FUN_0035c070,0x0035C070,0x0035C0FC,140
FUN_0035c100,0x0035C100,0x0035C18C,140
FUN_0035c190,0x0035C190,0x0035C21C,140
FUN_0035c220,0x0035C220,0x0035C2D0,176
FUN_0035c2d0,0x0035C2D0,0x0035C388,184
FUN_0035c390,0x0035C390,0x0035C3F0,96
FUN_0035c3f0,0x0035C3F0,0x0035C450,96
FUN_0035c450,0x0035C450,0x0035C4B0,96
FUN_0035c4b0,0x0035C4B0,0x0035C510,96
FUN_0035c510,0x0035C510,0x0035C574,100
FUN_0035c580,0x0035C580,0x0035C5E4,100
FUN_0035c5f0,0x0035C5F0,0x0035C638,72
FUN_0035c640,0x0035C640,0x0035C680,64
FUN_0035c680,0x0035C680,0x0035C758,216
FUN_0035c760,0x0035C760,0x0035C904,420
FUN_0035c910,0x0035C910,0x0035C94C,60
FUN_0035c950,0x0035C950,0x0035C958,8
FUN_0035c960,0x0035C960,0x0035C9EC,140
FUN_0035c9f0,0x0035C9F0,0x0035CA2C,60
FUN_0035ca30,0x0035CA30,0x0035CA38,8
FUN_0035ca40,0x0035CA40,0x0035CAC4,132
FUN_0035cad0,0x0035CAD0,0x0035CBA4,212
FUN_0035cbb0,0x0035CBB0,0x0035CC78,200
FUN_0035cc80,0x0035CC80,0x0035CE50,464
FUN_0035ce50,0x0035CE50,0x0035CF5C,268
FUN_0035cf60,0x0035CF60,0x0035D0D4,372
FUN_0035d0e0,0x0035D0E0,0x0035D1C8,232
FUN_0035d1d0,0x0035D1D0,0x0035D2C4,244
FUN_0035d2d0,0x0035D2D0,0x0035D3B0,224
FUN_0035d3b0,0x0035D3B0,0x0035D4FC,332
FUN_0035d4fc,0x0035D4FC,0x0035D51C,32
FUN_0035d520,0x0035D520,0x0035D52C,12
FUN_0035d530,0x0035D530,0x0035D584,84
thunk_FUN_00296f10_0035d590,0x0035D590,0x0035D598,8
FUN_0035d5a0,0x0035D5A0,0x0035D5BC,28
FUN_0035d5c0,0x0035D5C0,0x0035D700,320
FUN_0035d700,0x0035D700,0x0035D718,24
FUN_0035d720,0x0035D720,0x0035D7EC,204
FUN_0035d7f0,0x0035D7F0,0x0035D82C,60
FUN_0035d830,0x0035D830,0x0035D87C,76
FUN_0035d880,0x0035D880,0x0035D8E4,100
FUN_0035d8f0,0x0035D8F0,0x0035D914,36
FUN_0035d920,0x0035D920,0x0035D928,8
FUN_0035d930,0x0035D930,0x0035D970,64
FUN_0035d970,0x0035D970,0x0035D9DC,108
FUN_0035d9e0,0x0035D9E0,0x0035DAD0,240
FUN_0035dad0,0x0035DAD0,0x0035DB2C,92
FUN_0035db30,0x0035DB30,0x0035DB54,36
FUN_0035db60,0x0035DB60,0x0035DBA4,68
FUN_0035dbb0,0x0035DBB0,0x0035DC80,208
FUN_0035dc80,0x0035DC80,0x0035DCC0,64
FUN_0035dcc0,0x0035DCC0,0x0035DCC8,8
FUN_0035dcd0,0x0035DCD0,0x0035DD34,100
FUN_0035dd40,0x0035DD40,0x0035DE00,192
FUN_0035de00,0x0035DE00,0x0035DE08,8
FUN_0035de10,0x0035DE10,0x0035E0AC,668
FUN_0035e0b0,0x0035E0B0,0x0035E2D4,548
FUN_0035e2e0,0x0035E2E0,0x0035E320,64
FUN_0035e320,0x0035E320,0x0035E328,8
FUN_0035e330,0x0035E330,0x0035E514,484
FUN_0035e520,0x0035E520,0x0035E56C,76
FUN_0035e570,0x0035E570,0x0035E578,8
FUN_0035e580,0x0035E580,0x0035E588,8
FUN_0035e590,0x0035E590,0x0035E5DC,76
FUN_0035e5e0,0x0035E5E0,0x0035E6D0,240
FUN_0035e6d0,0x0035E6D0,0x0035E854,388
FUN_0035e860,0x0035E860,0x0035E8A4,68
FUN_0035e8b0,0x0035E8B0,0x0035E8E4,52
FUN_0035e8f0,0x0035E8F0,0x0035E944,84
FUN_0035e950,0x0035E950,0x0035E994,68
FUN_0035e9a0,0x0035E9A0,0x0035E9E4,68
FUN_0035e9f0,0x0035E9F0,0x0035E9F8,8
FUN_0035ea00,0x0035EA00,0x0035EA14,20
FUN_0035ea20,0x0035EA20,0x0035EB00,224
FUN_0035eb00,0x0035EB00,0x0035EBD4,212
FUN_0035ebe0,0x0035EBE0,0x0035ED08,296
FUN_0035ed10,0x0035ED10,0x0035EE0C,252
FUN_0035ee10,0x0035EE10,0x0035EF20,272
FUN_0035ef20,0x0035EF20,0x0035F030,272
FUN_0035f030,0x0035F030,0x0035F0B8,136
FUN_0035f0c0,0x0035F0C0,0x0035F154,148
FUN_0035f160,0x0035F160,0x0035F1F8,152
FUN_0035f200,0x0035F200,0x0035F26C,108
FUN_0035f270,0x0035F270,0x0035F284,20
FUN_0035f290,0x0035F290,0x0035F2A0,16
FUN_0035f2a0,0x0035F2A0,0x0035F2B4,20
FUN_0035f2c0,0x0035F2C0,0x0035F2D0,16
FUN_0035f2d0,0x0035F2D0,0x0035F2D8,8
FUN_0035f2e0,0x0035F2E0,0x0035F368,136
FUN_0035f370,0x0035F370,0x0035F3BC,76
FUN_0035f3c0,0x0035F3C0,0x0035F3E4,36
FUN_0035f3f0,0x0035F3F0,0x0035F3F8,8
FUN_0035f400,0x0035F400,0x0035F514,276
FUN_0035f520,0x0035F520,0x0035F5B0,144
FUN_0035f5b0,0x0035F5B0,0x0035F5D4,36
FUN_0035f5e0,0x0035F5E0,0x0035F618,56
FUN_0035f620,0x0035F620,0x0035F734,276
FUN_0035f740,0x0035F740,0x0035F890,336
FUN_0035f890,0x0035F890,0x0035F8EC,92
FUN_0035f8f0,0x0035F8F0,0x0035FA08,280
FUN_0035fa10,0x0035FA10,0x0035FDB0,928
FUN_0035fdb0,0x0035FDB0,0x0035FDE0,48
FUN_0035fde0,0x0035FDE0,0x0035FE00,32
FUN_0035fe00,0x0035FE00,0x0035FE18,24
FUN_0035fe20,0x0035FE20,0x003600B4,660
FUN_003600c0,0x003600C0,0x003601C8,264
FUN_003601d0,0x003601D0,0x00360214,68
FUN_00360220,0x00360220,0x00360320,256
FUN_00360320,0x00360320,0x00360444,292
FUN_00360450,0x00360450,0x003607B4,868
FUN_003607c0,0x003607C0,0x00360858,152
FUN_00360860,0x00360860,0x00360D7C,1308
FUN_00360d80,0x00360D80,0x00360F20,416
FUN_00360f20,0x00360F20,0x00361114,500
FUN_00361120,0x00361120,0x003611D4,180
FUN_003611e0,0x003611E0,0x003611EC,12
FUN_003611f0,0x003611F0,0x003611FC,12
FUN_00361200,0x00361200,0x00361258,88
FUN_00361260,0x00361260,0x0036126C,12
FUN_00361270,0x00361270,0x00361278,8
FUN_00361280,0x00361280,0x003612F8,120
FUN_00361300,0x00361300,0x00361324,36
FUN_00361330,0x00361330,0x00361354,36
FUN_00361360,0x00361360,0x003613D4,116
FUN_003613e0,0x003613E0,0x0036144C,108
FUN_00361450,0x00361450,0x0036147C,44
FUN_00361480,0x00361480,0x00361654,468
FUN_00361660,0x00361660,0x003617AC,332
FUN_003617b0,0x003617B0,0x00361A08,600
FUN_00361a10,0x00361A10,0x00361A6C,92
FUN_00361a70,0x00361A70,0x00361AA0,48
FUN_00361aa0,0x00361AA0,0x00361AD8,56
FUN_00361ae0,0x00361AE0,0x00361B18,56
FUN_00361b20,0x00361B20,0x00361C98,376
FUN_00361ca0,0x00361CA0,0x00361CD8,56
FUN_00361ce0,0x00361CE0,0x00361D3C,92
FUN_00361d40,0x00361D40,0x00361E54,276
FUN_00361e60,0x00361E60,0x00361EDC,124
FUN_00361ee0,0x00361EE0,0x00362224,836
FUN_00362270,0x00362270,0x00362458,488
FUN_00362460,0x00362460,0x003624C0,96
FUN_003624c0,0x003624C0,0x00362564,164
FUN_00362570,0x00362570,0x003625DC,108
FUN_003625e0,0x003625E0,0x00362650,112
FUN_00362650,0x00362650,0x003626C4,116
FUN_003626d0,0x003626D0,0x00362784,180
FUN_00362790,0x00362790,0x00362824,148
FUN_00362830,0x00362830,0x00362898,104
FUN_003628a0,0x003628A0,0x00362CD8,1080
FUN_00362ce0,0x00362CE0,0x00362CE8,8
FUN_00362cf0,0x00362CF0,0x00362CFC,12
FUN_00362d00,0x00362D00,0x00362D0C,12
FUN_00362d10,0x00362D10,0x00362D18,8
FUN_00362d20,0x00362D20,0x00362D54,52
FUN_00362d60,0x00362D60,0x00362EC4,356
FUN_00362ed0,0x00362ED0,0x00362EE4,20
FUN_00362ef0,0x00362EF0,0x00362EF8,8
FUN_00362f00,0x00362F00,0x003630C0,448
FUN_003630c0,0x003630C0,0x00363150,144
FUN_00363150,0x00363150,0x0036318C,60
FUN_00363190,0x00363190,0x00363300,368
FUN_00363300,0x00363300,0x00363310,16
FUN_00363310,0x00363310,0x0036336C,92
FUN_00363370,0x00363370,0x003633E4,116
FUN_003633f0,0x003633F0,0x00363410,32
FUN_00363410,0x00363410,0x00363430,32
FUN_00363430,0x00363430,0x00363444,20
FUN_00363450,0x00363450,0x00363478,40
FUN_00363480,0x00363480,0x003634C0,64
FUN_003634c0,0x003634C0,0x0036350C,76
FUN_00363510,0x00363510,0x00363538,40
FUN_00363540,0x00363540,0x003635DC,156
FUN_003635e0,0x003635E0,0x003637A8,456
FUN_003637b0,0x003637B0,0x0036384C,156
FUN_00363850,0x00363850,0x003638EC,156
FUN_003638f0,0x003638F0,0x00363A8C,412
FUN_00363a90,0x00363A90,0x00363AD0,64
FUN_00363ad0,0x00363AD0,0x00363B14,68
FUN_00363b20,0x00363B20,0x00363B68,72
FUN_00363b70,0x00363B70,0x00363BB0,64
FUN_00363bb0,0x00363BB0,0x00363BF4,68
FUN_00363c00,0x00363C00,0x00363C44,68
FUN_00363c50,0x00363C50,0x00363C94,68
FUN_00363ca0,0x00363CA0,0x00363CE4,68
FUN_00363cf0,0x00363CF0,0x00363E14,292
FUN_00363e20,0x00363E20,0x003640AC,652
FUN_003640b0,0x003640B0,0x00364100,80
FUN_00364100,0x00364100,0x0036412C,44
FUN_00364130,0x00364130,0x00364288,344
FUN_00364290,0x00364290,0x00364298,8
FUN_003642a0,0x003642A0,0x00364308,104
FUN_00364310,0x00364310,0x003643C0,176
FUN_003643c0,0x003643C0,0x003643F4,52
FUN_00364400,0x00364400,0x00364478,120
FUN_00364480,0x00364480,0x00364548,200
FUN_00364550,0x00364550,0x00364600,176
FUN_00364600,0x00364600,0x003646EC,236
FUN_003646f0,0x003646F0,0x003647EC,252
FUN_003647f0,0x003647F0,0x0036483C,76
FUN_00364840,0x00364840,0x0036493C,252
FUN_00364940,0x00364940,0x00364B40,512
FUN_00364b40,0x00364B40,0x00364B48,8
FUN_00364b50,0x00364B50,0x00364C3C,236
FUN_00364c40,0x00364C40,0x00364CE0,160
FUN_00364ce0,0x00364CE0,0x00364E74,404
FUN_00364e80,0x00364E80,0x00365004,388
FUN_00365010,0x00365010,0x003655F8,1512
FUN_003655f8,0x003655F8,0x003656D4,220
FUN_003656d4,0x003656D4,0x0036575C,136
FUN_0036575c,0x0036575C,0x003657F0,148
FUN_00365b2c,0x00365B2C,0x00365BA8,124
FUN_00365ba8,0x00365BA8,0x00365E40,664
FUN_00365e40,0x00365E40,0x00365E70,48
FUN_00365e70,0x00365E70,0x00365FAC,316
FUN_00365fac,0x00365FAC,0x003660B4,264
FUN_003660b4,0x003660B4,0x0036624C,408
FUN_0036624c,0x0036624C,0x003663E8,412
FUN_003663e8,0x003663E8,0x00366BE8,2048
FUN_00366be8,0x00366BE8,0x00366C00,24
FUN_00366c2c,0x00366C2C,0x00366DF0,452
FUN_00366df0,0x00366DF0,0x003677D0,2528
FUN_003677d0,0x003677D0,0x00367800,48
FUN_00367800,0x00367800,0x00367AF0,752
FUN_00367af0,0x00367AF0,0x00367BBC,204
FUN_00367bc0,0x00367BC0,0x00367D68,424
FUN_00367d70,0x00367D70,0x00368048,728
FUN_00368050,0x00368050,0x00368120,208
FUN_00368120,0x00368120,0x0036824C,300
FUN_00368250,0x00368250,0x00368368,280
FUN_00368368,0x00368368,0x003684FC,404
FUN_00368528,0x00368528,0x00368648,288
FUN_00368648,0x00368648,0x00368678,48
FUN_00368680,0x00368680,0x003687B4,308
FUN_003687c0,0x003687C0,0x0036886C,172
FUN_00368870,0x00368870,0x00368884,20
FUN_00368890,0x00368890,0x00368918,136
thunk_FUN_002e6bc0_00368920,0x00368920,0x00368928,8
FUN_00368930,0x00368930,0x00368A88,344
FUN_00368a90,0x00368A90,0x00368C08,376
FUN_00368c10,0x00368C10,0x00369018,1032
FUN_00369020,0x00369020,0x00369DC0,3488
FUN_00369dc0,0x00369DC0,0x00369EB4,244
FUN_00369ec0,0x00369EC0,0x00369FFC,316
FUN_0036a000,0x0036A000,0x0036A104,260
FUN_0036a110,0x0036A110,0x0036A3D8,712
FUN_0036a3e0,0x0036A3E0,0x0036A540,352
FUN_0036a540,0x0036A540,0x0036A6BC,380
FUN_0036a6c0,0x0036A6C0,0x0036A73C,124
FUN_0036a740,0x0036A740,0x0036A81C,220
FUN_0036a820,0x0036A820,0x0036AA24,516
FUN_0036aa30,0x0036AA30,0x0036AFB8,1416
FUN_0036afc0,0x0036AFC0,0x0036B004,68
FUN_0036b010,0x0036B010,0x0036B06C,92
FUN_0036b070,0x0036B070,0x0036B07C,12
FUN_0036b080,0x0036B080,0x0036B760,1760
FUN_0036b760,0x0036B760,0x0036B774,20
FUN_0036b780,0x0036B780,0x0036B9C4,580
FUN_0036b9d0,0x0036B9D0,0x0036BB5C,396
FUN_0036bb60,0x0036BB60,0x0036BCB0,336
FUN_0036bcb0,0x0036BCB0,0x0036BD24,116
FUN_0036bd30,0x0036BD30,0x0036BE2C,252
FUN_0036be2c,0x0036BE2C,0x0036C1F8,972
FUN_0036c1f8,0x0036C1F8,0x0036C298,160
FUN_0036c298,0x0036C298,0x0036C2C8,48
FUN_0036c2d0,0x0036C2D0,0x0036C2E0,16
FUN_0036c2e0,0x0036C2E0,0x0036C3B0,208
FUN_0036c3b0,0x0036C3B0,0x0036C568,440
FUN_0036c570,0x0036C570,0x0036CA9C,1324
FUN_0036caa0,0x0036CAA0,0x0036CB40,160
FUN_0036cb40,0x0036CB40,0x0036CBCC,140
FUN_0036cbd0,0x0036CBD0,0x0036CBF0,32
FUN_0036cbf0,0x0036CBF0,0x0036CC54,100
FUN_0036cc60,0x0036CC60,0x0036CC68,8
FUN_0036cc70,0x0036CC70,0x0036CC78,8
FUN_0036cc80,0x0036CC80,0x0036CC88,8
FUN_0036cc90,0x0036CC90,0x0036CC98,8
FUN_0036cca0,0x0036CCA0,0x0036CCA8,8
FUN_0036ccb0,0x0036CCB0,0x0036CD84,212
FUN_0036cd90,0x0036CD90,0x0036D028,664
FUN_0036d030,0x0036D030,0x0036D0C4,148
FUN_0036d0d0,0x0036D0D0,0x0036D12C,92
FUN_0036d130,0x0036D130,0x0036D19C,108
FUN_0036d1a0,0x0036D1A0,0x0036D1E8,72
FUN_0036d1f0,0x0036D1F0,0x0036D2C0,208
FUN_0036d2c0,0x0036D2C0,0x0036D37C,188
FUN_0036d380,0x0036D380,0x0036D3A8,40
FUN_0036d3b0,0x0036D3B0,0x0036D410,96
FUN_0036d410,0x0036D410,0x0036D450,64
FUN_0036d450,0x0036D450,0x0036D47C,44
FUN_0036d480,0x0036D480,0x0036D4A4,36
FUN_0036d4b0,0x0036D4B0,0x0036D52C,124
FUN_0036d530,0x0036D530,0x0036D540,16
FUN_0036d540,0x0036D540,0x0036D578,56
FUN_0036d580,0x0036D580,0x0036D638,184
FUN_0036d640,0x0036D640,0x0036D66C,44
FUN_0036d670,0x0036D670,0x0036E054,2532
FUN_0036e060,0x0036E060,0x0036E0E4,132
FUN_0036e0f0,0x0036E0F0,0x0036E158,104
FUN_0036e160,0x0036E160,0x0036E1C8,104
FUN_0036e1d0,0x0036E1D0,0x0036E260,144
FUN_0036e260,0x0036E260,0x0036E5C0,864
FUN_0036e5c0,0x0036E5C0,0x0036E67C,188
FUN_0036e680,0x0036E680,0x0036E6E0,96
FUN_0036e6e0,0x0036E6E0,0x0036E75C,124
FUN_0036e760,0x0036E760,0x0036E970,528
FUN_0036e970,0x0036E970,0x0036E998,40
FUN_0036e9a0,0x0036E9A0,0x0036EA24,132
FUN_0036ea30,0x0036EA30,0x0036EA74,68
FUN_0036ea80,0x0036EA80,0x0036EA98,24
FUN_0036eaa0,0x0036EAA0,0x0036EAD4,52
FUN_0036eae0,0x0036EAE0,0x0036EB24,68
FUN_0036eb30,0x0036EB30,0x0036EBEC,188
FUN_0036ebf0,0x0036EBF0,0x0036EC68,120
FUN_0036ec70,0x0036EC70,0x0036EC78,8
FUN_0036ec80,0x0036EC80,0x0036EC88,8
FUN_0036ec90,0x0036EC90,0x0036EC98,8
FUN_0036eca0,0x0036ECA0,0x0036ECA8,8
FUN_0036ecb0,0x0036ECB0,0x0036ECB8,8
FUN_0036ecc0,0x0036ECC0,0x0036EE40,384
FUN_0036ee40,0x0036EE40,0x0036EEC8,136
FUN_0036eed0,0x0036EED0,0x0036EF1C,76
FUN_0036ef20,0x0036EF20,0x0036EF44,36
FUN_0036ef50,0x0036EF50,0x0036EFFC,172
FUN_0036f000,0x0036F000,0x0036F0AC,172
FUN_0036f0b0,0x0036F0B0,0x0036F0EC,60
FUN_0036f0f0,0x0036F0F0,0x0036F130,64
FUN_0036f130,0x0036F130,0x0036F16C,60
FUN_0036f170,0x0036F170,0x0036F274,260
FUN_0036f280,0x0036F280,0x0036F3B0,304
FUN_0036f3b0,0x0036F3B0,0x0036F444,148
FUN_0036f444,0x0036F444,0x0036F450,12
FUN_0036f470,0x0036F470,0x0036F49C,44
FUN_0036f4a0,0x0036F4A0,0x0036F4D0,48
FUN_0036f4d0,0x0036F4D0,0x0036F54C,124
FUN_0036f550,0x0036F550,0x0036F5A4,84
FUN_0036f5b0,0x0036F5B0,0x0036F654,164
FUN_0036f660,0x0036F660,0x0036F694,52
FUN_0036f6a0,0x0036F6A0,0x0036F6D0,48
FUN_0036f6d0,0x0036F6D0,0x0036F700,48
FUN_0036f700,0x0036F700,0x0036F740,64
FUN_0036f740,0x0036F740,0x0036F798,88
FUN_0036f7a0,0x0036F7A0,0x0036F804,100
FUN_0036f810,0x0036F810,0x0036F860,80
FUN_0036f860,0x0036F860,0x0036F918,184
FUN_0036f920,0x0036F920,0x0036F9DC,188
FUN_0036f9e0,0x0036F9E0,0x0036F9F0,16
FUN_0036f9f0,0x0036F9F0,0x0036FA20,48
FUN_0036fa20,0x0036FA20,0x0036FBB8,408
FUN_0036fbc0,0x0036FBC0,0x0036FC3C,124
FUN_0036fc40,0x0036FC40,0x0036FC84,68
FUN_0036fc90,0x0036FC90,0x0036FD20,144
FUN_0036fd20,0x0036FD20,0x0036FDD8,184
FUN_0036fde0,0x0036FDE0,0x0036FF84,420
FUN_0036ff90,0x0036FF90,0x00370254,708
FUN_00370260,0x00370260,0x003702F0,144
FUN_003702f0,0x003702F0,0x00370494,420
FUN_003704a0,0x003704A0,0x003704F8,88
FUN_00370500,0x00370500,0x00370508,8
FUN_00370510,0x00370510,0x0037058C,124
FUN_00370590,0x00370590,0x00370598,8
FUN_003705a0,0x003705A0,0x003705A8,8
FUN_003705b0,0x003705B0,0x003705C0,16
FUN_003705c0,0x003705C0,0x003705E0,32
FUN_003705e0,0x003705E0,0x00370A6C,1164
FUN_00370a70,0x00370A70,0x00370AC8,88
FUN_00370ad0,0x00370AD0,0x00370B30,96
FUN_00370b30,0x00370B30,0x00370BAC,124
FUN_00370bb0,0x00370BB0,0x00370C00,80
FUN_00370c00,0x00370C00,0x00370D18,280
FUN_00370d20,0x00370D20,0x00370D34,20
FUN_00370d40,0x00370D40,0x00370DF4,180
FUN_00370e00,0x00370E00,0x00370F58,344
FUN_00370f60,0x00370F60,0x00370F8C,44
FUN_00370f90,0x00370F90,0x00370F98,8
FUN_00370fa0,0x00370FA0,0x00370FC8,40
FUN_00370fd0,0x00370FD0,0x00370FE8,24
FUN_00370ff0,0x00370FF0,0x00371030,64
FUN_00371030,0x00371030,0x0037104C,28
FUN_00371050,0x00371050,0x003710A4,84
FUN_003710b0,0x003710B0,0x003710F4,68
FUN_00371100,0x00371100,0x0037125C,348
FUN_00371260,0x00371260,0x003713BC,348
FUN_003713c0,0x003713C0,0x0037148C,204
FUN_00371490,0x00371490,0x003714DC,76
FUN_003714e0,0x003714E0,0x003714E8,8
FUN_003714f0,0x003714F0,0x003714F8,8
FUN_00371500,0x00371500,0x0037154C,76
FUN_00371550,0x00371550,0x003715A0,80
FUN_003715a0,0x003715A0,0x003715A8,8
FUN_003715b0,0x003715B0,0x003715B8,8
FUN_003715c0,0x003715C0,0x003715C8,8
FUN_003715d0,0x003715D0,0x003715E0,16
FUN_003715e0,0x003715E0,0x003715F0,16
FUN_003715f0,0x003715F0,0x0037161C,44
FUN_00371620,0x00371620,0x00371628,8
FUN_00371630,0x00371630,0x00371780,336
FUN_00371780,0x00371780,0x00371838,184
FUN_00371840,0x00371840,0x00371890,80
FUN_00371890,0x00371890,0x003718FC,108
FUN_00371900,0x00371900,0x00371964,100
FUN_00371970,0x00371970,0x003719E4,116
FUN_003719f0,0x003719F0,0x00371A54,100
FUN_00371a60,0x00371A60,0x00371BA4,324
FUN_00371bb0,0x00371BB0,0x00371C10,96
FUN_00371c10,0x00371C10,0x00371CC0,176
FUN_00371cc0,0x00371CC0,0x00371D40,128
FUN_00371d40,0x00371D40,0x00371DFC,188
FUN_00371e00,0x00371E00,0x00371EAC,172
FUN_00371eb0,0x00371EB0,0x00371FC0,272
FUN_00371fc0,0x00371FC0,0x0037209C,220
FUN_003720a0,0x003720A0,0x0037210C,108
FUN_00372110,0x00372110,0x00372150,64
FUN_00372150,0x00372150,0x00372180,48
FUN_00372180,0x00372180,0x003721B4,52
FUN_003721c0,0x003721C0,0x003722D0,272
FUN_003722d0,0x003722D0,0x00372328,88
FUN_00372330,0x00372330,0x003723F4,196
FUN_00372400,0x00372400,0x0037242C,44
FUN_00372430,0x00372430,0x003724B0,128
FUN_003724b0,0x003724B0,0x003724E0,48
FUN_003724e0,0x003724E0,0x00372514,52
FUN_00372520,0x00372520,0x0037257C,92
FUN_00372580,0x00372580,0x00372588,8
FUN_00372590,0x00372590,0x003725D0,64
FUN_003725d0,0x003725D0,0x00372794,452
FUN_003727a0,0x003727A0,0x003727C8,40
FUN_003727d0,0x003727D0,0x00372844,116
FUN_00372850,0x00372850,0x00372938,232
FUN_00372940,0x00372940,0x0037298C,76
FUN_00372990,0x00372990,0x003729C8,56
FUN_003729d0,0x003729D0,0x00372A04,52
FUN_00372a10,0x00372A10,0x00372A94,132
FUN_00372aa0,0x00372AA0,0x00372B28,136
FUN_00372b30,0x00372B30,0x00372BB4,132
FUN_00372bc0,0x00372BC0,0x00372BCC,12
FUN_00372bd0,0x00372BD0,0x00372CB4,228
FUN_00372cc0,0x00372CC0,0x00372D0C,76
FUN_00372d10,0x00372D10,0x00372D60,80
FUN_00372d60,0x00372D60,0x00372DFC,156
FUN_00372e00,0x00372E00,0x00372E2C,44
FUN_00372e30,0x00372E30,0x00372E5C,44
FUN_00372e60,0x00372E60,0x00372F0C,172
FUN_00372f10,0x00372F10,0x00372F50,64
FUN_00372f50,0x00372F50,0x00372F64,20
FUN_00372f70,0x00372F70,0x00373100,400
FUN_00373100,0x00373100,0x00373108,8
FUN_00373110,0x00373110,0x003731A8,152
FUN_003731b0,0x003731B0,0x003734E8,824
FUN_003734f0,0x003734F0,0x0037357C,140
FUN_00373580,0x00373580,0x003738EC,876
FUN_003738f0,0x003738F0,0x00374124,2100
FUN_00374130,0x00374130,0x0037420C,220
FUN_00374210,0x00374210,0x0037428C,124
FUN_00374290,0x00374290,0x003742F4,100
FUN_00374300,0x00374300,0x003743A4,164
FUN_003743b0,0x003743B0,0x0037442C,124
FUN_00374430,0x00374430,0x00374444,20
FUN_00374450,0x00374450,0x003744BC,108
FUN_003744c0,0x003744C0,0x00374608,328
FUN_00374610,0x00374610,0x00374634,36
FUN_00374640,0x00374640,0x003746F4,180
FUN_00374700,0x00374700,0x00374740,64
FUN_00374740,0x00374740,0x003747BC,124
FUN_003747c0,0x003747C0,0x00374814,84
FUN_00374820,0x00374820,0x003748BC,156
FUN_003748c0,0x003748C0,0x00374948,136
FUN_00374950,0x00374950,0x00374B64,532
FUN_00374b70,0x00374B70,0x00374B90,32
FUN_00374b90,0x00374B90,0x00374BA4,20
FUN_00374bb0,0x00374BB0,0x00374C88,216
FUN_00375020,0x00375020,0x003756D8,1720
FUN_003756e0,0x003756E0,0x00375740,96
FUN_00375740,0x00375740,0x003757BC,124
FUN_003757c0,0x003757C0,0x003757D4,20
FUN_003757e0,0x003757E0,0x00375850,112
FUN_00375850,0x00375850,0x003758FC,172
FUN_00375900,0x00375900,0x00375908,8
FUN_00375910,0x00375910,0x00375A70,352
FUN_00375a70,0x00375A70,0x00375A7C,12
FUN_00375a80,0x00375A80,0x00375AC0,64
FUN_00375ac0,0x00375AC0,0x00375B04,68
FUN_00375b10,0x00375B10,0x00375BC4,180
FUN_00375bd0,0x00375BD0,0x00375C0C,60
FUN_00375c10,0x00375C10,0x00375C6C,92
FUN_00375c70,0x00375C70,0x00375C7C,12
FUN_00375c80,0x00375C80,0x00375C90,16
FUN_00375ca0,0x00375CA0,0x00375EE0,576
FUN_00375ee0,0x00375EE0,0x00375F18,56
FUN_00375f20,0x00375F20,0x00375F4C,44
FUN_00375f50,0x00375F50,0x00375F5C,12
FUN_00375f60,0x00375F60,0x00375F80,32
FUN_00375f80,0x00375F80,0x00376080,256
FUN_00376080,0x00376080,0x0037609C,28
FUN_003760c0,0x003760C0,0x003760D0,16
FUN_003760d0,0x003760D0,0x00376130,96
FUN_00376130,0x00376130,0x00376264,308
FUN_00376270,0x00376270,0x003762A4,52
FUN_003762b0,0x003762B0,0x003762F4,68
FUN_00376300,0x00376300,0x0037633C,60
FUN_00376340,0x00376340,0x00376370,48
FUN_00376370,0x00376370,0x00376390,32
FUN_00376390,0x00376390,0x003763B0,32
FUN_003763b0,0x003763B0,0x003763D0,32
FUN_003763d0,0x003763D0,0x003763F0,32
FUN_003763f0,0x003763F0,0x00376410,32
thunk_FUN_003764b0,0x00376410,0x00376418,8
FUN_00376420,0x00376420,0x00376460,64
FUN_00376460,0x00376460,0x00376494,52
FUN_003764a0,0x003764A0,0x003764B0,16
FUN_003764b0,0x003764B0,0x0037666C,444
FUN_00376670,0x00376670,0x00376690,32
FUN_00376690,0x00376690,0x00376698,8
FUN_003766a0,0x003766A0,0x003766C4,36
FUN_003766d0,0x003766D0,0x0037673C,108
FUN_00376740,0x00376740,0x00376780,64
FUN_00376780,0x00376780,0x003767C0,64
FUN_003767c0,0x003767C0,0x003768A0,224
FUN_003768a0,0x003768A0,0x003768CC,44
FUN_003768d0,0x003768D0,0x003769E8,280
FUN_003769f0,0x003769F0,0x00376A68,120
FUN_00376a70,0x00376A70,0x00376BD0,352
FUN_00376bd0,0x00376BD0,0x00376BDC,12
FUN_00376be0,0x00376BE0,0x00376FB0,976
FUN_00376fb0,0x00376FB0,0x00376FE4,52
FUN_00376ff0,0x00376FF0,0x00377064,116
FUN_00377070,0x00377070,0x003772AC,572
FUN_003772b0,0x003772B0,0x00377324,116
FUN_00377330,0x00377330,0x0037736C,60
FUN_00377370,0x00377370,0x0037776C,1020
FUN_00377770,0x00377770,0x0037786C,252
FUN_00377870,0x00377870,0x00377E50,1504
FUN_00377e50,0x00377E50,0x00377EA8,88
FUN_00377eb0,0x00377EB0,0x00377F08,88
FUN_00377f10,0x00377F10,0x00377F84,116
FUN_00377f90,0x00377F90,0x00377FA0,16
FUN_00377fa0,0x00377FA0,0x003780DC,316
FUN_003780e0,0x003780E0,0x00378140,96
FUN_00378140,0x00378140,0x0037839C,604
FUN_003783a0,0x003783A0,0x003785B4,532
FUN_003785c0,0x003785C0,0x00378808,584
FUN_00378810,0x00378810,0x003788E8,216
FUN_003788f0,0x003788F0,0x00378BD4,740
FUN_00378be0,0x00378BE0,0x00378C10,48
FUN_00378c10,0x00378C10,0x00378C68,88
FUN_00378c70,0x00378C70,0x00378F58,744
FUN_00378f60,0x00378F60,0x00378F6C,12
FUN_00378f70,0x00378F70,0x003790DC,364
thunk_FUN_003764a0,0x003790E0,0x003790E8,8
FUN_003790f0,0x003790F0,0x00379120,48
FUN_00379120,0x00379120,0x003791AC,140
FUN_003791b0,0x003791B0,0x003793B0,512
FUN_003793b0,0x003793B0,0x00379430,128
FUN_00379430,0x00379430,0x00379438,8
FUN_00379440,0x00379440,0x00379470,48
FUN_00379470,0x00379470,0x003794B0,64
FUN_003794b0,0x003794B0,0x003794B8,8
FUN_003794c0,0x003794C0,0x00379504,68
FUN_00379510,0x00379510,0x003795CC,188
FUN_003795d0,0x003795D0,0x003795D8,8
FUN_003795e0,0x003795E0,0x003795EC,12
FUN_003795f0,0x003795F0,0x003795F8,8
FUN_00379600,0x00379600,0x00379608,8
FUN_00379610,0x00379610,0x0037968C,124
FUN_00379690,0x00379690,0x00379754,196
FUN_00379760,0x00379760,0x0037983C,220
FUN_00379840,0x00379840,0x00379898,88
FUN_003798a0,0x003798A0,0x00379E3C,1436
FUN_00379e40,0x00379E40,0x00379E4C,12
FUN_00379e50,0x00379E50,0x0037A0A0,592
FUN_0037a0a0,0x0037A0A0,0x0037A128,136
FUN_0037a130,0x0037A130,0x0037A138,8
FUN_0037a140,0x0037A140,0x0037A1E0,160
FUN_0037a1e0,0x0037A1E0,0x0037A370,400
FUN_0037a370,0x0037A370,0x0037A4FC,396
FUN_0037a500,0x0037A500,0x0037A50C,12
FUN_0037a510,0x0037A510,0x0037A550,64
FUN_0037a550,0x0037A550,0x0037A6D0,384
FUN_0037a6d0,0x0037A6D0,0x0037A79C,204
FUN_0037a7a0,0x0037A7A0,0x0037A7D0,48
FUN_0037a7d0,0x0037A7D0,0x0037A834,100
FUN_0037a840,0x0037A840,0x0037A848,8
FUN_0037a850,0x0037A850,0x0037A8A0,80
FUN_0037a8a0,0x0037A8A0,0x0037A9AC,268
FUN_0037a9b0,0x0037A9B0,0x0037AA00,80
FUN_0037aa00,0x0037AA00,0x0037AAE4,228
FUN_0037aaf0,0x0037AAF0,0x0037AB78,136
FUN_0037ab80,0x0037AB80,0x0037AD04,388
FUN_0037ad10,0x0037AD10,0x0037AD74,100
FUN_0037ad80,0x0037AD80,0x0037AE20,160
FUN_0037ae20,0x0037AE20,0x0037AE58,56
FUN_0037ae60,0x0037AE60,0x0037AF84,292
FUN_0037af90,0x0037AF90,0x0037B02C,156
FUN_0037b030,0x0037B030,0x0037B104,212
FUN_0037b110,0x0037B110,0x0037B190,128
FUN_0037b190,0x0037B190,0x0037B22C,156
FUN_0037b230,0x0037B230,0x0037B324,244
FUN_0037b330,0x0037B330,0x0037B338,8
FUN_0037b340,0x0037B340,0x0037B348,8
FUN_0037b350,0x0037B350,0x0037B358,8
FUN_0037b360,0x0037B360,0x0037B390,48
FUN_0037b390,0x0037B390,0x0037B3DC,76
FUN_0037b3e0,0x0037B3E0,0x0037B474,148
FUN_0037b480,0x0037B480,0x0037B4CC,76
FUN_0037b4d0,0x0037B4D0,0x0037B510,64
FUN_0037b510,0x0037B510,0x0037B59C,140
FUN_0037b5a0,0x0037B5A0,0x0037B618,120
FUN_0037b620,0x0037B620,0x0037B730,272
FUN_0037b730,0x0037B730,0x0037B770,64
FUN_0037b770,0x0037B770,0x0037B890,288
FUN_0037b890,0x0037B890,0x0037B8D0,64
FUN_0037b8d0,0x0037B8D0,0x0037B93C,108
FUN_0037b940,0x0037B940,0x0037BAA4,356
FUN_0037bab0,0x0037BAB0,0x0037BB08,88
FUN_0037bb10,0x0037BB10,0x0037BBF8,232
FUN_0037bc00,0x0037BC00,0x0037BC78,120
FUN_0037bc80,0x0037BC80,0x0037BD20,160
FUN_0037bd20,0x0037BD20,0x0037BDF8,216
FUN_0037be00,0x0037BE00,0x0037BE84,132
FUN_0037be90,0x0037BE90,0x0037BEBC,44
FUN_0037bec0,0x0037BEC0,0x0037BEE4,36
FUN_0037bef0,0x0037BEF0,0x0037BF2C,60
FUN_0037bf30,0x0037BF30,0x0037BF84,84
FUN_0037bf90,0x0037BF90,0x0037BFC0,48
FUN_0037bfc0,0x0037BFC0,0x0037BFF0,48
FUN_0037bff0,0x0037BFF0,0x0037C0F0,256
FUN_0037c0f0,0x0037C0F0,0x0037C110,32
FUN_0037c110,0x0037C110,0x0037C2C4,436
FUN_0037c2d0,0x0037C2D0,0x0037C71C,1100
FUN_0037c720,0x0037C720,0x0037C75C,60
FUN_0037c760,0x0037C760,0x0037C818,184
FUN_0037c820,0x0037C820,0x0037C920,256
FUN_0037c920,0x0037C920,0x0037CA18,248
FUN_0037ca20,0x0037CA20,0x0037CCA0,640
FUN_0037cca0,0x0037CCA0,0x0037CD18,120
FUN_0037cd20,0x0037CD20,0x0037CDA4,132
FUN_0037cdb0,0x0037CDB0,0x0037CE28,120
FUN_0037ce30,0x0037CE30,0x0037CE9C,108
FUN_0037cea0,0x0037CEA0,0x0037CED8,56
FUN_0037cee0,0x0037CEE0,0x0037CF14,52
FUN_0037cf20,0x0037CF20,0x0037D060,320
FUN_0037d060,0x0037D060,0x0037D198,312
FUN_0037d1a0,0x0037D1A0,0x0037D548,936
FUN_0037d550,0x0037D550,0x0037D660,272
FUN_0037d660,0x0037D660,0x0037D670,16
FUN_0037d670,0x0037D670,0x0037D67C,12
FUN_0037d6d0,0x0037D6D0,0x0037D700,48
FUN_0037d700,0x0037D700,0x0037D778,120
FUN_0037d780,0x0037D780,0x0037D790,16
FUN_0037d790,0x0037D790,0x0037D7A0,16
FUN_0037d7a0,0x0037D7A0,0x0037DCF8,1368
FUN_0037dd00,0x0037DD00,0x0037DD5C,92
FUN_0037dd60,0x0037DD60,0x0037DE44,228
FUN_0037de50,0x0037DE50,0x0037DEF8,168
FUN_0037df00,0x0037DF00,0x0037DF34,52
FUN_0037df40,0x0037DF40,0x0037DF74,52
FUN_0037df80,0x0037DF80,0x0037DFC0,64
FUN_0037dfc0,0x0037DFC0,0x0037DFE8,40
FUN_0037dff0,0x0037DFF0,0x0037E100,272
FUN_0037e100,0x0037E100,0x0037E16C,108
FUN_0037e170,0x0037E170,0x0037E5E8,1144
FUN_0037e5e8,0x0037E5E8,0x0037E604,28
FUN_0037e64c,0x0037E64C,0x0037E61C,-48
FUN_0037e6c0,0x0037E6C0,0x0037E6F4,52
FUN_0037e700,0x0037E700,0x0037E748,72
FUN_0037e750,0x0037E750,0x0037EA5C,780
FUN_0037ea60,0x0037EA60,0x0037EAFC,156
FUN_0037eb00,0x0037EB00,0x0037EB5C,92
FUN_0037eb60,0x0037EB60,0x0037EC4C,236
FUN_0037ec50,0x0037EC50,0x0037EC98,72
FUN_0037eca0,0x0037ECA0,0x0037ECE8,72
FUN_0037ecf0,0x0037ECF0,0x0037EDC4,212
FUN_0037edd0,0x0037EDD0,0x0037EED8,264
FUN_0037eee0,0x0037EEE0,0x0037EF04,36
FUN_0037ef10,0x0037EF10,0x0037EF74,100
FUN_0037ef80,0x0037EF80,0x0037EFD0,80
FUN_0037efd0,0x0037EFD0,0x0037F108,312
FUN_0037f110,0x0037F110,0x0037F904,2036
FUN_0037f910,0x0037F910,0x0037F98C,124
FUN_0037f990,0x0037F990,0x0037FA48,184
FUN_0037fa50,0x0037FA50,0x0037FA88,56
FUN_0037fa90,0x0037FA90,0x0037FB00,112
FUN_0037fb00,0x0037FB00,0x0037FB2C,44
FUN_0037fb30,0x0037FB30,0x003801D0,1696
FUN_003801d0,0x003801D0,0x00380BA4,2516
FUN_00380bb0,0x00380BB0,0x00380BD8,40
FUN_00380be0,0x00380BE0,0x00381064,1156
FUN_00381070,0x00381070,0x003810DC,108
FUN_003810e0,0x003810E0,0x0038115C,124
FUN_00381160,0x00381160,0x0038119C,60
FUN_003811a0,0x003811A0,0x003811A8,8
FUN_003811b0,0x003811B0,0x00381220,112
FUN_00381220,0x00381220,0x00381328,264
FUN_00381330,0x00381330,0x00381564,564
FUN_00381570,0x00381570,0x003817B8,584
FUN_003817c0,0x003817C0,0x003818EC,300
FUN_003818f0,0x003818F0,0x00381AB8,456
FUN_00381ac0,0x00381AC0,0x00381B14,84
FUN_00381b20,0x00381B20,0x00381B74,84
FUN_00381b80,0x00381B80,0x00381BE4,100
FUN_00381bf0,0x00381BF0,0x00381C58,104
FUN_00381c60,0x00381C60,0x00381D10,176
FUN_00381d10,0x00381D10,0x00381DF0,224
FUN_00381df0,0x00381DF0,0x00381EBC,204
FUN_00381ec0,0x00381EC0,0x00381F50,144
FUN_00381f50,0x00381F50,0x00382018,200
FUN_00382020,0x00382020,0x003820E8,200
FUN_003820f0,0x003820F0,0x003821C8,216
FUN_003821d0,0x003821D0,0x003823C8,504
FUN_003823d0,0x003823D0,0x00382510,320
FUN_00382510,0x00382510,0x003826B4,420
FUN_003826c0,0x003826C0,0x00382810,336
FUN_00382810,0x00382810,0x00382934,292
FUN_00382940,0x00382940,0x00382AF8,440
FUN_00382b00,0x00382B00,0x00382D58,600
FUN_00382d60,0x00382D60,0x00382FE0,640
FUN_00382fe0,0x00382FE0,0x003831CC,492
FUN_003831d0,0x003831D0,0x003834A0,720
FUN_003834a0,0x003834A0,0x00383570,208
FUN_00383570,0x00383570,0x0038362C,188
FUN_00383630,0x00383630,0x00383730,256
FUN_00383730,0x00383730,0x00383830,256
FUN_00383830,0x00383830,0x003838A0,112
FUN_003838a0,0x003838A0,0x003838AC,12
FUN_003838b0,0x003838B0,0x003838F4,68
FUN_00383900,0x00383900,0x00383968,104
FUN_00383970,0x00383970,0x00383E74,1284
FUN_00383e80,0x00383E80,0x00383EBC,60
FUN_00383ec0,0x00383EC0,0x00386668,10152
FUN_00386670,0x00386670,0x00386680,16
FUN_00386680,0x00386680,0x00386698,24
FUN_003866a0,0x003866A0,0x003866B8,24
FUN_003866c0,0x003866C0,0x003866CC,12
FUN_003866d0,0x003866D0,0x00386938,616
FUN_00386940,0x00386940,0x00386970,48
FUN_00386970,0x00386970,0x0038697C,12
FUN_00386980,0x00386980,0x00386988,8
FUN_00386990,0x00386990,0x003869C0,48
FUN_003869c0,0x003869C0,0x00386AB4,244
FUN_00386ac0,0x00386AC0,0x00386AE8,40
FUN_00386af0,0x00386AF0,0x00386B24,52
FUN_00386b30,0x00386B30,0x00386C5C,300
FUN_00386c5c,0x00386C5C,0x00386C68,12
FUN_00386cd4,0x00386CD4,0x00386CE0,12
FUN_00387020,0x00387020,0x0038713C,284
FUN_00387140,0x00387140,0x003872D8,408
FUN_003872e0,0x003872E0,0x00387628,840
FUN_00387630,0x00387630,0x0038779C,364
FUN_003877a0,0x003877A0,0x00387938,408
FUN_00387938,0x00387938,0x00387944,12
FUN_003879b4,0x003879B4,0x003879C0,12
FUN_00387d20,0x00387D20,0x00387E0C,236
FUN_00387e10,0x00387E10,0x00387F64,340
FUN_00387f70,0x00387F70,0x003882E4,884
FUN_003882f0,0x003882F0,0x003883B8,200
FUN_003883c0,0x003883C0,0x00388400,64
FUN_00388400,0x00388400,0x00388B94,1940
FUN_00388ba0,0x00388BA0,0x00388BB8,24
FUN_00388bc0,0x00388BC0,0x00388BD8,24
FUN_00388be0,0x00388BE0,0x00388BE8,8
FUN_00388bf0,0x00388BF0,0x00388BF8,8
FUN_00388c00,0x00388C00,0x00388C08,8
FUN_00388c10,0x00388C10,0x00388C60,80
FUN_00388c60,0x00388C60,0x00388D08,168
FUN_00388d10,0x00388D10,0x00388DAC,156
FUN_00388db0,0x00388DB0,0x00388DFC,76
FUN_00388e00,0x00388E00,0x00388EF0,240
FUN_00388ef0,0x00388EF0,0x00389094,420
FUN_003890a0,0x003890A0,0x00389100,96
FUN_00389100,0x00389100,0x0038930C,524
FUN_00389310,0x00389310,0x00389348,56
FUN_00389350,0x00389350,0x00389448,248
FUN_00389450,0x00389450,0x003895FC,428
FUN_00389600,0x00389600,0x00389660,96
FUN_00389660,0x00389660,0x00389874,532
FUN_00389880,0x00389880,0x003898B8,56
FUN_003898c0,0x003898C0,0x003899CC,268
thunk_FUN_00168090,0x003899D0,0x003899D8,8
FUN_003899e0,0x003899E0,0x003899E8,8
FUN_003899f0,0x003899F0,0x003899F8,8
FUN_00389a00,0x00389A00,0x00389D78,888
FUN_00389d80,0x00389D80,0x00389D9C,28
FUN_00389da0,0x00389DA0,0x00389DEC,76
FUN_00389df0,0x00389DF0,0x00389F28,312
FUN_00389f30,0x00389F30,0x0038A0C8,408
FUN_0038a0d0,0x0038A0D0,0x0038A11C,76
FUN_0038a120,0x0038A120,0x0038A158,56
FUN_0038a160,0x0038A160,0x0038A1F8,152
FUN_0038a200,0x0038A200,0x0038A22C,44
FUN_0038a230,0x0038A230,0x0038A260,48
FUN_0038a260,0x0038A260,0x0038A4D8,632
FUN_0038a4e0,0x0038A4E0,0x0038A544,100
FUN_0038a550,0x0038A550,0x0038A578,40
FUN_0038a580,0x0038A580,0x0038A5FC,124
FUN_0038a600,0x0038A600,0x0038A688,136
FUN_0038a690,0x0038A690,0x0038A734,164
FUN_0038a740,0x0038A740,0x0038A774,52
FUN_0038a780,0x0038A780,0x0038A7A8,40
FUN_0038a7b0,0x0038A7B0,0x0038A7D8,40
FUN_0038a7e0,0x0038A7E0,0x0038A810,48
FUN_0038a810,0x0038A810,0x0038A954,324
FUN_0038a960,0x0038A960,0x0038AA14,180
FUN_0038aa20,0x0038AA20,0x0038AAB4,148
FUN_0038aac0,0x0038AAC0,0x0038AC30,368
FUN_0038ac30,0x0038AC30,0x0038ACA0,112
FUN_0038aca0,0x0038ACA0,0x0038ACE0,64
FUN_0038ace0,0x0038ACE0,0x0038AD40,96
FUN_0038ad40,0x0038AD40,0x0038AD5C,28
FUN_0038ad60,0x0038AD60,0x0038ADA0,64
FUN_0038ada0,0x0038ADA0,0x0038ADDC,60
FUN_0038ade0,0x0038ADE0,0x0038AE2C,76
FUN_0038ae30,0x0038AE30,0x0038AE94,100
FUN_0038ae98,0x0038AE98,0x0038AF00,104
FUN_0038af00,0x0038AF00,0x0038AF68,104
FUN_0038af68,0x0038AF68,0x0038AF94,44
FUN_0038af98,0x0038AF98,0x0038AFB8,32
FUN_0038afb8,0x0038AFB8,0x0038B020,104
FUN_0038b020,0x0038B020,0x0038B088,104
FUN_0038b088,0x0038B088,0x0038B13C,180
FUN_0038b140,0x0038B140,0x0038B1E4,164
FUN_0038b1e8,0x0038B1E8,0x0038B218,48
FUN_0038b218,0x0038B218,0x0038B23C,36
FUN_0038b240,0x0038B240,0x0038B29C,92
FUN_0038b2d0,0x0038B2D0,0x0038B2D8,8
FUN_0038b2d8,0x0038B2D8,0x0038B320,72
FUN_0038b320,0x0038B320,0x0038B3FC,220
FUN_0038b400,0x0038B400,0x0038B5C0,448
FUN_0038b5c0,0x0038B5C0,0x0038B678,184
FUN_0038b680,0x0038B680,0x0038B694,20
FUN_0038b6a0,0x0038B6A0,0x0038B7B4,276
FUN_0038b7c0,0x0038B7C0,0x0038B890,208
FUN_0038b890,0x0038B890,0x0038B948,184
FUN_0038b950,0x0038B950,0x0038BA80,304
FUN_0038ba80,0x0038BA80,0x0038BAB4,52
FUN_0038bac0,0x0038BAC0,0x0038BBEC,300
FUN_0038bbf0,0x0038BBF0,0x0038BC00,16
FUN_0038bc00,0x0038BC00,0x0038BD1C,284
FUN_0038bd20,0x0038BD20,0x0038BE74,340
FUN_0038be80,0x0038BE80,0x0038BF78,248
FUN_0038bf80,0x0038BF80,0x0038C104,388
FUN_0038c110,0x0038C110,0x0038C124,20
FUN_0038c128,0x0038C128,0x0038C17C,84
FUN_0038c180,0x0038C180,0x0038C1DC,92
FUN_0038c420,0x0038C420,0x0038C468,72
FUN_0038c468,0x0038C468,0x0038C4C8,96
FUN_0038c4c8,0x0038C4C8,0x0038C534,108
FUN_0038c538,0x0038C538,0x0038C610,216
FUN_0038c610,0x0038C610,0x0038C698,136
FUN_0038c698,0x0038C698,0x0038C7E0,328
FUN_0038c7e0,0x0038C7E0,0x0038C8D4,244
FUN_0038c8d8,0x0038C8D8,0x0038C948,112
FUN_0038c948,0x0038C948,0x0038C9B8,112
FUN_0038c9b8,0x0038C9B8,0x0038CA28,112
FUN_0038ca28,0x0038CA28,0x0038CAB0,136
FUN_0038cab0,0x0038CAB0,0x0038CBF8,328
FUN_0038cbf8,0x0038CBF8,0x0038CD24,300
FUN_0038cd28,0x0038CD28,0x0038CED8,432
FUN_0038ced8,0x0038CED8,0x0038D03C,356
FUN_0038d040,0x0038D040,0x0038D12C,236
FUN_0038d130,0x0038D130,0x0038D158,40
FUN_0038d158,0x0038D158,0x0038D198,64
FUN_0038d198,0x0038D198,0x0038D200,104
FUN_0038d200,0x0038D200,0x0038D308,264
FUN_0038d308,0x0038D308,0x0038D35C,84
FUN_0038d360,0x0038D360,0x0038D434,212
FUN_0038d438,0x0038D438,0x0038D504,204
FUN_0038d508,0x0038D508,0x0038D648,320
FUN_0038d648,0x0038D648,0x0038D728,224
FUN_0038d728,0x0038D728,0x0038D7A0,120
FUN_0038d7a0,0x0038D7A0,0x0038D7F4,84
FUN_0038d7f8,0x0038D7F8,0x0038D85C,100
FUN_0038d860,0x0038D860,0x0038D8C4,100
FUN_0038d8c8,0x0038D8C8,0x0038D924,92
FUN_0038d928,0x0038D928,0x0038D9D8,176
FUN_0038d9d8,0x0038D9D8,0x0038DA0C,52
FUN_0038da80,0x0038DA80,0x0038DAA0,32
FUN_0038daf8,0x0038DAF8,0x0038DAFC,4
FUN_0038dd90,0x0038DD90,0x0038DDD0,64
FUN_0038ddd4,0x0038DDD4,0x0038DDE0,12
FUN_0038dde4,0x0038DDE4,0x0038DDF0,12
FUN_0038ddf0,0x0038DDF0,0x0038DDF8,8
FUN_0038ddf8,0x0038DDF8,0x0038DE00,8
FUN_0038de00,0x0038DE00,0x0038DE08,8
FUN_0038de08,0x0038DE08,0x0038DE10,8
FUN_0038de10,0x0038DE10,0x0038DE20,16
FUN_0038de40,0x0038DE40,0x0038DE44,4
FUN_0038de6c,0x0038DE6C,0x0038DE78,12
FUN_0038de78,0x0038DE78,0x0038DE80,8
FUN_0038de80,0x0038DE80,0x0038DE88,8
FUN_0038de88,0x0038DE88,0x0038DEA8,32
FUN_0038dea8,0x0038DEA8,0x0038DEB0,8
FUN_0038deb8,0x0038DEB8,0x0038DEC0,8
FUN_0038dec0,0x0038DEC0,0x0038DEC8,8
FUN_0038dec8,0x0038DEC8,0x0038DED0,8
FUN_0038ded0,0x0038DED0,0x0038DED8,8
FUN_0038ded8,0x0038DED8,0x0038DEE8,16
FUN_0038dee8,0x0038DEE8,0x0038DF08,32
FUN_0038e220,0x0038E220,0x0038E224,4
FUN_0038e238,0x0038E238,0x0038E244,12
FUN_0038e354,0x0038E354,0x0038E368,20
FUN_0038e42c,0x0038E42C,0x0038E44C,32
FUN_0038e4cc,0x0038E4CC,0x0038E4E8,28
FUN_0038e50c,0x0038E50C,0x0038E52C,32
FUN_0038e60c,0x0038E60C,0x0038E628,28
FUN_0038e64c,0x0038E64C,0x0038E66C,32
FUN_0038e700,0x0038E700,0x0038E70C,12
FUN_0038e74c,0x0038E74C,0x0038E778,44
thunk_EXT_FUN_0c04800c,0x0038E788,0x0038E78C,4
FUN_0038e820,0x0038E820,0x0038E82C,12
FUN_0038e834,0x0038E834,0x0038E840,12
FUN_0038e890,0x0038E890,0x0038E8E8,88
FUN_0038e8e8,0x0038E8E8,0x0038E8F0,8
FUN_0038e8f4,0x0038E8F4,0x0038E910,28
FUN_0038e910,0x0038E910,0x0038E960,80
FUN_0038e97c,0x0038E97C,0x0038E984,8
FUN_0038ea14,0x0038EA14,0x0038EA20,12
FUN_0038ea70,0x0038EA70,0x0038EAC8,88
FUN_0038eac8,0x0038EAC8,0x0038EAD0,8
FUN_0038ead4,0x0038EAD4,0x0038EAF0,28
FUN_0038eb18,0x0038EB18,0x0038EB40,40
FUN_0038eb40,0x0038EB40,0x0038EB48,8
FUN_0038ee28,0x0038EE28,0x0038EE30,8
FUN_0038ee58,0x0038EE58,0x0038EE80,40
FUN_0038ee80,0x0038EE80,0x0038EE88,8
FUN_0038ef78,0x0038EF78,0x0038EF7C,4
FUN_0038efd8,0x0038EFD8,0x0038EFE4,12
FUN_0038f00c,0x0038F00C,0x0038F014,8
FUN_0038f07c,0x0038F07C,0x0038F088,12
FUN_0038f3f8,0x0038F3F8,0x0038F400,8
FUN_0038f404,0x0038F404,0x0038F450,76
FUN_0038f454,0x0038F454,0x0038F460,12
FUN_0038f464,0x0038F464,0x0038F470,12
FUN_0038f470,0x0038F470,0x0038F478,8
FUN_0038f478,0x0038F478,0x0038F480,8
FUN_0038f480,0x0038F480,0x0038F488,8
FUN_0038f488,0x0038F488,0x0038F490,8
FUN_0038f490,0x0038F490,0x0038F4A0,16
FUN_0038f4c0,0x0038F4C0,0x0038F4C4,4
FUN_0038f4ec,0x0038F4EC,0x0038F4F8,12
FUN_0038f4f8,0x0038F4F8,0x0038F500,8
FUN_0038f500,0x0038F500,0x0038F508,8
FUN_0038f508,0x0038F508,0x0038F528,32
FUN_0038f528,0x0038F528,0x0038F530,8
FUN_0038f538,0x0038F538,0x0038F540,8
FUN_0038f540,0x0038F540,0x0038F548,8
FUN_0038f548,0x0038F548,0x0038F550,8
FUN_0038f550,0x0038F550,0x0038F558,8
FUN_0038f558,0x0038F558,0x0038F568,16
FUN_0038f568,0x0038F568,0x0038F588,32
FUN_0038f6bc,0x0038F6BC,0x0038F750,148
FUN_0038f754,0x0038F754,0x0038F760,12
FUN_0038f764,0x0038F764,0x0038F770,12
FUN_0038f770,0x0038F770,0x0038F778,8
FUN_0038f778,0x0038F778,0x0038F780,8
FUN_0038f780,0x0038F780,0x0038F788,8
FUN_0038f788,0x0038F788,0x0038F790,8
FUN_0038f790,0x0038F790,0x0038F7A0,16
FUN_0038f7a0,0x0038F7A0,0x0038F7C0,32
FUN_0038f7c0,0x0038F7C0,0x0038F7C4,4
FUN_0038f7ec,0x0038F7EC,0x0038F7F8,12
FUN_0038f7f8,0x0038F7F8,0x0038F800,8
FUN_0038f800,0x0038F800,0x0038F808,8
FUN_0038f808,0x0038F808,0x0038F828,32
FUN_0038f828,0x0038F828,0x0038F830,8
FUN_0038f838,0x0038F838,0x0038F840,8
FUN_0038f840,0x0038F840,0x0038F848,8
FUN_0038f848,0x0038F848,0x0038F850,8
FUN_0038f850,0x0038F850,0x0038F858,8
FUN_0038f858,0x0038F858,0x0038F868,16
FUN_0038f868,0x0038F868,0x0038F888,32
FUN_0038f914,0x0038F914,0x0038F958,68
thunk_EXT_FUN_040801a0,0x0038F978,0x0038F97C,4
FUN_0038f9a0,0x0038F9A0,0x0038F9A8,8
FUN_0038f9a8,0x0038F9A8,0x0038F9B8,16
FUN_0038f9c0,0x0038F9C0,0x0038F9CC,12
FUN_0038f9f8,0x0038F9F8,0x0038FA0C,20
FUN_0038fa44,0x0038FA44,0x0038FA58,20
FUN_0038fa58,0x0038FA58,0x0038FA60,8
FUN_0038fa60,0x0038FA60,0x0038FA68,8
FUN_0038fa6c,0x0038FA6C,0x0038FA78,12
FUN_0038fc10,0x0038FC10,0x0038FC38,40
FUN_0038fc38,0x0038FC38,0x0038FC40,8
FUN_0038fc44,0x0038FC44,0x0038FC68,36
FUN_0038fc68,0x0038FC68,0x0038FC70,8
FUN_0038fc70,0x0038FC70,0x0038FC78,8
FUN_0038fc78,0x0038FC78,0x0038FC80,8
FUN_0038fc80,0x0038FC80,0x0038FC90,16
FUN_0038fc90,0x0038FC90,0x0038FCA0,16
FUN_0038fca0,0x0038FCA0,0x0038FCA8,8
FUN_0038fd8c,0x0038FD8C,0x0038FDA0,20
FUN_0038fed0,0x0038FED0,0x0038FEDC,12
FUN_0038ff0c,0x0038FF0C,0x0038FF18,12
FUN_0038ff1c,0x0038FF1C,0x0038FF30,20
FUN_0038ff54,0x0038FF54,0x0038FF5C,8
FUN_00390070,0x00390070,0x0039007C,12
FUN_003900ac,0x003900AC,0x003900B8,12
FUN_003900bc,0x003900BC,0x003900D0,20
FUN_003900d4,0x003900D4,0x003900E8,20
FUN_003900f4,0x003900F4,0x003900FC,8
FUN_00390220,0x00390220,0x0039022C,12
FUN_0039025c,0x0039025C,0x00390268,12
FUN_0039026c,0x0039026C,0x00390280,20
FUN_00390284,0x00390284,0x00390298,20
FUN_003902a4,0x003902A4,0x003902AC,8
FUN_00390324,0x00390324,0x00390344,32
FUN_003903c0,0x003903C0,0x003903CC,12
FUN_0039040c,0x0039040C,0x00390420,20
FUN_00390424,0x00390424,0x00390438,20
FUN_003904c4,0x003904C4,0x003904E4,32
FUN_00390568,0x00390568,0x00390574,12
FUN_003905a4,0x003905A4,0x003905B0,12
FUN_003905b4,0x003905B4,0x003905C8,20
FUN_00390604,0x00390604,0x00390610,12
FUN_00390614,0x00390614,0x00390620,12
FUN_00390620,0x00390620,0x00390628,8
FUN_00390644,0x00390644,0x00390650,12
FUN_0039077c,0x0039077C,0x00390784,8
FUN_003907d8,0x003907D8,0x003907DC,4
FUN_00390838,0x00390838,0x0039083C,4
thunk_EXT_FUN_0c0cdffc,0x00390880,0x00390884,4
FUN_00390a1c,0x00390A1C,0x00390A30,20
FUN_00390a3c,0x00390A3C,0x00390A48,12
FUN_00390a6c,0x00390A6C,0x00390A78,12
FUN_00390a78,0x00390A78,0x00390A80,8
FUN_00390a90,0x00390A90,0x00390AA8,24
FUN_00390aa8,0x00390AA8,0x00390AB8,16
FUN_00390ab8,0x00390AB8,0x00390AC0,8
FUN_00390ac0,0x00390AC0,0x00390AC8,8
FUN_00390ac8,0x00390AC8,0x00390AD0,8
FUN_00390b04,0x00390B04,0x00390B28,36
FUN_00390ecc,0x00390ECC,0x00390ED4,8
FUN_00391294,0x00391294,0x003912B0,28
FUN_003912c4,0x003912C4,0x003912D0,12
FUN_003912d0,0x003912D0,0x003912D8,8
FUN_003912e0,0x003912E0,0x003912E8,8
FUN_003912e8,0x003912E8,0x003912F0,8
FUN_00391304,0x00391304,0x00391310,12
FUN_00391310,0x00391310,0x00391318,8
FUN_00391514,0x00391514,0x00391530,28
FUN_00391544,0x00391544,0x00391550,12
FUN_00391550,0x00391550,0x00391558,8
FUN_00391560,0x00391560,0x00391568,8
FUN_00391568,0x00391568,0x00391578,16
FUN_00391714,0x00391714,0x00391730,28
FUN_00391744,0x00391744,0x00391750,12
FUN_00391758,0x00391758,0x00391760,8
FUN_00391760,0x00391760,0x00391768,8
FUN_003917d0,0x003917D0,0x003917DC,12
FUN_00391864,0x00391864,0x0039186C,8
FUN_0039187c,0x0039187C,0x003918A8,44
FUN_003918a8,0x003918A8,0x003918B0,8
FUN_003918b0,0x003918B0,0x003918B8,8
FUN_003918cc,0x003918CC,0x003918D8,12
FUN_00391950,0x00391950,0x00391954,4
FUN_003919d4,0x003919D4,0x003919E8,20
FUN_003919e8,0x003919E8,0x003919F8,16
FUN_00391a58,0x00391A58,0x00391A64,12
FUN_00391cb0,0x00391CB0,0x00391CB4,4
FUN_00391cc4,0x00391CC4,0x00391CE0,28
FUN_00391ce0,0x00391CE0,0x00391CF0,16
FUN_00391cf0,0x00391CF0,0x00391CF8,8
FUN_00391cf8,0x00391CF8,0x00391D00,8
FUN_00391e94,0x00391E94,0x00391EA8,20
FUN_00391ea8,0x00391EA8,0x00391EB8,16
FUN_00391eb8,0x00391EB8,0x00391EC0,8
FUN_00391ec0,0x00391EC0,0x00391ED0,16
FUN_00391f18,0x00391F18,0x00391F24,12
FUN_00391f38,0x00391F38,0x00391F40,8
FUN_00392018,0x00392018,0x00392024,12
FUN_00392030,0x00392030,0x00392034,4
FUN_003920a4,0x003920A4,0x003920C0,28
FUN_003920c0,0x003920C0,0x003920C8,8
FUN_003920e4,0x003920E4,0x00392100,28
FUN_00392108,0x00392108,0x00392110,8
FUN_00392110,0x00392110,0x00392118,8
FUN_003921d8,0x003921D8,0x003921E0,8
FUN_003921e0,0x003921E0,0x003921E8,8
FUN_003921e8,0x003921E8,0x003921F0,8
FUN_003922bc,0x003922BC,0x003922D8,28
FUN_003922d8,0x003922D8,0x003922E0,8
FUN_003922e0,0x003922E0,0x003922E8,8
FUN_003922fc,0x003922FC,0x00392314,24
FUN_00392318,0x00392318,0x00392320,8
FUN_003923e8,0x003923E8,0x003923F8,16
FUN_00392414,0x00392414,0x00392430,28
FUN_00392430,0x00392430,0x00392438,8
FUN_0039244c,0x0039244C,0x00392458,12
FUN_00392458,0x00392458,0x00392470,24
FUN_00392484,0x00392484,0x00392490,12
FUN_003924ec,0x003924EC,0x003924F4,8
FUN_00392540,0x00392540,0x00392548,8
FUN_0039254c,0x0039254C,0x00392578,44
FUN_00392588,0x00392588,0x00392594,12
FUN_003925b4,0x003925B4,0x003925CC,24
FUN_00392644,0x00392644,0x00392658,20
FUN_00392658,0x00392658,0x00392668,16
FUN_00392668,0x00392668,0x00392670,8
FUN_00392670,0x00392670,0x00392680,16
FUN_00392680,0x00392680,0x00392688,8
FUN_003927cc,0x003927CC,0x003927D4,8
FUN_003927d8,0x003927D8,0x003927E0,8
FUN_003927e0,0x003927E0,0x003927E8,8
thunk_EXT_FUN_00988000,0x003927E8,0x003927EC,4
FUN_003928c4,0x003928C4,0x003928D8,20
FUN_003928d8,0x003928D8,0x003928E8,16
FUN_003928e8,0x003928E8,0x003928F0,8
FUN_003928f0,0x003928F0,0x00392900,16
FUN_00392900,0x00392900,0x00392908,8
FUN_00392960,0x00392960,0x0039296C,12
FUN_00392a7c,0x00392A7C,0x00392A98,28
FUN_00392a98,0x00392A98,0x00392AA0,8
FUN_00392aa0,0x00392AA0,0x00392AA8,8
FUN_00392ad8,0x00392AD8,0x00392AE0,8
FUN_00392ae0,0x00392AE0,0x00392AEC,12
FUN_00392b1c,0x00392B1C,0x00392B24,8
FUN_00392b6c,0x00392B6C,0x00392B74,8
FUN_00392ba8,0x00392BA8,0x00392BAC,4
FUN_00392be4,0x00392BE4,0x00392C08,36
FUN_00392c08,0x00392C08,0x00392C10,8
FUN_00392c14,0x00392C14,0x00392C20,12
FUN_00392c24,0x00392C24,0x00392C54,48
FUN_00392c9c,0x00392C9C,0x00392CA8,12
FUN_00392cc4,0x00392CC4,0x00392CE8,36
FUN_00392e64,0x00392E64,0x00392E70,12
FUN_00392e70,0x00392E70,0x00392E78,8
FUN_00393348,0x00393348,0x0039334C,4
FUN_00393484,0x00393484,0x003934A8,36
FUN_003934a8,0x003934A8,0x003934B0,8
FUN_003934bc,0x003934BC,0x003934C8,12
FUN_003934f4,0x003934F4,0x003934FC,8
FUN_00393538,0x00393538,0x00393540,8
FUN_00393588,0x00393588,0x0039359C,20
FUN_00393618,0x00393618,0x0039362C,20
FUN_0039367c,0x0039367C,0x0039368C,16
FUN_003936dc,0x003936DC,0x00393708,44
FUN_00393708,0x00393708,0x00393710,8
FUN_0039375c,0x0039375C,0x00393768,12
FUN_00393768,0x00393768,0x00393778,16
FUN_00393868,0x00393868,0x00393874,12
FUN_003938c8,0x003938C8,0x003938D4,12
FUN_003939e8,0x003939E8,0x003939F4,12
FUN_00393a58,0x00393A58,0x00393A64,12
FUN_00393ab4,0x00393AB4,0x00393AD8,36
FUN_00393ad8,0x00393AD8,0x00393AE0,8
FUN_00393aec,0x00393AEC,0x00393B10,36
FUN_00393b14,0x00393B14,0x00393B24,16
FUN_00393b28,0x00393B28,0x00393B38,16
FUN_00393b38,0x00393B38,0x00393B40,8
FUN_00394254,0x00394254,0x00394278,36
FUN_00394278,0x00394278,0x00394280,8
FUN_00394280,0x00394280,0x00394288,8
FUN_003942e4,0x003942E4,0x003942EC,8
FUN_00394398,0x00394398,0x0039439C,4
FUN_0039449c,0x0039449C,0x003944A8,12
FUN_003944b4,0x003944B4,0x003944C0,12
FUN_003944e4,0x003944E4,0x003944F0,12
FUN_003944f0,0x003944F0,0x003944F8,8
FUN_00394508,0x00394508,0x00394518,16
FUN_00394524,0x00394524,0x00394548,36
FUN_00394548,0x00394548,0x00394550,8
FUN_00394708,0x00394708,0x0039470C,4
FUN_003947a8,0x003947A8,0x003947B8,16
FUN_003947b8,0x003947B8,0x003947C0,8
FUN_003947e8,0x003947E8,0x003947F0,8
FUN_003947fc,0x003947FC,0x00394808,12
FUN_0039482c,0x0039482C,0x00394838,12
FUN_00394838,0x00394838,0x00394840,8
FUN_00394850,0x00394850,0x00394860,16
FUN_0039486c,0x0039486C,0x00394898,44
FUN_00394898,0x00394898,0x003948A0,8
FUN_003948a0,0x003948A0,0x003948A8,8
FUN_00394928,0x00394928,0x00394930,8
FUN_00394930,0x00394930,0x00394940,16
FUN_00394adc,0x00394ADC,0x00394AE4,8
FUN_00394d74,0x00394D74,0x00394D7C,8
FUN_00394e20,0x00394E20,0x00394E2C,12
FUN_00394ed4,0x00394ED4,0x00394EDC,8
FUN_00394ee8,0x00394EE8,0x00394EEC,4
FUN_00394f30,0x00394F30,0x00394F44,20
FUN_00394f70,0x00394F70,0x00394F80,16
FUN_00394f80,0x00394F80,0x00394F98,24
FUN_00394f98,0x00394F98,0x00394FC8,48
FUN_00394fc8,0x00394FC8,0x00394FD0,8
FUN_00394fdc,0x00394FDC,0x00394FE8,12
FUN_0039500c,0x0039500C,0x00395018,12
FUN_00395018,0x00395018,0x00395020,8
FUN_00395030,0x00395030,0x00395040,16
FUN_0039504c,0x0039504C,0x00395078,44
FUN_003950c4,0x003950C4,0x003950CC,8
FUN_00395104,0x00395104,0x0039510C,8
FUN_00395274,0x00395274,0x00395280,12
FUN_0039528c,0x0039528C,0x00395298,12
FUN_003952c8,0x003952C8,0x003952D0,8
FUN_003952e0,0x003952E0,0x003952F0,16
FUN_003952fc,0x003952FC,0x00395328,44
FUN_00395328,0x00395328,0x00395330,8
FUN_00395488,0x00395488,0x00395490,8
FUN_003954fc,0x003954FC,0x00395504,8
FUN_00395584,0x00395584,0x0039558C,8
FUN_003955b0,0x003955B0,0x003955B8,8
FUN_003955d0,0x003955D0,0x003955DC,12
FUN_003955f8,0x003955F8,0x00395604,12
FUN_00395618,0x00395618,0x00395620,8
FUN_00395634,0x00395634,0x00395648,20
FUN_0039565c,0x0039565C,0x00395668,12
FUN_0039568c,0x0039568C,0x00395698,12
FUN_00395698,0x00395698,0x003956A0,8
FUN_003956b0,0x003956B0,0x003956C0,16
FUN_003956cc,0x003956CC,0x003956F8,44
FUN_003956f8,0x003956F8,0x00395700,8
FUN_00395700,0x00395700,0x00395720,32
FUN_0039577c,0x0039577C,0x00395784,8
FUN_00395788,0x00395788,0x00395790,8
FUN_003957a8,0x003957A8,0x003957B0,8
FUN_003957b4,0x003957B4,0x003957C0,12
FUN_00395bc0,0x00395BC0,0x00395BCC,12
FUN_00395bf8,0x00395BF8,0x00395C00,8
FUN_00395c40,0x00395C40,0x00395C58,24
FUN_00395cc0,0x00395CC0,0x00395CC8,8
FUN_00395d88,0x00395D88,0x00395D90,8
FUN_00395da0,0x00395DA0,0x00395DA8,8
FUN_00395e58,0x00395E58,0x00395E60,8
FUN_00395ec8,0x00395EC8,0x00395EE0,24
FUN_00395eec,0x00395EEC,0x00395F00,20
FUN_00395f00,0x00395F00,0x00395F38,56
FUN_00395f44,0x00395F44,0x00395F50,12
FUN_00395f5c,0x00395F5C,0x00395F68,12
FUN_00395f8c,0x00395F8C,0x00395F98,12
FUN_00395f98,0x00395F98,0x00395FA0,8
FUN_00395fb0,0x00395FB0,0x00395FC0,16
FUN_00395fcc,0x00395FCC,0x00395FF8,44
FUN_00395ff8,0x00395FF8,0x00396000,8
FUN_00396000,0x00396000,0x00396008,8
FUN_00396088,0x00396088,0x00396090,8
FUN_00396090,0x00396090,0x003960A0,16
FUN_003960a8,0x003960A8,0x003960B4,12
FUN_003965a0,0x003965A0,0x003965B0,16
FUN_003965b0,0x003965B0,0x003965B8,8
FUN_003965b8,0x003965B8,0x003965E8,48
FUN_003966f8,0x003966F8,0x003966FC,4
FUN_00396860,0x00396860,0x00396868,8
FUN_00396868,0x00396868,0x00396870,8
FUN_00396874,0x00396874,0x003968A8,52
FUN_003968a8,0x003968A8,0x003968B8,16
FUN_003968b8,0x003968B8,0x003968C0,8
FUN_003968cc,0x003968CC,0x003968D8,12
FUN_00396908,0x00396908,0x00396910,8
FUN_00396920,0x00396920,0x00396930,16
FUN_0039693c,0x0039693C,0x00396968,44
FUN_0039698c,0x0039698C,0x00396994,8
FUN_003969b4,0x003969B4,0x003969BC,8
FUN_003969c0,0x003969C0,0x003969CC,12
FUN_00396b58,0x00396B58,0x00396B6C,20
FUN_00396b90,0x00396B90,0x00396B98,8
FUN_00396b9c,0x00396B9C,0x00396BB0,20
FUN_00396bb0,0x00396BB0,0x00396BB8,8
FUN_00396bc4,0x00396BC4,0x00396BD0,12
FUN_00396bf4,0x00396BF4,0x00396C00,12
FUN_00396c00,0x00396C00,0x00396C08,8
FUN_00396c18,0x00396C18,0x00396C28,16
FUN_00396c4c,0x00396C4C,0x00396C58,12
FUN_00396c58,0x00396C58,0x00396C60,8
FUN_00396d70,0x00396D70,0x00396D74,4
FUN_00396db8,0x00396DB8,0x00396DC0,8
FUN_00396e24,0x00396E24,0x00396E2C,8
FUN_00396e40,0x00396E40,0x00396E54,20
FUN_00396e78,0x00396E78,0x00396E80,8
FUN_00396e8c,0x00396E8C,0x00396EA0,20
FUN_00396ea0,0x00396EA0,0x00396EA8,8
FUN_00396eb4,0x00396EB4,0x00396EC0,12
FUN_00396ee4,0x00396EE4,0x00396EF0,12
FUN_00396ef0,0x00396EF0,0x00396EF8,8
FUN_00396f08,0x00396F08,0x00396F18,16
FUN_00396f64,0x00396F64,0x00396F6C,8
FUN_00396f70,0x00396F70,0x00396F80,16
FUN_00396fa4,0x00396FA4,0x00396FB0,12
FUN_00396fb8,0x00396FB8,0x00396FD0,24
FUN_00397034,0x00397034,0x0039703C,8
FUN_003971a4,0x003971A4,0x003971C8,36
FUN_003971c8,0x003971C8,0x003971D0,8
FUN_003971d0,0x003971D0,0x003971D8,8
FUN_003972c4,0x003972C4,0x003972D0,12
thunk_EXT_FUN_040c01a0,0x00397450,0x00397454,4
FUN_003974dc,0x003974DC,0x00397508,44
FUN_00397508,0x00397508,0x00397518,16
FUN_00397518,0x00397518,0x00397520,8
FUN_00397734,0x00397734,0x00397744,16
FUN_00397bc4,0x00397BC4,0x00397BCC,8
FUN_00397be8,0x00397BE8,0x00397BF0,8
FUN_00397bf0,0x00397BF0,0x00397BF8,8
FUN_00397ce0,0x00397CE0,0x00397CE8,8
FUN_00397d80,0x00397D80,0x00397D8C,12
FUN_00397e0c,0x00397E0C,0x00397E50,68
FUN_00397e54,0x00397E54,0x00397E60,12
FUN_00397e64,0x00397E64,0x00397E70,12
FUN_00397e70,0x00397E70,0x00397E78,8
FUN_00397e78,0x00397E78,0x00397E80,8
FUN_00397e80,0x00397E80,0x00397E88,8
FUN_00397e88,0x00397E88,0x00397E90,8
FUN_00397ec0,0x00397EC0,0x00397EC4,4
FUN_00397ecc,0x00397ECC,0x00397ED8,12
FUN_00397eec,0x00397EEC,0x00397EF8,12
FUN_00397ef8,0x00397EF8,0x00397F00,8
FUN_00397f00,0x00397F00,0x00397F08,8
FUN_00397f08,0x00397F08,0x00397F28,32
FUN_00397f28,0x00397F28,0x00397F30,8
FUN_00397f38,0x00397F38,0x00397F40,8
FUN_00397f40,0x00397F40,0x00397F48,8
FUN_00397f50,0x00397F50,0x00397F58,8
thunk_EXT_FUN_020c019c,0x00398000,0x00398004,4
FUN_0039825c,0x0039825C,0x00398264,8
thunk_EXT_FUN_0110019c,0x003983D8,0x003983DC,4
thunk_EXT_FUN_0884dfb0,0x00398AD8,0x00398ADC,4
thunk_EXT_FUN_08a8df94,0x00398B98,0x00398B9C,4
FUN_00398dc0,0x00398DC0,0x00398DC8,8
FUN_00398dc8,0x00398DC8,0x00398DD0,8
FUN_00398ddc,0x00398DDC,0x00398DE8,12
FUN_00398de8,0x00398DE8,0x00398DF0,8
FUN_00398df4,0x00398DF4,0x00398E08,20
FUN_00398eb0,0x00398EB0,0x00398EB8,8
FUN_00398ebc,0x00398EBC,0x00398EC8,12
FUN_00398ecc,0x00398ECC,0x00398ED8,12
FUN_00398ed8,0x00398ED8,0x00398EE0,8
FUN_00398eec,0x00398EEC,0x00398EF8,12
FUN_00398f1c,0x00398F1C,0x00398F28,12
FUN_00398f28,0x00398F28,0x00398F30,8
FUN_00398f40,0x00398F40,0x00398F50,16
FUN_00398f5c,0x00398F5C,0x00398FA0,68
FUN_00398fa4,0x00398FA4,0x00398FB0,12
FUN_00398fb4,0x00398FB4,0x00398FC0,12
FUN_00398fc8,0x00398FC8,0x00398FD0,8
FUN_00398fd0,0x00398FD0,0x00398FD8,8
FUN_00398fd8,0x00398FD8,0x00398FE0,8
FUN_00398fe0,0x00398FE0,0x00398FF0,16
FUN_00398ff0,0x00398FF0,0x00399010,32
FUN_00399010,0x00399010,0x00399014,4
FUN_0039903c,0x0039903C,0x00399048,12
FUN_00399048,0x00399048,0x00399050,8
FUN_00399050,0x00399050,0x00399058,8
FUN_00399058,0x00399058,0x00399078,32
FUN_00399078,0x00399078,0x00399080,8
FUN_00399088,0x00399088,0x00399090,8
FUN_00399090,0x00399090,0x00399098,8
FUN_00399098,0x00399098,0x003990A0,8
FUN_003990a0,0x003990A0,0x003990A8,8
FUN_003990a8,0x003990A8,0x003990B8,16
FUN_003990b8,0x003990B8,0x003990D8,32
FUN_003990d8,0x003990D8,0x00399110,56
FUN_003991f4,0x003991F4,0x00399238,68
FUN_00399238,0x00399238,0x00399240,8
FUN_00399240,0x00399240,0x00399248,8
FUN_00399248,0x00399248,0x00399250,8
FUN_0039928c,0x0039928C,0x003992A0,20
FUN_003993f0,0x003993F0,0x003993FC,12
FUN_003995b4,0x003995B4,0x003995BC,8
FUN_003995d4,0x003995D4,0x003995DC,8
FUN_00399778,0x00399778,0x00399780,8
FUN_00399798,0x00399798,0x003997A4,12
FUN_00399820,0x00399820,0x0039982C,12
FUN_00399874,0x00399874,0x00399890,28
FUN_003998f0,0x003998F0,0x003998F8,8
FUN_003998fc,0x003998FC,0x00399910,20
FUN_00399940,0x00399940,0x00399944,4
thunk_EXT_FUN_00989ffc,0x00399948,0x0039994C,4
FUN_00399b38,0x00399B38,0x00399B58,32
FUN_00399b60,0x00399B60,0x00399BA8,72
FUN_00399ba8,0x00399BA8,0x00399BB0,8
FUN_00399bbc,0x00399BBC,0x00399BC8,12
FUN_00399bec,0x00399BEC,0x00399BF8,12
FUN_00399bf8,0x00399BF8,0x00399C00,8
FUN_00399c10,0x00399C10,0x00399C20,16
FUN_00399c2c,0x00399C2C,0x00399C70,68
FUN_00399c74,0x00399C74,0x00399C80,12
FUN_00399c84,0x00399C84,0x00399C90,12
FUN_00399c90,0x00399C90,0x00399C98,8
FUN_00399c98,0x00399C98,0x00399CA0,8
FUN_00399ca0,0x00399CA0,0x00399CA8,8
FUN_00399ca8,0x00399CA8,0x00399CB0,8
FUN_00399cb0,0x00399CB0,0x00399CE0,48
FUN_00399ce0,0x00399CE0,0x00399CE4,4
FUN_00399d0c,0x00399D0C,0x00399D18,12
FUN_00399d18,0x00399D18,0x00399D20,8
FUN_00399d20,0x00399D20,0x00399D28,8
FUN_00399d48,0x00399D48,0x00399D50,8
FUN_00399d58,0x00399D58,0x00399D60,8
FUN_00399d68,0x00399D68,0x00399D70,8
FUN_00399d70,0x00399D70,0x00399D78,8
FUN_00399d88,0x00399D88,0x00399DA8,32
FUN_00399dec,0x00399DEC,0x00399E40,84
FUN_00399e7c,0x00399E7C,0x00399E88,12
thunk_EXT_FUN_010c01a0,0x0039A5B0,0x0039A5B4,4
FUN_0039a9e8,0x0039A9E8,0x0039A9F4,12
FUN_0039aba4,0x0039ABA4,0x0039ABB0,12
FUN_0039abbc,0x0039ABBC,0x0039AC00,68
FUN_0039ac04,0x0039AC04,0x0039AC10,12
FUN_0039ac2c,0x0039AC2C,0x0039AC38,12
FUN_0039ac38,0x0039AC38,0x0039AC40,8
FUN_0039ac40,0x0039AC40,0x0039AC48,8
FUN_0039ac4c,0x0039AC4C,0x0039AC58,12
FUN_0039ac58,0x0039AC58,0x0039AC60,8
FUN_0039ac60,0x0039AC60,0x0039AC68,8
FUN_0039ac68,0x0039AC68,0x0039AC70,8
FUN_0039ac70,0x0039AC70,0x0039AC78,8
FUN_0039ac90,0x0039AC90,0x0039AC98,8
FUN_0039ac98,0x0039AC98,0x0039ACA0,8
FUN_0039aca0,0x0039ACA0,0x0039ACC0,32
FUN_0039acc0,0x0039ACC0,0x0039ACC8,8
thunk_EXT_FUN_0894019c,0x0039ACC8,0x0039ACCC,4
FUN_0039ad0c,0x0039AD0C,0x0039AD18,12
FUN_0039ad1c,0x0039AD1C,0x0039AD30,20
FUN_0039ad34,0x0039AD34,0x0039AD40,12
FUN_0039ad44,0x0039AD44,0x0039AD60,28
FUN_0039ad60,0x0039AD60,0x0039AD80,32
thunk_EXT_FUN_010c01a0_0039aec8,0x0039AEC8,0x0039AECC,4
FUN_0039b3a4,0x0039B3A4,0x0039B3B0,12
FUN_0039b434,0x0039B434,0x0039B440,12
FUN_0039b4c4,0x0039B4C4,0x0039B4D0,12
FUN_0039b554,0x0039B554,0x0039B560,12
FUN_0039b5ec,0x0039B5EC,0x0039B5F8,12
FUN_0039b624,0x0039B624,0x0039B658,52
FUN_0039b658,0x0039B658,0x0039B660,8
FUN_0039b660,0x0039B660,0x0039B690,48
FUN_0039b6a4,0x0039B6A4,0x0039B6B4,16
FUN_0039b6c0,0x0039B6C0,0x0039B6D4,20
FUN_0039b70c,0x0039B70C,0x0039B720,20
FUN_0039b720,0x0039B720,0x0039B728,8
FUN_0039b728,0x0039B728,0x0039B730,8
FUN_0039b734,0x0039B734,0x0039B740,12
FUN_0039b75c,0x0039B75C,0x0039B770,20
FUN_0039b8e0,0x0039B8E0,0x0039B908,40
FUN_0039b908,0x0039B908,0x0039B910,8
FUN_0039b914,0x0039B914,0x0039B938,36
FUN_0039b938,0x0039B938,0x0039B940,8
FUN_0039b948,0x0039B948,0x0039B950,8
FUN_0039b950,0x0039B950,0x0039B960,16
FUN_0039b960,0x0039B960,0x0039B970,16
FUN_0039b970,0x0039B970,0x0039B978,8
FUN_0039ba5c,0x0039BA5C,0x0039BA70,20
FUN_0039bba0,0x0039BBA0,0x0039BBAC,12
FUN_0039bbdc,0x0039BBDC,0x0039BBE8,12
FUN_0039bbec,0x0039BBEC,0x0039BC00,20
FUN_0039bc24,0x0039BC24,0x0039BC2C,8
FUN_0039bca4,0x0039BCA4,0x0039BCC4,32
FUN_0039bd7c,0x0039BD7C,0x0039BD88,12
FUN_0039bd8c,0x0039BD8C,0x0039BDA0,20
FUN_0039bdc4,0x0039BDC4,0x0039BDCC,8
FUN_0039bef0,0x0039BEF0,0x0039BEFC,12
FUN_0039bf74,0x0039BF74,0x0039BF7C,8
FUN_0039bff4,0x0039BFF4,0x0039C014,32
FUN_0039c0cc,0x0039C0CC,0x0039C0D8,12
FUN_0039c0dc,0x0039C0DC,0x0039C0F0,20
FUN_0039c0f4,0x0039C0F4,0x0039C108,20
FUN_0039c114,0x0039C114,0x0039C11C,8
FUN_0039c274,0x0039C274,0x0039C280,12
FUN_0039c2d4,0x0039C2D4,0x0039C2E0,12
FUN_0039c2e4,0x0039C2E4,0x0039C2F0,12
FUN_0039c2f0,0x0039C2F0,0x0039C2F8,8
FUN_0039c41c,0x0039C41C,0x0039C424,8
thunk_EXT_FUN_0c0cdffc_0039c430,0x0039C430,0x0039C434,4
FUN_0039c44c,0x0039C44C,0x0039C454,8
FUN_0039c4a8,0x0039C4A8,0x0039C4AC,4
thunk_EXT_FUN_0c0cdffc_0039c550,0x0039C550,0x0039C554,4
FUN_0039c6ec,0x0039C6EC,0x0039C708,28
FUN_0039c708,0x0039C708,0x0039C718,16
FUN_0039c720,0x0039C720,0x0039C728,8
FUN_0039c728,0x0039C728,0x0039C730,8
FUN_0039c764,0x0039C764,0x0039C780,28
FUN_0039c7c8,0x0039C7C8,0x0039C7E0,24
FUN_0039c7e4,0x0039C7E4,0x0039C800,28
FUN_0039c860,0x0039C860,0x0039C86C,12
FUN_0039c8d4,0x0039C8D4,0x0039C8E4,16
FUN_0039cef4,0x0039CEF4,0x0039CEFC,8
FUN_0039cf00,0x0039CF00,0x0039CF10,16
FUN_0039d280,0x0039D280,0x0039D310,144
FUN_0039d310,0x0039D310,0x0039D34C,60
FUN_0039d350,0x0039D350,0x0039D39C,76
FUN_0039d3a0,0x0039D3A0,0x0039D3EC,76
FUN_0039d3f0,0x0039D3F0,0x0039D520,304
FUN_0039d62c,0x0039D62C,0x0039D634,8
FUN_0039d6a8,0x0039D6A8,0x0039D6B4,12
FUN_0039d6b8,0x0039D6B8,0x0039D6C4,12
FUN_0039d9f0,0x0039D9F0,0x0039DA9C,172
FUN_0039daa0,0x0039DAA0,0x0039DB60,192
FUN_0039db60,0x0039DB60,0x0039DC04,164
FUN_0039dc80,0x0039DC80,0x0039DD50,208
FUN_0039dd50,0x0039DD50,0x0039DF34,484
FUN_0039e0b8,0x0039E0B8,0x0039E0D4,28
FUN_0039e0d8,0x0039E0D8,0x0039E1DC,260
FUN_0039e1e0,0x0039E1E0,0x0039E31C,316
FUN_0039e320,0x0039E320,0x0039E4C0,416
FUN_0039e4c0,0x0039E4C0,0x0039E4E0,32
FUN_0039e508,0x0039E508,0x0039E6E8,480
FUN_0039e740,0x0039E740,0x0039E768,40
FUN_0039e7b4,0x0039E7B4,0x0039E7C0,12
FUN_0039e7c0,0x0039E7C0,0x0039E7E8,40
FUN_0039e820,0x0039E820,0x0039E828,8
FUN_003a0ce8,0x003A0CE8,0x003A0CF0,8
FUN_003a0d40,0x003A0D40,0x003A0D48,8
FUN_003a0f40,0x003A0F40,0x003A0F48,8
FUN_003a0f60,0x003A0F60,0x003A0F68,8
FUN_003a0f70,0x003A0F70,0x003A0F78,8
FUN_003a0f84,0x003A0F84,0x003A0FA0,28
FUN_003a0fd0,0x003A0FD0,0x003A0FF4,36
FUN_003a1384,0x003A1384,0x003A138C,8
FUN_003a1600,0x003A1600,0x003A1640,64
FUN_003a19e0,0x003A19E0,0x003A19EC,12
FUN_003a1e70,0x003A1E70,0x003A1E78,8
FUN_003a2114,0x003A2114,0x003A2120,12
FUN_003a222c,0x003A222C,0x003A2254,40
FUN_003a23c8,0x003A23C8,0x003A23D4,12
FUN_003a2674,0x003A2674,0x003A267C,8
FUN_003a29d8,0x003A29D8,0x003A29E0,8
FUN_003a2ac8,0x003A2AC8,0x003A2AD4,12
FUN_003a2e64,0x003A2E64,0x003A2E6C,8
FUN_003a2f58,0x003A2F58,0x003A2F6C,20
FUN_003a3064,0x003A3064,0x003A306C,8
FUN_003a3258,0x003A3258,0x003A3264,12
FUN_003a3330,0x003A3330,0x003A333C,12
FUN_003a333c,0x003A333C,0x003A3344,8
FUN_003a5340,0x003A5340,0x003A5388,72
FUN_003a53d0,0x003A53D0,0x003A53F4,36
FUN_003a54c4,0x003A54C4,0x003A54F8,52
FUN_003a5534,0x003A5534,0x003A554C,24
FUN_003a5618,0x003A5618,0x003A5620,8
FUN_003a5730,0x003A5730,0x003A5750,32
FUN_003a5820,0x003A5820,0x003A582C,12
FUN_003a5db4,0x003A5DB4,0x003A5DC4,16
FUN_003a5e08,0x003A5E08,0x003A5E20,24
FUN_003a5ec0,0x003A5EC0,0x003A5ED4,20
FUN_003a5ed8,0x003A5ED8,0x003A5EE0,8
FUN_003a6488,0x003A6488,0x003A6490,8
FUN_003a67b4,0x003A67B4,0x003A67BC,8
FUN_003a6be4,0x003A6BE4,0x003A6BEC,8
FUN_003a7040,0x003A7040,0x003A7048,8
FUN_003a7490,0x003A7490,0x003A749C,12
FUN_003a7b00,0x003A7B00,0x003A7B10,16
FUN_003a82b0,0x003A82B0,0x003A82C0,16
FUN_003a8328,0x003A8328,0x003A8330,8
FUN_003a84d8,0x003A84D8,0x003A84E8,16
FUN_003a84ec,0x003A84EC,0x003A8500,20
FUN_003a8510,0x003A8510,0x003A8518,8
FUN_003a94a0,0x003A94A0,0x003A94A8,8
FUN_003a94b0,0x003A94B0,0x003A94B8,8
FUN_003a95b0,0x003A95B0,0x003A95B8,8
FUN_003a9620,0x003A9620,0x003A9628,8
FUN_003aa460,0x003AA460,0x003AA470,16
FUN_003aa4c0,0x003AA4C0,0x003AA4E0,32
FUN_003aaed8,0x003AAED8,0x003AAEE0,8
FUN_003ab258,0x003AB258,0x003AB270,24
FUN_003ab3cc,0x003AB3CC,0x003AB3D8,12
thunk_EXT_FUN_04242230,0x003ABDB0,0x003ABDB4,4
FUN_003abf30,0x003ABF30,0x003ABF40,16
FUN_003abf4c,0x003ABF4C,0x003ABF58,12
FUN_003abf60,0x003ABF60,0x003ABF70,16
FUN_003abf74,0x003ABF74,0x003ABF84,16
FUN_003abf88,0x003ABF88,0x003ABFA4,28
FUN_003abfac,0x003ABFAC,0x003ABFB8,12
FUN_003abfc0,0x003ABFC0,0x003ABFCC,12
FUN_003ac034,0x003AC034,0x003AC070,60
FUN_003ac314,0x003AC314,0x003AC31C,8
FUN_003ac320,0x003AC320,0x003AC328,8
FUN_003ac32c,0x003AC32C,0x003AC334,8
FUN_003ac3a4,0x003AC3A4,0x003AC3AC,8
FUN_003ac484,0x003AC484,0x003AC48C,8
FUN_003ac4f4,0x003AC4F4,0x003AC4FC,8
FUN_003ac514,0x003AC514,0x003AC51C,8
FUN_003acda4,0x003ACDA4,0x003ACDB0,12
FUN_003acdb8,0x003ACDB8,0x003ACDC0,8
FUN_003acdd8,0x003ACDD8,0x003ACDE0,8
FUN_003acde8,0x003ACDE8,0x003ACDF4,12
FUN_003acdf8,0x003ACDF8,0x003ACE00,8
FUN_003ace00,0x003ACE00,0x003ACE08,8
FUN_003ace08,0x003ACE08,0x003ACE10,8
FUN_003ace7c,0x003ACE7C,0x003ACE88,12
FUN_003ace90,0x003ACE90,0x003ACE98,8
FUN_003aceb0,0x003ACEB0,0x003ACEB8,8
FUN_003acec0,0x003ACEC0,0x003ACEC8,8
FUN_003aced0,0x003ACED0,0x003ACED8,8
FUN_003aced8,0x003ACED8,0x003ACEE0,8
FUN_003acee0,0x003ACEE0,0x003ACEE8,8
FUN_003acf44,0x003ACF44,0x003ACF4C,8
FUN_003acf54,0x003ACF54,0x003ACF60,12
FUN_003acf60,0x003ACF60,0x003ACF70,16
FUN_003acf88,0x003ACF88,0x003ACF90,8
FUN_003acf98,0x003ACF98,0x003ACFA0,8
FUN_003acfa8,0x003ACFA8,0x003ACFB0,8
FUN_003acff8,0x003ACFF8,0x003AD000,8
FUN_003ad084,0x003AD084,0x003AD090,12
FUN_003addb8,0x003ADDB8,0x003ADDC0,8
FUN_003adfc8,0x003ADFC8,0x003ADFD0,8
FUN_003ae390,0x003AE390,0x003AE39C,12
FUN_003ae3f0,0x003AE3F0,0x003AE3FC,12
FUN_003ae8a8,0x003AE8A8,0x003AE8B0,8
FUN_003ae8cc,0x003AE8CC,0x003AE8D4,8
FUN_003ae8f0,0x003AE8F0,0x003AE8F8,8
FUN_003ae8fc,0x003AE8FC,0x003AE904,8
FUN_003ae974,0x003AE974,0x003AE988,20
FUN_003aea70,0x003AEA70,0x003AEA78,8
FUN_003aea78,0x003AEA78,0x003AEA80,8
FUN_003aeae8,0x003AEAE8,0x003AEB00,24
FUN_003aec48,0x003AEC48,0x003AEC60,24
thunk_EXT_FUN_00000000,0x003AEC68,0x003AEC70,8
thunk_EXT_FUN_00000000_003aec70,0x003AEC70,0x003AEC78,8
FUN_003aec80,0x003AEC80,0x003AEC88,8
FUN_003aec88,0x003AEC88,0x003AEC90,8
FUN_003aec9c,0x003AEC9C,0x003AECA4,8
FUN_003aeca4,0x003AECA4,0x003AECA8,4
FUN_003aed90,0x003AED90,0x003AEDC0,48
FUN_003af018,0x003AF018,0x003AF028,16
FUN_003b2208,0x003B2208,0x003B2214,12
FUN_003b2224,0x003B2224,0x003B2230,12
FUN_003b225c,0x003B225C,0x003B2268,12
FUN_003b2278,0x003B2278,0x003B2284,12
FUN_003b2288,0x003B2288,0x003B22C8,64
FUN_003b353c,0x003B353C,0x003B3544,8
FUN_003b357c,0x003B357C,0x003B3584,8
FUN_003b35bc,0x003B35BC,0x003B35C4,8
FUN_003b35fc,0x003B35FC,0x003B3604,8
FUN_003b363c,0x003B363C,0x003B3644,8
FUN_003b48c0,0x003B48C0,0x003B48C8,8
FUN_003b4a58,0x003B4A58,0x003B4A64,12
FUN_003b5640,0x003B5640,0x003B564C,12
FUN_003b5920,0x003B5920,0x003B5928,8
FUN_003b5d20,0x003B5D20,0x003B5D2C,12
FUN_003b5e30,0x003B5E30,0x003B5E3C,12
FUN_003b5e50,0x003B5E50,0x003B5E58,8
FUN_003b6070,0x003B6070,0x003B607C,12
FUN_003b60f0,0x003B60F0,0x003B60F8,8
FUN_003b6110,0x003B6110,0x003B6118,8
FUN_003b6190,0x003B6190,0x003B6198,8
FUN_003b6390,0x003B6390,0x003B6398,8
FUN_003b6504,0x003B6504,0x003B650C,8
FUN_003b6524,0x003B6524,0x003B652C,8
FUN_003b6540,0x003B6540,0x003B654C,12
FUN_003b6780,0x003B6780,0x003B6788,8
FUN_003b6ae0,0x003B6AE0,0x003B6AEC,12
FUN_003b6ca0,0x003B6CA0,0x003B6CAC,12
FUN_003b6e60,0x003B6E60,0x003B6E6C,12
FUN_003b6f48,0x003B6F48,0x003B6F58,16
FUN_003b9da0,0x003B9DA0,0x003B9DA8,8
FUN_003b9e20,0x003B9E20,0x003B9E28,8
FUN_003ba1d4,0x003BA1D4,0x003BA1E8,20
FUN_003bbe60,0x003BBE60,0x003BBE6C,12
FUN_003bd018,0x003BD018,0x003BD024,12
FUN_003bd034,0x003BD034,0x003BD040,12
FUN_003be490,0x003BE490,0x003BE498,8
FUN_003be880,0x003BE880,0x003BE888,8
FUN_003bed3c,0x003BED3C,0x003BED44,8
FUN_003beee4,0x003BEEE4,0x003BEEEC,8
FUN_003beeec,0x003BEEEC,0x003BEEF4,8
FUN_003bfc70,0x003BFC70,0x003BFC80,16
FUN_003bff08,0x003BFF08,0x003BFF10,8
FUN_003c0120,0x003C0120,0x003C0128,8
FUN_003c0278,0x003C0278,0x003C0284,12
FUN_003c0948,0x003C0948,0x003C0954,12
FUN_003c0b40,0x003C0B40,0x003C0B48,8
FUN_003c0c78,0x003C0C78,0x003C0C80,8
FUN_003c0cd0,0x003C0CD0,0x003C0CE0,16
FUN_003c0d48,0x003C0D48,0x003BEFF0,-7512
FUN_003c0d5c,0x003C0D5C,0x003C0D64,8
FUN_003c0e40,0x003C0E40,0x003C0E50,16
FUN_003c0e78,0x003C0E78,0x003C0E80,8
FUN_003c1648,0x003C1648,0x003C1660,24
FUN_003c19a8,0x003C19A8,0x003C19C0,24
thunk_FUN_00202020,0x003C1F24,0x003C1F2C,8
FUN_003c2020,0x003C2020,0x003C2040,32
FUN_003c20b0,0x003C20B0,0x003C20B8,8
FUN_003c2130,0x003C2130,0x003C2150,32
FUN_003c2378,0x003C2378,0x003C2380,8
FUN_003c23a0,0x003C23A0,0x003C23B0,16
FUN_003c23e0,0x003C23E0,0x003C23FC,28
FUN_003c24d0,0x003C24D0,0x003C24E0,16
FUN_003c2618,0x003C2618,0x003C2620,8
FUN_003c2958,0x003C2958,0x003C2970,24
FUN_003c2a48,0x003C2A48,0x003C2A50,8
FUN_003c2a78,0x003C2A78,0x003C2A80,8
FUN_003c2ab0,0x003C2AB0,0x003C2AB8,8
FUN_003c2ac8,0x003C2AC8,0x003C2AD0,8
FUN_003c2c18,0x003C2C18,0x003C2C24,12
FUN_003c2d78,0x003C2D78,0x003C2D80,8
FUN_003c2e68,0x003C2E68,0x003C2E74,12
FUN_003c2f08,0x003C2F08,0x003C2F10,8
FUN_003c2f70,0x003C2F70,0x003C2F88,24
FUN_003c2fb0,0x003C2FB0,0x003C2FB8,8
FUN_003c3000,0x003C3000,0x003C3008,8
FUN_003c3030,0x003C3030,0x003C3050,32
FUN_003c3130,0x003C3130,0x003C3140,16
FUN_003c3148,0x003C3148,0x003C3150,8
FUN_003c31f8,0x003C31F8,0x003C3200,8
FUN_003c3230,0x003C3230,0x003C3240,16
FUN_003c32a0,0x003C32A0,0x003C32A8,8
FUN_003c32d0,0x003C32D0,0x003C32E0,16
FUN_003c32f8,0x003C32F8,0x003C3300,8
FUN_003c3340,0x003C3340,0x003C3348,8
FUN_003c3370,0x003C3370,0x003C3378,8
FUN_003c3380,0x003C3380,0x003C3388,8
FUN_003c33d8,0x003C33D8,0x003C33F0,24
FUN_003c3458,0x003C3458,0x003C3460,8
FUN_003c3490,0x003C3490,0x003C34A0,16
FUN_003c3530,0x003C3530,0x003C3548,24
FUN_003c3708,0x003C3708,0x003C3710,8
FUN_003c3780,0x003C3780,0x003C3790,16
FUN_003c38d0,0x003C38D0,0x003C38D8,8
FUN_003c3900,0x003C3900,0x003C3908,8
FUN_003c3910,0x003C3910,0x003C3920,16
FUN_003c3930,0x003C3930,0x003C3938,8
FUN_003c3af0,0x003C3AF0,0x003C3AFC,12
FUN_003c3d08,0x003C3D08,0x003C3D18,16
FUN_003c3ee8,0x003C3EE8,0x003C3EF0,8
FUN_003c4120,0x003C4120,0x003C4130,16
FUN_003c4210,0x003C4210,0x003C4220,16
FUN_003c4230,0x003C4230,0x003C4334,260
FUN_003c4430,0x003C4430,0x003C4440,16
FUN_003c46e0,0x003C46E0,0x003C46F0,16
FUN_003c4788,0x003C4788,0x003C4790,8
FUN_003c47f0,0x003C47F0,0x003C47F8,8
FUN_003c4c50,0x003C4C50,0x003C4C58,8
FUN_003c4c5c,0x003C4C5C,0x003C4C7C,32
FUN_003c68b0,0x003C68B0,0x003C68C0,16
FUN_003c68e0,0x003C68E0,0x003C68F0,16
FUN_003c6920,0x003C6920,0x003C6930,16
FUN_003c70c0,0x003C70C0,0x003C70C8,8
FUN_003c70d8,0x003C70D8,0x003C70E0,8
FUN_003c7120,0x003C7120,0x003C7128,8
FUN_003c7200,0x003C7200,0x003C7210,16
FUN_003c7248,0x003C7248,0x003C7250,8
FUN_003c7348,0x003C7348,0x003C7350,8
FUN_003c73d0,0x003C73D0,0x003C73D8,8
FUN_003c74b8,0x003C74B8,0x003C74C0,8
FUN_003c7548,0x003C7548,0x003C7558,16
FUN_003c7590,0x003C7590,0x003C7598,8
FUN_003c75a0,0x003C75A0,0x003C75AC,12
thunk_EXT_FUN_099094e8,0x003C774C,0x003C7754,8
FUN_003c7798,0x003C7798,0x003C77F0,88
FUN_003c7960,0x003C7960,0x003C7970,16
FUN_003c79f0,0x003C79F0,0x003C79FC,12
FUN_003c7a68,0x003C7A68,0x003C7A70,8
FUN_003c7a80,0x003C7A80,0x003C7A88,8
FUN_003c7ad8,0x003C7AD8,0x003C7AE0,8
FUN_003c7bc8,0x003C7BC8,0x003C7BD8,16
FUN_003c7c08,0x003C7C08,0x003C7C10,8
FUN_003c7c20,0x003C7C20,0x003C7C28,8
FUN_003c7cb8,0x003C7CB8,0x003C7CC0,8
FUN_003c7d50,0x003C7D50,0x003C7D58,8
FUN_003c7db0,0x003C7DB0,0x003C7DB8,8
FUN_003c7f40,0x003C7F40,0x003C7F78,56
FUN_003c7fb8,0x003C7FB8,0x003C7FC0,8
FUN_003c7fc8,0x003C7FC8,0x003C7FD0,8
FUN_003c8008,0x003C8008,0x003C8020,24
FUN_003c8070,0x003C8070,0x003C8078,8
FUN_003c80a0,0x003C80A0,0x003C80A8,8
FUN_003c81e0,0x003C81E0,0x003C81F0,16
FUN_003c8220,0x003C8220,0x003C8230,16
FUN_003c8288,0x003C8288,0x003C82B0,40
FUN_003c8370,0x003C8370,0x003C8398,40
FUN_003c83a0,0x003C83A0,0x003C83A8,8
FUN_003c83b0,0x003C83B0,0x003C83B8,8
FUN_003c84b8,0x003C84B8,0x003C84D0,24
FUN_003c8b98,0x003C8B98,0x003C8BAC,20
FUN_003c8bb8,0x003C8BB8,0x003C8BF0,56
FUN_003c8c10,0x003C8C10,0x003C8C28,24
FUN_003c8c68,0x003C8C68,0x003C8C74,12
FUN_003c8d38,0x003C8D38,0x003C8D40,8
FUN_003c8d60,0x003C8D60,0x003C8D70,16
FUN_003c8dc0,0x003C8DC0,0x003C8DD0,16
FUN_003c8de0,0x003C8DE0,0x003C8DE8,8
FUN_003c9320,0x003C9320,0x003C9330,16
FUN_003c9450,0x003C9450,0x003C9458,8
FUN_003c9460,0x003C9460,0x003C9470,16
FUN_003c94c8,0x003C94C8,0x003C94D0,8
FUN_003c95c8,0x003C95C8,0x003C95D8,16
FUN_003c95f8,0x003C95F8,0x003C9600,8
FUN_003c9708,0x003C9708,0x003C9710,8
FUN_003c9718,0x003C9718,0x003C9728,16
FUN_003c9758,0x003C9758,0x003C9768,16
FUN_003c97f0,0x003C97F0,0x003C9808,24
FUN_003c9ca0,0x003C9CA0,0x003C9CA8,8
FUN_003c9ce0,0x003C9CE0,0x003C9CEC,12
FUN_003c9e70,0x003C9E70,0x003C9E88,24
FUN_003c9f50,0x003C9F50,0x003C9F58,8
FUN_003ca0a0,0x003CA0A0,0x003CA0A8,8
FUN_003ca0b8,0x003CA0B8,0x003CA0C8,16
FUN_003ca0d8,0x003CA0D8,0x003CA0F8,32
FUN_003ca100,0x003CA100,0x003CA108,8
FUN_003ca220,0x003CA220,0x003CA228,8
FUN_003ca290,0x003CA290,0x003CA298,8
FUN_003ca2b0,0x003CA2B0,0x003CA2C8,24
FUN_003ca2e0,0x003CA2E0,0x003CA2E8,8
FUN_003ca2f8,0x003CA2F8,0x003CA300,8
FUN_003ca368,0x003CA368,0x003CA370,8
FUN_003ca378,0x003CA378,0x003CA388,16
FUN_003ca438,0x003CA438,0x003CA448,16
FUN_003ca470,0x003CA470,0x003CA478,8
FUN_003ca900,0x003CA900,0x003CA910,16
FUN_003ca928,0x003CA928,0x003CA930,8
FUN_003ca950,0x003CA950,0x003CA958,8
FUN_003cab10,0x003CAB10,0x003CAB18,8
FUN_003cb418,0x003CB418,0x003CB45C,68
FUN_003cb460,0x003CB460,0x003CB478,24
FUN_003cb690,0x003CB690,0x003CB6A0,16
FUN_003cb740,0x003CB740,0x003CB760,32
FUN_003cb760,0x003CB760,0x003CB778,24
FUN_003cb778,0x003CB778,0x003CB798,32
FUN_003cb820,0x003CB820,0x003CB87C,92
FUN_003cb880,0x003CB880,0x003CB8F8,120
FUN_003cba18,0x003CBA18,0x003CBA3C,36
FUN_003cbe50,0x003CBE50,0x003CBE58,8
FUN_003cbf00,0x003CBF00,0x003CBF08,8
FUN_003cc030,0x003CC030,0x003CC040,16
FUN_003cc080,0x003CC080,0x003CC090,16
FUN_003cc0b0,0x003CC0B0,0x003CC0C0,16
FUN_003cc170,0x003CC170,0x003CC178,8
FUN_003cc228,0x003CC228,0x003CC230,8
FUN_003cc2a8,0x003CC2A8,0x003CC2B0,8
FUN_003cc380,0x003CC380,0x003CC390,16
FUN_003cc448,0x003CC448,0x003CC468,32
FUN_003cc4a0,0x003CC4A0,0x003CC4A8,8
FUN_003cc4e8,0x003CC4E8,0x003CC4F0,8
FUN_003cc5e8,0x003CC5E8,0x003CC610,40
FUN_003cc648,0x003CC648,0x003CC650,8
FUN_003cc6f8,0x003CC6F8,0x003CC700,8
thunk_EXT_FUN_08a59894,0x003CCB5C,0x003CCB64,8
FUN_003ccbe0,0x003CCBE0,0x003CCBF0,16
FUN_003ccc38,0x003CCC38,0x003CCC40,8
FUN_003ccc50,0x003CCC50,0x003CCC58,8
FUN_003ccc98,0x003CCC98,0x003CCCA0,8
FUN_003ccd98,0x003CCD98,0x003CCDA0,8
FUN_003cce18,0x003CCE18,0x003CCE20,8
FUN_003cce28,0x003CCE28,0x003CCE30,8
FUN_003cce38,0x003CCE38,0x003CCE50,24
FUN_003cce58,0x003CCE58,0x003CCE68,16
FUN_003ccf00,0x003CCF00,0x003CCF20,32
FUN_003ccf98,0x003CCF98,0x003CCFA0,8
FUN_003ccfc0,0x003CCFC0,0x003CCFE0,32
FUN_003cd148,0x003CD148,0x003CD154,12
FUN_003cd170,0x003CD170,0x003CD17C,12
FUN_003cd1e0,0x003CD1E0,0x003CD1EC,12
FUN_003cd1f8,0x003CD1F8,0x003CD200,8
FUN_003cd210,0x003CD210,0x003CD220,16
FUN_003cd250,0x003CD250,0x003CD260,16
FUN_003cd288,0x003CD288,0x003CD298,16
FUN_003cd2a0,0x003CD2A0,0x003CD2C8,40
FUN_003cd2e0,0x003CD2E0,0x003CD2E8,8
FUN_003cd338,0x003CD338,0x003CD348,16
FUN_003cd350,0x003CD350,0x003CD358,8
FUN_003cd360,0x003CD360,0x003CD36C,12
FUN_003cd380,0x003CD380,0x003CD388,8
FUN_003cd3b0,0x003CD3B0,0x003CD3B8,8
FUN_003cd3c0,0x003CD3C0,0x003CD3C8,8
FUN_003cd3d0,0x003CD3D0,0x003CD3D8,8
FUN_003cd3e0,0x003CD3E0,0x003CD3E8,8
FUN_003cd3f0,0x003CD3F0,0x003CD3FC,12
FUN_003cd440,0x003CD440,0x003CD488,72
FUN_003cd4b8,0x003CD4B8,0x003CD4C0,8
FUN_003cd4e8,0x003CD4E8,0x003CD500,24
FUN_003cd628,0x003CD628,0x003CD630,8
FUN_003cd69c,0x003CD69C,0x003CD6B8,28
FUN_003cd778,0x003CD778,0x003CD780,8
FUN_003ce928,0x003CE928,0x003CE930,8
FUN_003ce9a0,0x003CE9A0,0x003CE9C0,32
FUN_003ceaf0,0x003CEAF0,0x003CEB20,48
FUN_003cf110,0x003CF110,0x003CF120,16
FUN_003cf360,0x003CF360,0x003CF368,8
FUN_003cf370,0x003CF370,0x003CF380,16
FUN_003cf384,0x003CF384,0x003CF398,20
thunk_EXT_FUN_08b8b8b8,0x003CF418,0x003CF420,8
FUN_003cf4f0,0x003CF4F0,0x003CF4FC,12
FUN_003cf500,0x003CF500,0x003CF538,56
FUN_003cf5a0,0x003CF5A0,0x003CF5A8,8
FUN_003cf650,0x003CF650,0x003CF69C,76
FUN_003cf6a8,0x003CF6A8,0x003CF6B4,12
FUN_003cf6f0,0x003CF6F0,0x003CF6F8,8
FUN_003cf6fc,0x003CF6FC,0x003CF708,12
FUN_003cf750,0x003CF750,0x003CF758,8
FUN_003cf75c,0x003CF75C,0x003CF768,12
FUN_003cf768,0x003CF768,0x003CF770,8
FUN_003cf840,0x003CF840,0x003CF884,68
FUN_003cffb0,0x003CFFB0,0x003CFFB8,8
FUN_003d0940,0x003D0940,0x003D0950,16
FUN_003d09c0,0x003D09C0,0x003D09D0,16
FUN_003d09f8,0x003D09F8,0x003D0A00,8
FUN_003d0a18,0x003D0A18,0x003D0A20,8
FUN_003d0c30,0x003D0C30,0x003D0C40,16
FUN_003d0ce0,0x003D0CE0,0x003D0CE8,8
thunk_EXT_FUN_0881cc94,0x003D0D00,0x003D0D08,8
FUN_003d0d10,0x003D0D10,0x003D0D18,8
FUN_003d0d30,0x003D0D30,0x003D0D38,8
FUN_003d0d80,0x003D0D80,0x003D0D88,8
FUN_003d0de4,0x003D0DE4,0x003D0E04,32
FUN_003d0e10,0x003D0E10,0x003D0E18,8
FUN_003d0e30,0x003D0E30,0x003D0E40,16
FUN_003d0e40,0x003D0E40,0x003D0E48,8
FUN_003d0e4c,0x003D0E4C,0x003D0E7C,48
thunk_EXT_FUN_0881a20c,0x003D0EB0,0x003D0EB8,8
FUN_003d0f50,0x003D0F50,0x003D0F58,8
FUN_003d0f68,0x003D0F68,0x003D0F70,8
FUN_003d10d8,0x003D10D8,0x003D10E0,8
FUN_003d1158,0x003D1158,0x003D1160,8
FUN_003d11b0,0x003D11B0,0x003D11C0,16
FUN_003d12a0,0x003D12A0,0x003D12AC,12
FUN_003d16a0,0x003D16A0,0x003D16A8,8
FUN_003d16ac,0x003D16AC,0x003D16CC,32
FUN_003d1910,0x003D1910,0x003D1934,36
FUN_003d1948,0x003D1948,0x003D195C,20
FUN_003d19dc,0x003D19DC,0x003D19EC,16
FUN_003d19f8,0x003D19F8,0x003D1A20,40
FUN_003d1a68,0x003D1A68,0x003D1A78,16
FUN_003d1a80,0x003D1A80,0x003D1A88,8
FUN_003d1aa0,0x003D1AA0,0x003D1AC0,32
FUN_003d1af8,0x003D1AF8,0x003D1B10,24
FUN_003d1dd8,0x003D1DD8,0x003D1E10,56
FUN_003d1e18,0x003D1E18,0x003D1E20,8
FUN_003d1ef0,0x003D1EF0,0x003D1F0C,28
FUN_003d1fe8,0x003D1FE8,0x003CDE20,-16840
FUN_003d2030,0x003D2030,0x003D2038,8
FUN_003d2040,0x003D2040,0x003D2048,8
FUN_003d2088,0x003D2088,0x003D20A0,24
FUN_003d24a8,0x003D24A8,0x003D24B0,8
FUN_003d2500,0x003D2500,0x003D2510,16
FUN_003d29f0,0x003D29F0,0x003D29F8,8
FUN_003d2be0,0x003D2BE0,0x003D2BF0,16
FUN_003d2c90,0x003D2C90,0x003D2CA0,16
FUN_003d2cf8,0x003D2CF8,0x003D2D00,8
FUN_003d2d68,0x003D2D68,0x003D2D70,8
FUN_003d2dd8,0x003D2DD8,0x003D2DE0,8
FUN_003d30e0,0x003D30E0,0x003D30F0,16
FUN_003d3560,0x003D3560,0x003D3570,16
FUN_003d3770,0x003D3770,0x003D3778,8
FUN_003d37a0,0x003D37A0,0x003D37B0,16
FUN_003d37c8,0x003D37C8,0x003D37D8,16
FUN_003d37e0,0x003D37E0,0x003D37F0,16
FUN_003d38e0,0x003D38E0,0x003D38E8,8
FUN_003d3d48,0x003D3D48,0x003D3D58,16
FUN_003d3d68,0x003D3D68,0x003D3D70,8
FUN_003d42a8,0x003D42A8,0x003D42B0,8
FUN_003d42b8,0x003D42B8,0x003D42D8,32
FUN_003d4328,0x003D4328,0x003D4338,16
FUN_003d4340,0x003D4340,0x003D4348,8
FUN_003d4578,0x003D4578,0x003D4588,16
FUN_003d45b0,0x003D45B0,0x003D45B8,8
FUN_003d45c8,0x003D45C8,0x003D45D8,16
FUN_003d45e0,0x003D45E0,0x003D45E8,8
FUN_003d4958,0x003D4958,0x003D4960,8
FUN_003d4968,0x003D4968,0x003D4970,8
FUN_003d4c48,0x003D4C48,0x003D4C60,24
FUN_003d4cd8,0x003D4CD8,0x003D4CE0,8
FUN_003d4e3c,0x003D4E3C,0x003D4E44,8
FUN_003d4eb8,0x003D4EB8,0x003D4EC8,16
FUN_003d4f00,0x003D4F00,0x003D4F10,16
FUN_003d4fe8,0x003D4FE8,0x003D4FF8,16
FUN_003d5080,0x003D5080,0x003D5088,8
FUN_003d53e0,0x003D53E0,0x003D53E8,8
FUN_003d54f8,0x003D54F8,0x003D5508,16
FUN_003d5ce0,0x003D5CE0,0x003D5D00,32
FUN_003d6280,0x003D6280,0x003D62D4,84
FUN_003d62e0,0x003D62E0,0x003D6350,112
FUN_003d6350,0x003D6350,0x003D65C8,632
FUN_003d65d0,0x003D65D0,0x003D6624,84
FUN_003d6630,0x003D6630,0x003D6684,84
FUN_003d6690,0x003D6690,0x003D66E4,84
FUN_003d66f0,0x003D66F0,0x003D6744,84
FUN_003d6750,0x003D6750,0x003D67A4,84
FUN_003d67b0,0x003D67B0,0x003D68B0,256
FUN_003d68b0,0x003D68B0,0x003D6910,96
FUN_003d6910,0x003D6910,0x003D6A90,384
FUN_003d6a90,0x003D6A90,0x003D6B0C,124
FUN_003d6b10,0x003D6B10,0x003D6B64,84
FUN_003d6b70,0x003D6B70,0x003D6BC4,84
FUN_003d6bd0,0x003D6BD0,0x003D6C3C,108
FUN_003d6c40,0x003D6C40,0x003D6CCC,140
FUN_003d6db0,0x003D6DB0,0x003D6E10,96
FUN_003d6e10,0x003D6E10,0x003D6E64,84
FUN_003d6e70,0x003D6E70,0x003D6EC4,84
FUN_003d6ed0,0x003D6ED0,0x003D702C,348
FUN_003d7030,0x003D7030,0x003D713C,268
FUN_003d7140,0x003D7140,0x003D7194,84
FUN_003d71a0,0x003D71A0,0x003D72C8,296
FUN_003d72d0,0x003D72D0,0x003D7324,84
FUN_003d7330,0x003D7330,0x003D7384,84
FUN_003d7390,0x003D7390,0x003D73E4,84
FUN_003d7490,0x003D7490,0x003D74FC,108
FUN_003d7500,0x003D7500,0x003D7554,84
FUN_003d7560,0x003D7560,0x003D75B4,84
FUN_003d75c0,0x003D75C0,0x003D7614,84
FUN_003d7620,0x003D7620,0x003D7674,84
FUN_003d7680,0x003D7680,0x003D76D4,84
FUN_003d76e0,0x003D76E0,0x003D7740,96
FUN_003d7740,0x003D7740,0x003D7794,84
FUN_003d77a0,0x003D77A0,0x003D77F4,84
FUN_003d7800,0x003D7800,0x003D7854,84
FUN_003d7860,0x003D7860,0x003D78C0,96
FUN_003d78c0,0x003D78C0,0x003D7914,84
FUN_003d7920,0x003D7920,0x003D7974,84
FUN_003d7980,0x003D7980,0x003D79D4,84
FUN_003d79e0,0x003D79E0,0x003D7A7C,156
FUN_003d7a80,0x003D7A80,0x003D7AD4,84
FUN_003d7ae0,0x003D7AE0,0x003D7B40,96
FUN_003d7b40,0x003D7B40,0x003D7B94,84
FUN_003d7ba0,0x003D7BA0,0x003D7BF4,84
FUN_003d7c50,0x003D7C50,0x003D7CB8,104
FUN_003d7cc0,0x003D7CC0,0x003D7D14,84
FUN_003d7d20,0x003D7D20,0x003D7D74,84
FUN_003d7d80,0x003D7D80,0x003D7DD0,80
FUN_003d7dd0,0x003D7DD0,0x003D7E24,84
FUN_003d7e30,0x003D7E30,0x003D7E84,84
FUN_003d7e90,0x003D7E90,0x003D7EFC,108
FUN_003d7f00,0x003D7F00,0x003D7FAC,172
FUN_003d7fb0,0x003D7FB0,0x003D8030,128
FUN_003d8030,0x003D8030,0x003D8098,104
FUN_003d80a0,0x003D80A0,0x003D80F4,84
FUN_003d8100,0x003D8100,0x003D815C,92
FUN_003d8160,0x003D8160,0x003D81B4,84
FUN_003d81c0,0x003D81C0,0x003D8214,84
FUN_003d8220,0x003D8220,0x003D8280,96
FUN_003d8280,0x003D8280,0x003D82D4,84
FUN_003d82e0,0x003D82E0,0x003D8334,84
FUN_003d8340,0x003D8340,0x003D8394,84
FUN_003d83a0,0x003D83A0,0x003D83F4,84
FUN_003d8400,0x003D8400,0x003D8454,84
FUN_003d8460,0x003D8460,0x003D84B4,84
FUN_003d84c0,0x003D84C0,0x003D8514,84
FUN_003d8520,0x003D8520,0x003D85CC,172
FUN_003d85d0,0x003D85D0,0x003D8624,84
FUN_003d8630,0x003D8630,0x003D8684,84
FUN_003d8690,0x003D8690,0x003D86EC,92
FUN_003d86f0,0x003D86F0,0x003D8750,96
FUN_003d8750,0x003D8750,0x003D9DB4,5732
FUN_003d9dc0,0x003D9DC0,0x003D9E14,84
FUN_003d9e20,0x003D9E20,0x003D9E74,84
FUN_003d9e80,0x003D9E80,0x003D9ED4,84
FUN_003d9ee0,0x003D9EE0,0x003DA06C,396
FUN_003da070,0x003DA070,0x003DA0DC,108
FUN_003da0e0,0x003DA0E0,0x003DA1B4,212
FUN_003da1c0,0x003DA1C0,0x003DA214,84
FUN_003da220,0x003DA220,0x003DA280,96
FUN_003da280,0x003DA280,0x003DA348,200
FUN_003da350,0x003DA350,0x003DA41C,204
FUN_003da420,0x003DA420,0x003DA4B4,148
FUN_003da4c0,0x003DA4C0,0x003DA540,128
FUN_003da540,0x003DA540,0x003DA594,84
FUN_003da5a0,0x003DA5A0,0x003DA600,96
FUN_003da600,0x003DA600,0x003DA660,96
FUN_003da660,0x003DA660,0x003DA6B4,84
FUN_003da6c0,0x003DA6C0,0x003DA714,84
FUN_003da720,0x003DA720,0x003DA774,84
FUN_003da780,0x003DA780,0x003DA7D4,84
FUN_003da7e0,0x003DA7E0,0x003DA844,100
FUN_003da850,0x003DA850,0x003DA8A4,84
FUN_003da8b0,0x003DA8B0,0x003DA904,84
FUN_003da910,0x003DA910,0x003DA964,84
FUN_003da970,0x003DA970,0x003DA9C4,84
FUN_003da9d0,0x003DA9D0,0x003DAA24,84
FUN_003daa30,0x003DAA30,0x003DBE54,5156
FUN_003dbe60,0x003DBE60,0x003DBF00,160
FUN_003dbf00,0x003DBF00,0x003DBF54,84
FUN_003dbf60,0x003DBF60,0x003DBFC0,96
FUN_003dbfc0,0x003DBFC0,0x003DC034,116
FUN_003dc040,0x003DC040,0x003DC0F4,180
FUN_003dc100,0x003DC100,0x003DC154,84
FUN_003dc160,0x003DC160,0x003DC1B4,84
FUN_003dc1c0,0x003DC1C0,0x003DC224,100
FUN_003dc230,0x003DC230,0x003DC2D8,168
FUN_003dc2e0,0x003DC2E0,0x003DC334,84
FUN_003dc340,0x003DC340,0x003DC39C,92
FUN_003dc3a0,0x003DC3A0,0x003DC3F4,84
FUN_003dc400,0x003DC400,0x003DC454,84
FUN_003dc460,0x003DC460,0x003DC4B4,84
FUN_003dc4c0,0x003DC4C0,0x003DC514,84
FUN_003dc520,0x003DC520,0x003DC574,84
FUN_003dc580,0x003DC580,0x003DC5E0,96
FUN_003dc5e0,0x003DC5E0,0x003DC634,84
FUN_003dc640,0x003DC640,0x003DC694,84
FUN_003dc6a0,0x003DC6A0,0x003DC6F4,84
FUN_003dc700,0x003DC700,0x003DC778,120
FUN_003dc780,0x003DC780,0x003DC7D4,84
FUN_003dc7e0,0x003DC7E0,0x003DC834,84
FUN_003dc840,0x003DC840,0x003DC894,84
FUN_003dc8a0,0x003DC8A0,0x003DC8F4,84
FUN_003dc900,0x003DC900,0x003DC954,84
FUN_003dc960,0x003DC960,0x003DC9B4,84
FUN_003dc9c0,0x003DC9C0,0x003DCAB0,240
FUN_003dcab0,0x003DCAB0,0x003DCB68,184
FUN_003dcb70,0x003DCB70,0x003DCBC4,84
FUN_003dcc30,0x003DCC30,0x003DCC84,84
FUN_003dcc90,0x003DCC90,0x003DCCE4,84
FUN_003dccf0,0x003DCCF0,0x003DCD44,84
FUN_003dcd50,0x003DCD50,0x003DCDA4,84
FUN_003dcdb0,0x003DCDB0,0x003DCE04,84
FUN_003dce10,0x003DCE10,0x003DCE64,84
FUN_003dce70,0x003DCE70,0x003DCEC4,84
FUN_003dced0,0x003DCED0,0x003DCF24,84
FUN_003dcf30,0x003DCF30,0x003DCF84,84
FUN_003dcf90,0x003DCF90,0x003DCFE4,84
FUN_003dcff0,0x003DCFF0,0x003DD044,84
FUN_003dd050,0x003DD050,0x003DD0CC,124
FUN_003dd0d0,0x003DD0D0,0x003DD138,104
FUN_003dd140,0x003DD140,0x003DD194,84
FUN_003dd1a0,0x003DD1A0,0x003DD1F4,84
FUN_003dd200,0x003DD200,0x003DD254,84
FUN_003dd260,0x003DD260,0x003DD2B4,84
FUN_003dd2c0,0x003DD2C0,0x003DD314,84
FUN_003dd320,0x003DD320,0x003DD384,100
FUN_003dd390,0x003DD390,0x003DD3E4,84
